******************************-----------******************************
working on repo university_bharath ........ 
************* Processing for branch: Branch-Release-v1.0 *************
M	app/Vendor/Facebook/Facebook.php
M	app/webroot/img/Loader.gif
branch 'Branch-Release-v1.0' set up to track 'origin/Branch-Release-v1.0'.
File 'bitbucket-pipelines.yml' exists in repo: university_bharath on branch: Branch-Release-v1.0
************* Processing for branch: Branch-Release-v1.0-BKP *************
M	app/Vendor/Facebook/Facebook.php
M	app/webroot/img/Loader.gif
branch 'Branch-Release-v1.0-BKP' set up to track 'origin/Branch-Release-v1.0-BKP'.
File 'bitbucket-pipelines.yml' exists in repo: university_bharath on branch: Branch-Release-v1.0-BKP
************* Processing for branch: bharath_dev *************
M	app/Vendor/Facebook/Facebook.php
M	app/webroot/img/Loader.gif
branch 'bharath_dev' set up to track 'origin/bharath_dev'.
File 'bitbucket-pipelines.yml' exists in repo: university_bharath on branch: bharath_dev
Cleanup completed... for university_bharath
******************************-----------******************************
working on repo pedagogy ........ 
************* Processing for branch: bugfix.hp/admin-bug-fixes *************
branch 'bugfix.hp/admin-bug-fixes' set up to track 'origin/bugfix.hp/admin-bug-fixes'.
File 'bitbucket-pipelines.yml' exists in repo: pedagogy on branch: bugfix.hp/admin-bug-fixes
************* Processing for branch: develop *************
branch 'develop' set up to track 'origin/develop'.
File 'bitbucket-pipelines.yml' does NOT exist in repo: pedagogy on branch: develop
************* Processing for branch: featire.sg/alow-origin-prod *************
branch 'featire.sg/alow-origin-prod' set up to track 'origin/featire.sg/alow-origin-prod'.
File 'bitbucket-pipelines.yml' exists in repo: pedagogy on branch: featire.sg/alow-origin-prod
************* Processing for branch: featur.ar/signupemail *************
branch 'featur.ar/signupemail' set up to track 'origin/featur.ar/signupemail'.
File 'bitbucket-pipelines.yml' exists in repo: pedagogy on branch: featur.ar/signupemail
************* Processing for branch: feature.aa/apis *************
branch 'feature.aa/apis' set up to track 'origin/feature.aa/apis'.
File 'bitbucket-pipelines.yml' exists in repo: pedagogy on branch: feature.aa/apis
************* Processing for branch: feature.aa/common *************
branch 'feature.aa/common' set up to track 'origin/feature.aa/common'.
File 'bitbucket-pipelines.yml' exists in repo: pedagogy on branch: feature.aa/common
************* Processing for branch: feature.aa/common-branch *************
branch 'feature.aa/common-branch' set up to track 'origin/feature.aa/common-branch'.
File 'bitbucket-pipelines.yml' exists in repo: pedagogy on branch: feature.aa/common-branch
************* Processing for branch: feature.aa/cron *************
branch 'feature.aa/cron' set up to track 'origin/feature.aa/cron'.
File 'bitbucket-pipelines.yml' exists in repo: pedagogy on branch: feature.aa/cron
************* Processing for branch: feature.aa/fixes *************
branch 'feature.aa/fixes' set up to track 'origin/feature.aa/fixes'.
File 'bitbucket-pipelines.yml' exists in repo: pedagogy on branch: feature.aa/fixes
************* Processing for branch: feature.aa/image-fix *************
branch 'feature.aa/image-fix' set up to track 'origin/feature.aa/image-fix'.
File 'bitbucket-pipelines.yml' exists in repo: pedagogy on branch: feature.aa/image-fix
************* Processing for branch: feature.aa/kafka *************
branch 'feature.aa/kafka' set up to track 'origin/feature.aa/kafka'.
File 'bitbucket-pipelines.yml' exists in repo: pedagogy on branch: feature.aa/kafka
************* Processing for branch: feature.aa/webinar *************
branch 'feature.aa/webinar' set up to track 'origin/feature.aa/webinar'.
File 'bitbucket-pipelines.yml' exists in repo: pedagogy on branch: feature.aa/webinar
************* Processing for branch: feature.am/aadhaar-enrollment-common *************
branch 'feature.am/aadhaar-enrollment-common' set up to track 'origin/feature.am/aadhaar-enrollment-common'.
File 'bitbucket-pipelines.yml' exists in repo: pedagogy on branch: feature.am/aadhaar-enrollment-common
************* Processing for branch: feature.am/aadhaar-validation *************
branch 'feature.am/aadhaar-validation' set up to track 'origin/feature.am/aadhaar-validation'.
File 'bitbucket-pipelines.yml' exists in repo: pedagogy on branch: feature.am/aadhaar-validation
************* Processing for branch: feature.am/andhra-aadhaar *************
branch 'feature.am/andhra-aadhaar' set up to track 'origin/feature.am/andhra-aadhaar'.
File 'bitbucket-pipelines.yml' exists in repo: pedagogy on branch: feature.am/andhra-aadhaar
************* Processing for branch: feature.am/attendance-redis-impl-aadhaar *************
branch 'feature.am/attendance-redis-impl-aadhaar' set up to track 'origin/feature.am/attendance-redis-impl-aadhaar'.
File 'bitbucket-pipelines.yml' exists in repo: pedagogy on branch: feature.am/attendance-redis-impl-aadhaar
************* Processing for branch: feature.am/auth-token-roles-added *************
branch 'feature.am/auth-token-roles-added' set up to track 'origin/feature.am/auth-token-roles-added'.
File 'bitbucket-pipelines.yml' exists in repo: pedagogy on branch: feature.am/auth-token-roles-added
************* Processing for branch: feature.am/common-aadhaar-latest *************
branch 'feature.am/common-aadhaar-latest' set up to track 'origin/feature.am/common-aadhaar-latest'.
File 'bitbucket-pipelines.yml' exists in repo: pedagogy on branch: feature.am/common-aadhaar-latest
************* Processing for branch: feature.am/commondev-dypatil *************
branch 'feature.am/commondev-dypatil' set up to track 'origin/feature.am/commondev-dypatil'.
File 'bitbucket-pipelines.yml' exists in repo: pedagogy on branch: feature.am/commondev-dypatil
************* Processing for branch: feature.am/content-upload-uuid *************
branch 'feature.am/content-upload-uuid' set up to track 'origin/feature.am/content-upload-uuid'.
File 'bitbucket-pipelines.yml' exists in repo: pedagogy on branch: feature.am/content-upload-uuid
************* Processing for branch: feature.am/dypatil-aadhaar-auth *************
branch 'feature.am/dypatil-aadhaar-auth' set up to track 'origin/feature.am/dypatil-aadhaar-auth'.
File 'bitbucket-pipelines.yml' exists in repo: pedagogy on branch: feature.am/dypatil-aadhaar-auth
************* Processing for branch: feature.am/dypatil-aadhaar-latest *************
branch 'feature.am/dypatil-aadhaar-latest' set up to track 'origin/feature.am/dypatil-aadhaar-latest'.
File 'bitbucket-pipelines.yml' exists in repo: pedagogy on branch: feature.am/dypatil-aadhaar-latest
************* Processing for branch: feature.am/kuk-aadhaar *************
branch 'feature.am/kuk-aadhaar' set up to track 'origin/feature.am/kuk-aadhaar'.
File 'bitbucket-pipelines.yml' exists in repo: pedagogy on branch: feature.am/kuk-aadhaar
************* Processing for branch: feature.am/profiling-changes *************
branch 'feature.am/profiling-changes' set up to track 'origin/feature.am/profiling-changes'.
File 'bitbucket-pipelines.yml' exists in repo: pedagogy on branch: feature.am/profiling-changes
************* Processing for branch: feature.am/uuid-in-content-upload *************
branch 'feature.am/uuid-in-content-upload' set up to track 'origin/feature.am/uuid-in-content-upload'.
File 'bitbucket-pipelines.yml' exists in repo: pedagogy on branch: feature.am/uuid-in-content-upload
************* Processing for branch: feature.am/vgu-aadhaar *************
branch 'feature.am/vgu-aadhaar' set up to track 'origin/feature.am/vgu-aadhaar'.
File 'bitbucket-pipelines.yml' exists in repo: pedagogy on branch: feature.am/vgu-aadhaar
************* Processing for branch: feature.ar/activitytypefilter *************
branch 'feature.ar/activitytypefilter' set up to track 'origin/feature.ar/activitytypefilter'.
File 'bitbucket-pipelines.yml' exists in repo: pedagogy on branch: feature.ar/activitytypefilter
************* Processing for branch: feature.ar/andhra-attendance-duplication *************
branch 'feature.ar/andhra-attendance-duplication' set up to track 'origin/feature.ar/andhra-attendance-duplication'.
File 'bitbucket-pipelines.yml' exists in repo: pedagogy on branch: feature.ar/andhra-attendance-duplication
************* Processing for branch: feature.ar/andhra-attendance-redis-impl *************
branch 'feature.ar/andhra-attendance-redis-impl' set up to track 'origin/feature.ar/andhra-attendance-redis-impl'.
File 'bitbucket-pipelines.yml' exists in repo: pedagogy on branch: feature.ar/andhra-attendance-redis-impl
************* Processing for branch: feature.ar/andhra-kafka *************
branch 'feature.ar/andhra-kafka' set up to track 'origin/feature.ar/andhra-kafka'.
File 'bitbucket-pipelines.yml' exists in repo: pedagogy on branch: feature.ar/andhra-kafka
************* Processing for branch: feature.ar/andhra-kafka-assignment-scores *************
branch 'feature.ar/andhra-kafka-assignment-scores' set up to track 'origin/feature.ar/andhra-kafka-assignment-scores'.
File 'bitbucket-pipelines.yml' exists in repo: pedagogy on branch: feature.ar/andhra-kafka-assignment-scores
************* Processing for branch: feature.ar/andhra-logout *************
branch 'feature.ar/andhra-logout' set up to track 'origin/feature.ar/andhra-logout'.
File 'bitbucket-pipelines.yml' exists in repo: pedagogy on branch: feature.ar/andhra-logout
************* Processing for branch: feature.ar/andhra-max-connections-updated *************
branch 'feature.ar/andhra-max-connections-updated' set up to track 'origin/feature.ar/andhra-max-connections-updated'.
File 'bitbucket-pipelines.yml' exists in repo: pedagogy on branch: feature.ar/andhra-max-connections-updated
************* Processing for branch: feature.ar/andhra-mobile-deploy *************
branch 'feature.ar/andhra-mobile-deploy' set up to track 'origin/feature.ar/andhra-mobile-deploy'.
File 'bitbucket-pipelines.yml' exists in repo: pedagogy on branch: feature.ar/andhra-mobile-deploy
************* Processing for branch: feature.ar/andhra-mobile-notifications *************
branch 'feature.ar/andhra-mobile-notifications' set up to track 'origin/feature.ar/andhra-mobile-notifications'.
File 'bitbucket-pipelines.yml' exists in repo: pedagogy on branch: feature.ar/andhra-mobile-notifications
************* Processing for branch: feature.ar/andhra-mobile-prod *************
branch 'feature.ar/andhra-mobile-prod' set up to track 'origin/feature.ar/andhra-mobile-prod'.
File 'bitbucket-pipelines.yml' exists in repo: pedagogy on branch: feature.ar/andhra-mobile-prod
************* Processing for branch: feature.ar/andhra-notifications *************
branch 'feature.ar/andhra-notifications' set up to track 'origin/feature.ar/andhra-notifications'.
File 'bitbucket-pipelines.yml' exists in repo: pedagogy on branch: feature.ar/andhra-notifications
************* Processing for branch: feature.ar/andhra-notifications-prod *************
branch 'feature.ar/andhra-notifications-prod' set up to track 'origin/feature.ar/andhra-notifications-prod'.
File 'bitbucket-pipelines.yml' exists in repo: pedagogy on branch: feature.ar/andhra-notifications-prod
************* Processing for branch: feature.ar/andhra-payment-notifications *************
branch 'feature.ar/andhra-payment-notifications' set up to track 'origin/feature.ar/andhra-payment-notifications'.
File 'bitbucket-pipelines.yml' exists in repo: pedagogy on branch: feature.ar/andhra-payment-notifications
************* Processing for branch: feature.ar/andhra-referral-popup *************
branch 'feature.ar/andhra-referral-popup' set up to track 'origin/feature.ar/andhra-referral-popup'.
File 'bitbucket-pipelines.yml' exists in repo: pedagogy on branch: feature.ar/andhra-referral-popup
************* Processing for branch: feature.ar/andhra-reports-revert *************
branch 'feature.ar/andhra-reports-revert' set up to track 'origin/feature.ar/andhra-reports-revert'.
File 'bitbucket-pipelines.yml' exists in repo: pedagogy on branch: feature.ar/andhra-reports-revert
************* Processing for branch: feature.ar/andhra-subject-fix *************
branch 'feature.ar/andhra-subject-fix' set up to track 'origin/feature.ar/andhra-subject-fix'.
File 'bitbucket-pipelines.yml' exists in repo: pedagogy on branch: feature.ar/andhra-subject-fix
************* Processing for branch: feature.ar/andhra-subject-listing *************
branch 'feature.ar/andhra-subject-listing' set up to track 'origin/feature.ar/andhra-subject-listing'.
File 'bitbucket-pipelines.yml' exists in repo: pedagogy on branch: feature.ar/andhra-subject-listing
************* Processing for branch: feature.ar/assignment-score *************
branch 'feature.ar/assignment-score' set up to track 'origin/feature.ar/assignment-score'.
File 'bitbucket-pipelines.yml' exists in repo: pedagogy on branch: feature.ar/assignment-score
************* Processing for branch: feature.ar/assignment-scores *************
branch 'feature.ar/assignment-scores' set up to track 'origin/feature.ar/assignment-scores'.
File 'bitbucket-pipelines.yml' exists in repo: pedagogy on branch: feature.ar/assignment-scores
************* Processing for branch: feature.ar/assignment-scores-report *************
branch 'feature.ar/assignment-scores-report' set up to track 'origin/feature.ar/assignment-scores-report'.
File 'bitbucket-pipelines.yml' exists in repo: pedagogy on branch: feature.ar/assignment-scores-report
************* Processing for branch: feature.ar/assignmentmarksfetched *************
branch 'feature.ar/assignmentmarksfetched' set up to track 'origin/feature.ar/assignmentmarksfetched'.
File 'bitbucket-pipelines.yml' exists in repo: pedagogy on branch: feature.ar/assignmentmarksfetched
************* Processing for branch: feature.ar/atlas *************
branch 'feature.ar/atlas' set up to track 'origin/feature.ar/atlas'.
File 'bitbucket-pipelines.yml' exists in repo: pedagogy on branch: feature.ar/atlas
************* Processing for branch: feature.ar/atlas-authentication *************
branch 'feature.ar/atlas-authentication' set up to track 'origin/feature.ar/atlas-authentication'.
File 'bitbucket-pipelines.yml' exists in repo: pedagogy on branch: feature.ar/atlas-authentication
************* Processing for branch: feature.ar/atlas-authentication-plag *************
branch 'feature.ar/atlas-authentication-plag' set up to track 'origin/feature.ar/atlas-authentication-plag'.
File 'bitbucket-pipelines.yml' exists in repo: pedagogy on branch: feature.ar/atlas-authentication-plag
************* Processing for branch: feature.ar/attendance-redis-impl *************
branch 'feature.ar/attendance-redis-impl' set up to track 'origin/feature.ar/attendance-redis-impl'.
File 'bitbucket-pipelines.yml' exists in repo: pedagogy on branch: feature.ar/attendance-redis-impl
************* Processing for branch: feature.ar/auth-check *************
branch 'feature.ar/auth-check' set up to track 'origin/feature.ar/auth-check'.
File 'bitbucket-pipelines.yml' exists in repo: pedagogy on branch: feature.ar/auth-check
************* Processing for branch: feature.ar/auth-test *************
branch 'feature.ar/auth-test' set up to track 'origin/feature.ar/auth-test'.
File 'bitbucket-pipelines.yml' exists in repo: pedagogy on branch: feature.ar/auth-test
************* Processing for branch: feature.ar/backup-zoom-changes *************
branch 'feature.ar/backup-zoom-changes' set up to track 'origin/feature.ar/backup-zoom-changes'.
File 'bitbucket-pipelines.yml' exists in repo: pedagogy on branch: feature.ar/backup-zoom-changes
************* Processing for branch: feature.ar/banners *************
branch 'feature.ar/banners' set up to track 'origin/feature.ar/banners'.
File 'bitbucket-pipelines.yml' exists in repo: pedagogy on branch: feature.ar/banners
************* Processing for branch: feature.ar/banners-api *************
branch 'feature.ar/banners-api' set up to track 'origin/feature.ar/banners-api'.
File 'bitbucket-pipelines.yml' exists in repo: pedagogy on branch: feature.ar/banners-api
************* Processing for branch: feature.ar/centurian-attendance-redis *************
branch 'feature.ar/centurian-attendance-redis' set up to track 'origin/feature.ar/centurian-attendance-redis'.
File 'bitbucket-pipelines.yml' exists in repo: pedagogy on branch: feature.ar/centurian-attendance-redis
************* Processing for branch: feature.ar/centurian-subject-fix *************
branch 'feature.ar/centurian-subject-fix' set up to track 'origin/feature.ar/centurian-subject-fix'.
File 'bitbucket-pipelines.yml' exists in repo: pedagogy on branch: feature.ar/centurian-subject-fix
************* Processing for branch: feature.ar/centurion-mobile-branch *************
branch 'feature.ar/centurion-mobile-branch' set up to track 'origin/feature.ar/centurion-mobile-branch'.
File 'bitbucket-pipelines.yml' exists in repo: pedagogy on branch: feature.ar/centurion-mobile-branch
************* Processing for branch: feature.ar/centurion-referral-popup *************
branch 'feature.ar/centurion-referral-popup' set up to track 'origin/feature.ar/centurion-referral-popup'.
File 'bitbucket-pipelines.yml' exists in repo: pedagogy on branch: feature.ar/centurion-referral-popup
************* Processing for branch: feature.ar/centurion-subject-listing *************
branch 'feature.ar/centurion-subject-listing' set up to track 'origin/feature.ar/centurion-subject-listing'.
File 'bitbucket-pipelines.yml' exists in repo: pedagogy on branch: feature.ar/centurion-subject-listing
************* Processing for branch: feature.ar/chandigarh-signup-email *************
branch 'feature.ar/chandigarh-signup-email' set up to track 'origin/feature.ar/chandigarh-signup-email'.
File 'bitbucket-pipelines.yml' exists in repo: pedagogy on branch: feature.ar/chandigarh-signup-email
************* Processing for branch: feature.ar/chandigarh-subject-fix *************
branch 'feature.ar/chandigarh-subject-fix' set up to track 'origin/feature.ar/chandigarh-subject-fix'.
File 'bitbucket-pipelines.yml' exists in repo: pedagogy on branch: feature.ar/chandigarh-subject-fix
************* Processing for branch: feature.ar/chandigarh-subject-listing *************
branch 'feature.ar/chandigarh-subject-listing' set up to track 'origin/feature.ar/chandigarh-subject-listing'.
File 'bitbucket-pipelines.yml' exists in repo: pedagogy on branch: feature.ar/chandigarh-subject-listing
************* Processing for branch: feature.ar/common-branch *************
branch 'feature.ar/common-branch' set up to track 'origin/feature.ar/common-branch'.
File 'bitbucket-pipelines.yml' exists in repo: pedagogy on branch: feature.ar/common-branch
************* Processing for branch: feature.ar/common-dev-be *************
branch 'feature.ar/common-dev-be' set up to track 'origin/feature.ar/common-dev-be'.
File 'bitbucket-pipelines.yml' exists in repo: pedagogy on branch: feature.ar/common-dev-be
************* Processing for branch: feature.ar/common-dev-db-test *************
branch 'feature.ar/common-dev-db-test' set up to track 'origin/feature.ar/common-dev-db-test'.
File 'bitbucket-pipelines.yml' exists in repo: pedagogy on branch: feature.ar/common-dev-db-test
************* Processing for branch: feature.ar/common-mobile-dyp *************
branch 'feature.ar/common-mobile-dyp' set up to track 'origin/feature.ar/common-mobile-dyp'.
File 'bitbucket-pipelines.yml' exists in repo: pedagogy on branch: feature.ar/common-mobile-dyp
************* Processing for branch: feature.ar/common-redis-attendance-impl *************
branch 'feature.ar/common-redis-attendance-impl' set up to track 'origin/feature.ar/common-redis-attendance-impl'.
File 'bitbucket-pipelines.yml' exists in repo: pedagogy on branch: feature.ar/common-redis-attendance-impl
************* Processing for branch: feature.ar/common-referral-popup *************
branch 'feature.ar/common-referral-popup' set up to track 'origin/feature.ar/common-referral-popup'.
File 'bitbucket-pipelines.yml' exists in repo: pedagogy on branch: feature.ar/common-referral-popup
************* Processing for branch: feature.ar/common-subject-fix *************
branch 'feature.ar/common-subject-fix' set up to track 'origin/feature.ar/common-subject-fix'.
File 'bitbucket-pipelines.yml' exists in repo: pedagogy on branch: feature.ar/common-subject-fix
************* Processing for branch: feature.ar/common-subject-listing *************
branch 'feature.ar/common-subject-listing' set up to track 'origin/feature.ar/common-subject-listing'.
File 'bitbucket-pipelines.yml' exists in repo: pedagogy on branch: feature.ar/common-subject-listing
************* Processing for branch: feature.ar/content-fix *************
branch 'feature.ar/content-fix' set up to track 'origin/feature.ar/content-fix'.
File 'bitbucket-pipelines.yml' exists in repo: pedagogy on branch: feature.ar/content-fix
************* Processing for branch: feature.ar/cu-app-release *************
branch 'feature.ar/cu-app-release' set up to track 'origin/feature.ar/cu-app-release'.
File 'bitbucket-pipelines.yml' exists in repo: pedagogy on branch: feature.ar/cu-app-release
************* Processing for branch: feature.ar/cu-attendance-duplication-check *************
branch 'feature.ar/cu-attendance-duplication-check' set up to track 'origin/feature.ar/cu-attendance-duplication-check'.
File 'bitbucket-pipelines.yml' exists in repo: pedagogy on branch: feature.ar/cu-attendance-duplication-check
************* Processing for branch: feature.ar/cu-attendance-redis *************
branch 'feature.ar/cu-attendance-redis' set up to track 'origin/feature.ar/cu-attendance-redis'.
File 'bitbucket-pipelines.yml' exists in repo: pedagogy on branch: feature.ar/cu-attendance-redis
************* Processing for branch: feature.ar/cu-auth-check *************
branch 'feature.ar/cu-auth-check' set up to track 'origin/feature.ar/cu-auth-check'.
File 'bitbucket-pipelines.yml' exists in repo: pedagogy on branch: feature.ar/cu-auth-check
************* Processing for branch: feature.ar/cu-kafka-assignment-scores *************
branch 'feature.ar/cu-kafka-assignment-scores' set up to track 'origin/feature.ar/cu-kafka-assignment-scores'.
File 'bitbucket-pipelines.yml' exists in repo: pedagogy on branch: feature.ar/cu-kafka-assignment-scores
************* Processing for branch: feature.ar/cu-mobile-app *************
branch 'feature.ar/cu-mobile-app' set up to track 'origin/feature.ar/cu-mobile-app'.
File 'bitbucket-pipelines.yml' exists in repo: pedagogy on branch: feature.ar/cu-mobile-app
************* Processing for branch: feature.ar/cu-mobile-release *************
branch 'feature.ar/cu-mobile-release' set up to track 'origin/feature.ar/cu-mobile-release'.
File 'bitbucket-pipelines.yml' exists in repo: pedagogy on branch: feature.ar/cu-mobile-release
************* Processing for branch: feature.ar/cu-payment-notifications *************
branch 'feature.ar/cu-payment-notifications' set up to track 'origin/feature.ar/cu-payment-notifications'.
File 'bitbucket-pipelines.yml' exists in repo: pedagogy on branch: feature.ar/cu-payment-notifications
************* Processing for branch: feature.ar/cu-referral-popup *************
branch 'feature.ar/cu-referral-popup' set up to track 'origin/feature.ar/cu-referral-popup'.
File 'bitbucket-pipelines.yml' exists in repo: pedagogy on branch: feature.ar/cu-referral-popup
************* Processing for branch: feature.ar/dev-deploy *************
branch 'feature.ar/dev-deploy' set up to track 'origin/feature.ar/dev-deploy'.
File 'bitbucket-pipelines.yml' exists in repo: pedagogy on branch: feature.ar/dev-deploy
************* Processing for branch: feature.ar/develop-backup *************
branch 'feature.ar/develop-backup' set up to track 'origin/feature.ar/develop-backup'.
File 'bitbucket-pipelines.yml' exists in repo: pedagogy on branch: feature.ar/develop-backup
************* Processing for branch: feature.ar/dy-kafka-assignment-scores *************
branch 'feature.ar/dy-kafka-assignment-scores' set up to track 'origin/feature.ar/dy-kafka-assignment-scores'.
File 'bitbucket-pipelines.yml' exists in repo: pedagogy on branch: feature.ar/dy-kafka-assignment-scores
************* Processing for branch: feature.ar/dy-logout-impl *************
branch 'feature.ar/dy-logout-impl' set up to track 'origin/feature.ar/dy-logout-impl'.
File 'bitbucket-pipelines.yml' exists in repo: pedagogy on branch: feature.ar/dy-logout-impl
************* Processing for branch: feature.ar/dyp-learning-hour-report *************
branch 'feature.ar/dyp-learning-hour-report' set up to track 'origin/feature.ar/dyp-learning-hour-report'.
File 'bitbucket-pipelines.yml' exists in repo: pedagogy on branch: feature.ar/dyp-learning-hour-report
************* Processing for branch: feature.ar/dyp-liquibase-impl *************
branch 'feature.ar/dyp-liquibase-impl' set up to track 'origin/feature.ar/dyp-liquibase-impl'.
File 'bitbucket-pipelines.yml' exists in repo: pedagogy on branch: feature.ar/dyp-liquibase-impl
************* Processing for branch: feature.ar/dyp-logout *************
branch 'feature.ar/dyp-logout' set up to track 'origin/feature.ar/dyp-logout'.
File 'bitbucket-pipelines.yml' exists in repo: pedagogy on branch: feature.ar/dyp-logout
************* Processing for branch: feature.ar/dyp-logout-cors *************
branch 'feature.ar/dyp-logout-cors' set up to track 'origin/feature.ar/dyp-logout-cors'.
File 'bitbucket-pipelines.yml' exists in repo: pedagogy on branch: feature.ar/dyp-logout-cors
************* Processing for branch: feature.ar/dyp-user-acesss-logs *************
branch 'feature.ar/dyp-user-acesss-logs' set up to track 'origin/feature.ar/dyp-user-acesss-logs'.
File 'bitbucket-pipelines.yml' exists in repo: pedagogy on branch: feature.ar/dyp-user-acesss-logs
************* Processing for branch: feature.ar/dypatil-aadhaar-notification *************
branch 'feature.ar/dypatil-aadhaar-notification' set up to track 'origin/feature.ar/dypatil-aadhaar-notification'.
File 'bitbucket-pipelines.yml' exists in repo: pedagogy on branch: feature.ar/dypatil-aadhaar-notification
************* Processing for branch: feature.ar/dypatil-attendance-dulpication-check *************
branch 'feature.ar/dypatil-attendance-dulpication-check' set up to track 'origin/feature.ar/dypatil-attendance-dulpication-check'.
File 'bitbucket-pipelines.yml' exists in repo: pedagogy on branch: feature.ar/dypatil-attendance-dulpication-check
************* Processing for branch: feature.ar/dypatil-notification-multiple-devices *************
branch 'feature.ar/dypatil-notification-multiple-devices' set up to track 'origin/feature.ar/dypatil-notification-multiple-devices'.
File 'bitbucket-pipelines.yml' exists in repo: pedagogy on branch: feature.ar/dypatil-notification-multiple-devices
************* Processing for branch: feature.ar/dypatil-notifications *************
branch 'feature.ar/dypatil-notifications' set up to track 'origin/feature.ar/dypatil-notifications'.
File 'bitbucket-pipelines.yml' exists in repo: pedagogy on branch: feature.ar/dypatil-notifications
************* Processing for branch: feature.ar/dypatil-referral *************
branch 'feature.ar/dypatil-referral' set up to track 'origin/feature.ar/dypatil-referral'.
File 'bitbucket-pipelines.yml' exists in repo: pedagogy on branch: feature.ar/dypatil-referral
************* Processing for branch: feature.ar/dypatil-semesterdata *************
branch 'feature.ar/dypatil-semesterdata' set up to track 'origin/feature.ar/dypatil-semesterdata'.
File 'bitbucket-pipelines.yml' exists in repo: pedagogy on branch: feature.ar/dypatil-semesterdata
************* Processing for branch: feature.ar/dypatil-subject-fix *************
branch 'feature.ar/dypatil-subject-fix' set up to track 'origin/feature.ar/dypatil-subject-fix'.
File 'bitbucket-pipelines.yml' exists in repo: pedagogy on branch: feature.ar/dypatil-subject-fix
************* Processing for branch: feature.ar/dypatil-subject-listing *************
branch 'feature.ar/dypatil-subject-listing' set up to track 'origin/feature.ar/dypatil-subject-listing'.
File 'bitbucket-pipelines.yml' exists in repo: pedagogy on branch: feature.ar/dypatil-subject-listing
************* Processing for branch: feature.ar/email-bcc *************
branch 'feature.ar/email-bcc' set up to track 'origin/feature.ar/email-bcc'.
File 'bitbucket-pipelines.yml' exists in repo: pedagogy on branch: feature.ar/email-bcc
************* Processing for branch: feature.ar/fetch-user-subject *************
branch 'feature.ar/fetch-user-subject' set up to track 'origin/feature.ar/fetch-user-subject'.
File 'bitbucket-pipelines.yml' exists in repo: pedagogy on branch: feature.ar/fetch-user-subject
************* Processing for branch: feature.ar/find-s3 *************
branch 'feature.ar/find-s3' set up to track 'origin/feature.ar/find-s3'.
File 'bitbucket-pipelines.yml' exists in repo: pedagogy on branch: feature.ar/find-s3
************* Processing for branch: feature.ar/graded-assignments *************
branch 'feature.ar/graded-assignments' set up to track 'origin/feature.ar/graded-assignments'.
File 'bitbucket-pipelines.yml' exists in repo: pedagogy on branch: feature.ar/graded-assignments
************* Processing for branch: feature.ar/jain-attendance-redis *************
branch 'feature.ar/jain-attendance-redis' set up to track 'origin/feature.ar/jain-attendance-redis'.
File 'bitbucket-pipelines.yml' exists in repo: pedagogy on branch: feature.ar/jain-attendance-redis
************* Processing for branch: feature.ar/jain-kafka-assignment-scores *************
branch 'feature.ar/jain-kafka-assignment-scores' set up to track 'origin/feature.ar/jain-kafka-assignment-scores'.
File 'bitbucket-pipelines.yml' exists in repo: pedagogy on branch: feature.ar/jain-kafka-assignment-scores
************* Processing for branch: feature.ar/jain-kafka-update-assignment-scores *************
branch 'feature.ar/jain-kafka-update-assignment-scores' set up to track 'origin/feature.ar/jain-kafka-update-assignment-scores'.
File 'bitbucket-pipelines.yml' exists in repo: pedagogy on branch: feature.ar/jain-kafka-update-assignment-scores
************* Processing for branch: feature.ar/jnu-referral-popup *************
branch 'feature.ar/jnu-referral-popup' set up to track 'origin/feature.ar/jnu-referral-popup'.
File 'bitbucket-pipelines.yml' exists in repo: pedagogy on branch: feature.ar/jnu-referral-popup
************* Processing for branch: feature.ar/kafka-progress-update *************
branch 'feature.ar/kafka-progress-update' set up to track 'origin/feature.ar/kafka-progress-update'.
File 'bitbucket-pipelines.yml' exists in repo: pedagogy on branch: feature.ar/kafka-progress-update
************* Processing for branch: feature.ar/kuk-attendance-redis *************
branch 'feature.ar/kuk-attendance-redis' set up to track 'origin/feature.ar/kuk-attendance-redis'.
File 'bitbucket-pipelines.yml' exists in repo: pedagogy on branch: feature.ar/kuk-attendance-redis
************* Processing for branch: feature.ar/kuk-kafka-assignment-scores *************
branch 'feature.ar/kuk-kafka-assignment-scores' set up to track 'origin/feature.ar/kuk-kafka-assignment-scores'.
File 'bitbucket-pipelines.yml' exists in repo: pedagogy on branch: feature.ar/kuk-kafka-assignment-scores
************* Processing for branch: feature.ar/kuk-referral-popup *************
branch 'feature.ar/kuk-referral-popup' set up to track 'origin/feature.ar/kuk-referral-popup'.
File 'bitbucket-pipelines.yml' exists in repo: pedagogy on branch: feature.ar/kuk-referral-popup
************* Processing for branch: feature.ar/kuk-subject-fix *************
branch 'feature.ar/kuk-subject-fix' set up to track 'origin/feature.ar/kuk-subject-fix'.
File 'bitbucket-pipelines.yml' exists in repo: pedagogy on branch: feature.ar/kuk-subject-fix
************* Processing for branch: feature.ar/kuk-subject-listing *************
branch 'feature.ar/kuk-subject-listing' set up to track 'origin/feature.ar/kuk-subject-listing'.
File 'bitbucket-pipelines.yml' exists in repo: pedagogy on branch: feature.ar/kuk-subject-listing
************* Processing for branch: feature.ar/learning-hour-report *************
branch 'feature.ar/learning-hour-report' set up to track 'origin/feature.ar/learning-hour-report'.
File 'bitbucket-pipelines.yml' exists in repo: pedagogy on branch: feature.ar/learning-hour-report
************* Processing for branch: feature.ar/live-class-optimization *************
branch 'feature.ar/live-class-optimization' set up to track 'origin/feature.ar/live-class-optimization'.
File 'bitbucket-pipelines.yml' exists in repo: pedagogy on branch: feature.ar/live-class-optimization
************* Processing for branch: feature.ar/liveclassdata *************
branch 'feature.ar/liveclassdata' set up to track 'origin/feature.ar/liveclassdata'.
File 'bitbucket-pipelines.yml' exists in repo: pedagogy on branch: feature.ar/liveclassdata
************* Processing for branch: feature.ar/lms-revamp *************
branch 'feature.ar/lms-revamp' set up to track 'origin/feature.ar/lms-revamp'.
File 'bitbucket-pipelines.yml' exists in repo: pedagogy on branch: feature.ar/lms-revamp
************* Processing for branch: feature.ar/login-by-email *************
branch 'feature.ar/login-by-email' set up to track 'origin/feature.ar/login-by-email'.
File 'bitbucket-pipelines.yml' exists in repo: pedagogy on branch: feature.ar/login-by-email
************* Processing for branch: feature.ar/loginbyemail *************
branch 'feature.ar/loginbyemail' set up to track 'origin/feature.ar/loginbyemail'.
File 'bitbucket-pipelines.yml' exists in repo: pedagogy on branch: feature.ar/loginbyemail
************* Processing for branch: feature.ar/logout-api *************
branch 'feature.ar/logout-api' set up to track 'origin/feature.ar/logout-api'.
File 'bitbucket-pipelines.yml' exists in repo: pedagogy on branch: feature.ar/logout-api
************* Processing for branch: feature.ar/logout-impl *************
branch 'feature.ar/logout-impl' set up to track 'origin/feature.ar/logout-impl'.
File 'bitbucket-pipelines.yml' exists in repo: pedagogy on branch: feature.ar/logout-impl
************* Processing for branch: feature.ar/marksdata *************
branch 'feature.ar/marksdata' set up to track 'origin/feature.ar/marksdata'.
File 'bitbucket-pipelines.yml' exists in repo: pedagogy on branch: feature.ar/marksdata
************* Processing for branch: feature.ar/masterfacultyfilters *************
branch 'feature.ar/masterfacultyfilters' set up to track 'origin/feature.ar/masterfacultyfilters'.
File 'bitbucket-pipelines.yml' exists in repo: pedagogy on branch: feature.ar/masterfacultyfilters
************* Processing for branch: feature.ar/my-account-fix *************
branch 'feature.ar/my-account-fix' set up to track 'origin/feature.ar/my-account-fix'.
File 'bitbucket-pipelines.yml' exists in repo: pedagogy on branch: feature.ar/my-account-fix
************* Processing for branch: feature.ar/notification-kafka-flow *************
branch 'feature.ar/notification-kafka-flow' set up to track 'origin/feature.ar/notification-kafka-flow'.
File 'bitbucket-pipelines.yml' exists in repo: pedagogy on branch: feature.ar/notification-kafka-flow
************* Processing for branch: feature.ar/notifications-kafka *************
branch 'feature.ar/notifications-kafka' set up to track 'origin/feature.ar/notifications-kafka'.
File 'bitbucket-pipelines.yml' exists in repo: pedagogy on branch: feature.ar/notifications-kafka
************* Processing for branch: feature.ar/payment-common-dev *************
branch 'feature.ar/payment-common-dev' set up to track 'origin/feature.ar/payment-common-dev'.
File 'bitbucket-pipelines.yml' exists in repo: pedagogy on branch: feature.ar/payment-common-dev
************* Processing for branch: feature.ar/payment-notification-repeat-collection *************
branch 'feature.ar/payment-notification-repeat-collection' set up to track 'origin/feature.ar/payment-notification-repeat-collection'.
File 'bitbucket-pipelines.yml' exists in repo: pedagogy on branch: feature.ar/payment-notification-repeat-collection
************* Processing for branch: feature.ar/payment-notifications *************
branch 'feature.ar/payment-notifications' set up to track 'origin/feature.ar/payment-notifications'.
File 'bitbucket-pipelines.yml' exists in repo: pedagogy on branch: feature.ar/payment-notifications
************* Processing for branch: feature.ar/program-semester-fix *************
branch 'feature.ar/program-semester-fix' set up to track 'origin/feature.ar/program-semester-fix'.
File 'bitbucket-pipelines.yml' exists in repo: pedagogy on branch: feature.ar/program-semester-fix
************* Processing for branch: feature.ar/program-update-bug *************
branch 'feature.ar/program-update-bug' set up to track 'origin/feature.ar/program-update-bug'.
File 'bitbucket-pipelines.yml' exists in repo: pedagogy on branch: feature.ar/program-update-bug
************* Processing for branch: feature.ar/referral-logic *************
branch 'feature.ar/referral-logic' set up to track 'origin/feature.ar/referral-logic'.
File 'bitbucket-pipelines.yml' exists in repo: pedagogy on branch: feature.ar/referral-logic
************* Processing for branch: feature.ar/referral-popup *************
branch 'feature.ar/referral-popup' set up to track 'origin/feature.ar/referral-popup'.
File 'bitbucket-pipelines.yml' exists in repo: pedagogy on branch: feature.ar/referral-popup
************* Processing for branch: feature.ar/referral-test *************
branch 'feature.ar/referral-test' set up to track 'origin/feature.ar/referral-test'.
File 'bitbucket-pipelines.yml' exists in repo: pedagogy on branch: feature.ar/referral-test
************* Processing for branch: feature.ar/roleid *************
branch 'feature.ar/roleid' set up to track 'origin/feature.ar/roleid'.
File 'bitbucket-pipelines.yml' exists in repo: pedagogy on branch: feature.ar/roleid
************* Processing for branch: feature.ar/send-email *************
branch 'feature.ar/send-email' set up to track 'origin/feature.ar/send-email'.
File 'bitbucket-pipelines.yml' exists in repo: pedagogy on branch: feature.ar/send-email
************* Processing for branch: feature.ar/subject-bug-fix *************
branch 'feature.ar/subject-bug-fix' set up to track 'origin/feature.ar/subject-bug-fix'.
File 'bitbucket-pipelines.yml' exists in repo: pedagogy on branch: feature.ar/subject-bug-fix
************* Processing for branch: feature.ar/subjective-assignment *************
branch 'feature.ar/subjective-assignment' set up to track 'origin/feature.ar/subjective-assignment'.
File 'bitbucket-pipelines.yml' exists in repo: pedagogy on branch: feature.ar/subjective-assignment
************* Processing for branch: feature.ar/upcomingassignments *************
branch 'feature.ar/upcomingassignments' set up to track 'origin/feature.ar/upcomingassignments'.
File 'bitbucket-pipelines.yml' exists in repo: pedagogy on branch: feature.ar/upcomingassignments
************* Processing for branch: feature.ar/upcomingliveclasses *************
branch 'feature.ar/upcomingliveclasses' set up to track 'origin/feature.ar/upcomingliveclasses'.
File 'bitbucket-pipelines.yml' exists in repo: pedagogy on branch: feature.ar/upcomingliveclasses
************* Processing for branch: feature.ar/upcomingsubjfields *************
branch 'feature.ar/upcomingsubjfields' set up to track 'origin/feature.ar/upcomingsubjfields'.
File 'bitbucket-pipelines.yml' exists in repo: pedagogy on branch: feature.ar/upcomingsubjfields
************* Processing for branch: feature.ar/user-status-info *************
branch 'feature.ar/user-status-info' set up to track 'origin/feature.ar/user-status-info'.
File 'bitbucket-pipelines.yml' exists in repo: pedagogy on branch: feature.ar/user-status-info
************* Processing for branch: feature.ar/userlogin *************
branch 'feature.ar/userlogin' set up to track 'origin/feature.ar/userlogin'.
File 'bitbucket-pipelines.yml' exists in repo: pedagogy on branch: feature.ar/userlogin
************* Processing for branch: feature.ar/vgu-attendance-duplication-check *************
branch 'feature.ar/vgu-attendance-duplication-check' set up to track 'origin/feature.ar/vgu-attendance-duplication-check'.
File 'bitbucket-pipelines.yml' exists in repo: pedagogy on branch: feature.ar/vgu-attendance-duplication-check
************* Processing for branch: feature.ar/vgu-attendance-redis *************
branch 'feature.ar/vgu-attendance-redis' set up to track 'origin/feature.ar/vgu-attendance-redis'.
File 'bitbucket-pipelines.yml' exists in repo: pedagogy on branch: feature.ar/vgu-attendance-redis
************* Processing for branch: feature.ar/vgu-kafka-assignment-scores *************
branch 'feature.ar/vgu-kafka-assignment-scores' set up to track 'origin/feature.ar/vgu-kafka-assignment-scores'.
File 'bitbucket-pipelines.yml' exists in repo: pedagogy on branch: feature.ar/vgu-kafka-assignment-scores
************* Processing for branch: feature.ar/vgu-referral-popup *************
branch 'feature.ar/vgu-referral-popup' set up to track 'origin/feature.ar/vgu-referral-popup'.
File 'bitbucket-pipelines.yml' exists in repo: pedagogy on branch: feature.ar/vgu-referral-popup
************* Processing for branch: feature.ar/vgu-subject-fix *************
branch 'feature.ar/vgu-subject-fix' set up to track 'origin/feature.ar/vgu-subject-fix'.
File 'bitbucket-pipelines.yml' exists in repo: pedagogy on branch: feature.ar/vgu-subject-fix
************* Processing for branch: feature.ar/vgu-subject-listing *************
branch 'feature.ar/vgu-subject-listing' set up to track 'origin/feature.ar/vgu-subject-listing'.
File 'bitbucket-pipelines.yml' exists in repo: pedagogy on branch: feature.ar/vgu-subject-listing
************* Processing for branch: feature.ar/zoom-changes *************
branch 'feature.ar/zoom-changes' set up to track 'origin/feature.ar/zoom-changes'.
File 'bitbucket-pipelines.yml' exists in repo: pedagogy on branch: feature.ar/zoom-changes
************* Processing for branch: feature.at/dy-notification-revert *************
branch 'feature.at/dy-notification-revert' set up to track 'origin/feature.at/dy-notification-revert'.
File 'bitbucket-pipelines.yml' exists in repo: pedagogy on branch: feature.at/dy-notification-revert
************* Processing for branch: feature.bg/attendance-marking *************
branch 'feature.bg/attendance-marking' set up to track 'origin/feature.bg/attendance-marking'.
File 'bitbucket-pipelines.yml' exists in repo: pedagogy on branch: feature.bg/attendance-marking
************* Processing for branch: feature.bg/auth-framework-entity-fix *************
branch 'feature.bg/auth-framework-entity-fix' set up to track 'origin/feature.bg/auth-framework-entity-fix'.
File 'bitbucket-pipelines.yml' exists in repo: pedagogy on branch: feature.bg/auth-framework-entity-fix
************* Processing for branch: feature.bg/aws-optimization *************
branch 'feature.bg/aws-optimization' set up to track 'origin/feature.bg/aws-optimization'.
File 'bitbucket-pipelines.yml' exists in repo: pedagogy on branch: feature.bg/aws-optimization
************* Processing for branch: feature.bg/cloning-optimization *************
branch 'feature.bg/cloning-optimization' set up to track 'origin/feature.bg/cloning-optimization'.
File 'bitbucket-pipelines.yml' exists in repo: pedagogy on branch: feature.bg/cloning-optimization
************* Processing for branch: feature.bg/common-branch-backup *************
branch 'feature.bg/common-branch-backup' set up to track 'origin/feature.bg/common-branch-backup'.
File 'bitbucket-pipelines.yml' exists in repo: pedagogy on branch: feature.bg/common-branch-backup
************* Processing for branch: feature.bg/common-branch-latest *************
branch 'feature.bg/common-branch-latest' set up to track 'origin/feature.bg/common-branch-latest'.
File 'bitbucket-pipelines.yml' exists in repo: pedagogy on branch: feature.bg/common-branch-latest
************* Processing for branch: feature.bg/common2 *************
branch 'feature.bg/common2' set up to track 'origin/feature.bg/common2'.
File 'bitbucket-pipelines.yml' exists in repo: pedagogy on branch: feature.bg/common2
************* Processing for branch: feature.bg/content-api *************
branch 'feature.bg/content-api' set up to track 'origin/feature.bg/content-api'.
File 'bitbucket-pipelines.yml' exists in repo: pedagogy on branch: feature.bg/content-api
************* Processing for branch: feature.bg/course-api *************
branch 'feature.bg/course-api' set up to track 'origin/feature.bg/course-api'.
File 'bitbucket-pipelines.yml' exists in repo: pedagogy on branch: feature.bg/course-api
************* Processing for branch: feature.bg/file-size-increase *************
branch 'feature.bg/file-size-increase' set up to track 'origin/feature.bg/file-size-increase'.
File 'bitbucket-pipelines.yml' exists in repo: pedagogy on branch: feature.bg/file-size-increase
************* Processing for branch: feature.bg/kafka-add *************
branch 'feature.bg/kafka-add' set up to track 'origin/feature.bg/kafka-add'.
File 'bitbucket-pipelines.yml' exists in repo: pedagogy on branch: feature.bg/kafka-add
************* Processing for branch: feature.bg/sis-id-content-api *************
branch 'feature.bg/sis-id-content-api' set up to track 'origin/feature.bg/sis-id-content-api'.
File 'bitbucket-pipelines.yml' exists in repo: pedagogy on branch: feature.bg/sis-id-content-api
************* Processing for branch: feature.bg/sis-id-content-api-temp *************
branch 'feature.bg/sis-id-content-api-temp' set up to track 'origin/feature.bg/sis-id-content-api-temp'.
File 'bitbucket-pipelines.yml' exists in repo: pedagogy on branch: feature.bg/sis-id-content-api-temp
************* Processing for branch: feature.hp/assignment-creation *************
branch 'feature.hp/assignment-creation' set up to track 'origin/feature.hp/assignment-creation'.
File 'bitbucket-pipelines.yml' exists in repo: pedagogy on branch: feature.hp/assignment-creation
************* Processing for branch: feature.hp/bulk-upload-fixes *************
branch 'feature.hp/bulk-upload-fixes' set up to track 'origin/feature.hp/bulk-upload-fixes'.
File 'bitbucket-pipelines.yml' exists in repo: pedagogy on branch: feature.hp/bulk-upload-fixes
************* Processing for branch: feature.hp/common-branch *************
branch 'feature.hp/common-branch' set up to track 'origin/feature.hp/common-branch'.
File 'bitbucket-pipelines.yml' exists in repo: pedagogy on branch: feature.hp/common-branch
************* Processing for branch: feature.hp/config *************
branch 'feature.hp/config' set up to track 'origin/feature.hp/config'.
File 'bitbucket-pipelines.yml' exists in repo: pedagogy on branch: feature.hp/config
************* Processing for branch: feature.hp/config-file-changes *************
branch 'feature.hp/config-file-changes' set up to track 'origin/feature.hp/config-file-changes'.
File 'bitbucket-pipelines.yml' exists in repo: pedagogy on branch: feature.hp/config-file-changes
************* Processing for branch: feature.hp/faculty-content-upload *************
branch 'feature.hp/faculty-content-upload' set up to track 'origin/feature.hp/faculty-content-upload'.
File 'bitbucket-pipelines.yml' exists in repo: pedagogy on branch: feature.hp/faculty-content-upload
************* Processing for branch: feature.hp/live-class-zoom-integration *************
branch 'feature.hp/live-class-zoom-integration' set up to track 'origin/feature.hp/live-class-zoom-integration'.
File 'bitbucket-pipelines.yml' exists in repo: pedagogy on branch: feature.hp/live-class-zoom-integration
************* Processing for branch: feature.hp/user-bulk-upload *************
branch 'feature.hp/user-bulk-upload' set up to track 'origin/feature.hp/user-bulk-upload'.
File 'bitbucket-pipelines.yml' exists in repo: pedagogy on branch: feature.hp/user-bulk-upload
************* Processing for branch: feature.hp/zoom-integration *************
branch 'feature.hp/zoom-integration' set up to track 'origin/feature.hp/zoom-integration'.
File 'bitbucket-pipelines.yml' exists in repo: pedagogy on branch: feature.hp/zoom-integration
************* Processing for branch: feature.jk/add-presigned-cookies-common *************
branch 'feature.jk/add-presigned-cookies-common' set up to track 'origin/feature.jk/add-presigned-cookies-common'.
File 'bitbucket-pipelines.yml' exists in repo: pedagogy on branch: feature.jk/add-presigned-cookies-common
************* Processing for branch: feature.jk/common-roles-in-jwt *************
branch 'feature.jk/common-roles-in-jwt' set up to track 'origin/feature.jk/common-roles-in-jwt'.
File 'bitbucket-pipelines.yml' exists in repo: pedagogy on branch: feature.jk/common-roles-in-jwt
************* Processing for branch: feature.jk/configurable-allowed-origins *************
branch 'feature.jk/configurable-allowed-origins' set up to track 'origin/feature.jk/configurable-allowed-origins'.
File 'bitbucket-pipelines.yml' exists in repo: pedagogy on branch: feature.jk/configurable-allowed-origins
************* Processing for branch: feature.jk/dyp-referral-popup *************
branch 'feature.jk/dyp-referral-popup' set up to track 'origin/feature.jk/dyp-referral-popup'.
File 'bitbucket-pipelines.yml' exists in repo: pedagogy on branch: feature.jk/dyp-referral-popup
************* Processing for branch: feature.jk/institute-details *************
branch 'feature.jk/institute-details' set up to track 'origin/feature.jk/institute-details'.
File 'bitbucket-pipelines.yml' exists in repo: pedagogy on branch: feature.jk/institute-details
************* Processing for branch: feature.jk/kuk-referral-aadhar-common *************
branch 'feature.jk/kuk-referral-aadhar-common' set up to track 'origin/feature.jk/kuk-referral-aadhar-common'.
File 'bitbucket-pipelines.yml' exists in repo: pedagogy on branch: feature.jk/kuk-referral-aadhar-common
************* Processing for branch: feature.jk/lead-id-in-login *************
branch 'feature.jk/lead-id-in-login' set up to track 'origin/feature.jk/lead-id-in-login'.
File 'bitbucket-pipelines.yml' exists in repo: pedagogy on branch: feature.jk/lead-id-in-login
************* Processing for branch: feature.jk/referral-aadhar-common *************
branch 'feature.jk/referral-aadhar-common' set up to track 'origin/feature.jk/referral-aadhar-common'.
File 'bitbucket-pipelines.yml' exists in repo: pedagogy on branch: feature.jk/referral-aadhar-common
************* Processing for branch: feature.jk/referral-dypatil *************
branch 'feature.jk/referral-dypatil' set up to track 'origin/feature.jk/referral-dypatil'.
File 'bitbucket-pipelines.yml' exists in repo: pedagogy on branch: feature.jk/referral-dypatil
************* Processing for branch: feature.jk/roles-in-jwt *************
branch 'feature.jk/roles-in-jwt' set up to track 'origin/feature.jk/roles-in-jwt'.
File 'bitbucket-pipelines.yml' exists in repo: pedagogy on branch: feature.jk/roles-in-jwt
************* Processing for branch: feature.jk/vgu-aadhaar-referral-common *************
branch 'feature.jk/vgu-aadhaar-referral-common' set up to track 'origin/feature.jk/vgu-aadhaar-referral-common'.
File 'bitbucket-pipelines.yml' exists in repo: pedagogy on branch: feature.jk/vgu-aadhaar-referral-common
************* Processing for branch: feature.kk/university-apis *************
branch 'feature.kk/university-apis' set up to track 'origin/feature.kk/university-apis'.
File 'bitbucket-pipelines.yml' exists in repo: pedagogy on branch: feature.kk/university-apis
************* Processing for branch: feature.pa/andhra-duplicate-date-handling *************
branch 'feature.pa/andhra-duplicate-date-handling' set up to track 'origin/feature.pa/andhra-duplicate-date-handling'.
File 'bitbucket-pipelines.yml' exists in repo: pedagogy on branch: feature.pa/andhra-duplicate-date-handling
************* Processing for branch: feature.pa/andhra-prod-epub *************
branch 'feature.pa/andhra-prod-epub' set up to track 'origin/feature.pa/andhra-prod-epub'.
File 'bitbucket-pipelines.yml' exists in repo: pedagogy on branch: feature.pa/andhra-prod-epub
************* Processing for branch: feature.pa/andhra-reports *************
branch 'feature.pa/andhra-reports' set up to track 'origin/feature.pa/andhra-reports'.
File 'bitbucket-pipelines.yml' exists in repo: pedagogy on branch: feature.pa/andhra-reports
************* Processing for branch: feature.pa/andhra-reports-sonar *************
branch 'feature.pa/andhra-reports-sonar' set up to track 'origin/feature.pa/andhra-reports-sonar'.
File 'bitbucket-pipelines.yml' exists in repo: pedagogy on branch: feature.pa/andhra-reports-sonar
************* Processing for branch: feature.pa/centurion-duplicate-date-handling *************
branch 'feature.pa/centurion-duplicate-date-handling' set up to track 'origin/feature.pa/centurion-duplicate-date-handling'.
File 'bitbucket-pipelines.yml' exists in repo: pedagogy on branch: feature.pa/centurion-duplicate-date-handling
************* Processing for branch: feature.pa/chandigarh-analytics-report *************
branch 'feature.pa/chandigarh-analytics-report' set up to track 'origin/feature.pa/chandigarh-analytics-report'.
File 'bitbucket-pipelines.yml' exists in repo: pedagogy on branch: feature.pa/chandigarh-analytics-report
************* Processing for branch: feature.pa/chandigarh-reports-data *************
branch 'feature.pa/chandigarh-reports-data' set up to track 'origin/feature.pa/chandigarh-reports-data'.
File 'bitbucket-pipelines.yml' exists in repo: pedagogy on branch: feature.pa/chandigarh-reports-data
************* Processing for branch: feature.pa/common-duplicate-date-handling *************
branch 'feature.pa/common-duplicate-date-handling' set up to track 'origin/feature.pa/common-duplicate-date-handling'.
File 'bitbucket-pipelines.yml' exists in repo: pedagogy on branch: feature.pa/common-duplicate-date-handling
************* Processing for branch: feature.pa/common-reports *************
branch 'feature.pa/common-reports' set up to track 'origin/feature.pa/common-reports'.
File 'bitbucket-pipelines.yml' exists in repo: pedagogy on branch: feature.pa/common-reports
************* Processing for branch: feature.pa/common-reports-sonar *************
branch 'feature.pa/common-reports-sonar' set up to track 'origin/feature.pa/common-reports-sonar'.
File 'bitbucket-pipelines.yml' exists in repo: pedagogy on branch: feature.pa/common-reports-sonar
************* Processing for branch: feature.pa/cu-reports *************
branch 'feature.pa/cu-reports' set up to track 'origin/feature.pa/cu-reports'.
File 'bitbucket-pipelines.yml' exists in repo: pedagogy on branch: feature.pa/cu-reports
************* Processing for branch: feature.pa/cu-reports-sonar *************
branch 'feature.pa/cu-reports-sonar' set up to track 'origin/feature.pa/cu-reports-sonar'.
File 'bitbucket-pipelines.yml' exists in repo: pedagogy on branch: feature.pa/cu-reports-sonar
************* Processing for branch: feature.pa/docx-to-epub *************
branch 'feature.pa/docx-to-epub' set up to track 'origin/feature.pa/docx-to-epub'.
File 'bitbucket-pipelines.yml' exists in repo: pedagogy on branch: feature.pa/docx-to-epub
************* Processing for branch: feature.pa/dypatil-activity-type *************
branch 'feature.pa/dypatil-activity-type' set up to track 'origin/feature.pa/dypatil-activity-type'.
File 'bitbucket-pipelines.yml' exists in repo: pedagogy on branch: feature.pa/dypatil-activity-type
************* Processing for branch: feature.pa/dypatil-duplicate-date-handling *************
branch 'feature.pa/dypatil-duplicate-date-handling' set up to track 'origin/feature.pa/dypatil-duplicate-date-handling'.
File 'bitbucket-pipelines.yml' exists in repo: pedagogy on branch: feature.pa/dypatil-duplicate-date-handling
************* Processing for branch: feature.pa/dypatil-duplicate-date-handling2 *************
branch 'feature.pa/dypatil-duplicate-date-handling2' set up to track 'origin/feature.pa/dypatil-duplicate-date-handling2'.
File 'bitbucket-pipelines.yml' exists in repo: pedagogy on branch: feature.pa/dypatil-duplicate-date-handling2
************* Processing for branch: feature.pa/dypatil-reports *************
branch 'feature.pa/dypatil-reports' set up to track 'origin/feature.pa/dypatil-reports'.
File 'bitbucket-pipelines.yml' exists in repo: pedagogy on branch: feature.pa/dypatil-reports
************* Processing for branch: feature.pa/dypatil-reports-referal *************
branch 'feature.pa/dypatil-reports-referal' set up to track 'origin/feature.pa/dypatil-reports-referal'.
File 'bitbucket-pipelines.yml' exists in repo: pedagogy on branch: feature.pa/dypatil-reports-referal
************* Processing for branch: feature.pa/dyptail-sonarqube-reports *************
branch 'feature.pa/dyptail-sonarqube-reports' set up to track 'origin/feature.pa/dyptail-sonarqube-reports'.
File 'bitbucket-pipelines.yml' exists in repo: pedagogy on branch: feature.pa/dyptail-sonarqube-reports
************* Processing for branch: feature.pa/jain-duplicate-date-handling *************
branch 'feature.pa/jain-duplicate-date-handling' set up to track 'origin/feature.pa/jain-duplicate-date-handling'.
File 'bitbucket-pipelines.yml' exists in repo: pedagogy on branch: feature.pa/jain-duplicate-date-handling
************* Processing for branch: feature.pa/kuk-duplicate-date-handling *************
branch 'feature.pa/kuk-duplicate-date-handling' set up to track 'origin/feature.pa/kuk-duplicate-date-handling'.
File 'bitbucket-pipelines.yml' exists in repo: pedagogy on branch: feature.pa/kuk-duplicate-date-handling
************* Processing for branch: feature.pa/kuk-reports *************
branch 'feature.pa/kuk-reports' set up to track 'origin/feature.pa/kuk-reports'.
File 'bitbucket-pipelines.yml' exists in repo: pedagogy on branch: feature.pa/kuk-reports
************* Processing for branch: feature.pa/kuk-reports-sonar *************
branch 'feature.pa/kuk-reports-sonar' set up to track 'origin/feature.pa/kuk-reports-sonar'.
File 'bitbucket-pipelines.yml' exists in repo: pedagogy on branch: feature.pa/kuk-reports-sonar
************* Processing for branch: feature.pa/learning-hour-modified *************
branch 'feature.pa/learning-hour-modified' set up to track 'origin/feature.pa/learning-hour-modified'.
File 'bitbucket-pipelines.yml' exists in repo: pedagogy on branch: feature.pa/learning-hour-modified
************* Processing for branch: feature.pa/merge-mobile-prod-dy *************
branch 'feature.pa/merge-mobile-prod-dy' set up to track 'origin/feature.pa/merge-mobile-prod-dy'.
File 'bitbucket-pipelines.yml' exists in repo: pedagogy on branch: feature.pa/merge-mobile-prod-dy
************* Processing for branch: feature.pa/reports *************
branch 'feature.pa/reports' set up to track 'origin/feature.pa/reports'.
File 'bitbucket-pipelines.yml' exists in repo: pedagogy on branch: feature.pa/reports
************* Processing for branch: feature.pa/s3-content-auth *************
branch 'feature.pa/s3-content-auth' set up to track 'origin/feature.pa/s3-content-auth'.
File 'bitbucket-pipelines.yml' exists in repo: pedagogy on branch: feature.pa/s3-content-auth
************* Processing for branch: feature.pa/vgu-duplicate-date-handling *************
branch 'feature.pa/vgu-duplicate-date-handling' set up to track 'origin/feature.pa/vgu-duplicate-date-handling'.
File 'bitbucket-pipelines.yml' exists in repo: pedagogy on branch: feature.pa/vgu-duplicate-date-handling
************* Processing for branch: feature.pa/vgu-ppt-handling *************
branch 'feature.pa/vgu-ppt-handling' set up to track 'origin/feature.pa/vgu-ppt-handling'.
File 'bitbucket-pipelines.yml' exists in repo: pedagogy on branch: feature.pa/vgu-ppt-handling
************* Processing for branch: feature.pa/vgu-reports *************
branch 'feature.pa/vgu-reports' set up to track 'origin/feature.pa/vgu-reports'.
File 'bitbucket-pipelines.yml' exists in repo: pedagogy on branch: feature.pa/vgu-reports
************* Processing for branch: feature.pa/vgu-reports-sonar *************
branch 'feature.pa/vgu-reports-sonar' set up to track 'origin/feature.pa/vgu-reports-sonar'.
File 'bitbucket-pipelines.yml' exists in repo: pedagogy on branch: feature.pa/vgu-reports-sonar
************* Processing for branch: feature.pa/zoom-meeting-issue *************
branch 'feature.pa/zoom-meeting-issue' set up to track 'origin/feature.pa/zoom-meeting-issue'.
File 'bitbucket-pipelines.yml' exists in repo: pedagogy on branch: feature.pa/zoom-meeting-issue
************* Processing for branch: feature.rk/assignment-bug-fix *************
branch 'feature.rk/assignment-bug-fix' set up to track 'origin/feature.rk/assignment-bug-fix'.
File 'bitbucket-pipelines.yml' exists in repo: pedagogy on branch: feature.rk/assignment-bug-fix
************* Processing for branch: feature.rk/faculty-assign *************
branch 'feature.rk/faculty-assign' set up to track 'origin/feature.rk/faculty-assign'.
File 'bitbucket-pipelines.yml' exists in repo: pedagogy on branch: feature.rk/faculty-assign
************* Processing for branch: feature.rp/assignment-changes *************
branch 'feature.rp/assignment-changes' set up to track 'origin/feature.rp/assignment-changes'.
File 'bitbucket-pipelines.yml' exists in repo: pedagogy on branch: feature.rp/assignment-changes
************* Processing for branch: feature.rp/auth-framework *************
branch 'feature.rp/auth-framework' set up to track 'origin/feature.rp/auth-framework'.
File 'bitbucket-pipelines.yml' exists in repo: pedagogy on branch: feature.rp/auth-framework
************* Processing for branch: feature.rp/calendar-fixes-lc *************
branch 'feature.rp/calendar-fixes-lc' set up to track 'origin/feature.rp/calendar-fixes-lc'.
File 'bitbucket-pipelines.yml' exists in repo: pedagogy on branch: feature.rp/calendar-fixes-lc
************* Processing for branch: feature.rp/content-date-changes *************
branch 'feature.rp/content-date-changes' set up to track 'origin/feature.rp/content-date-changes'.
File 'bitbucket-pipelines.yml' exists in repo: pedagogy on branch: feature.rp/content-date-changes
************* Processing for branch: feature.rp/decimal-fix *************
branch 'feature.rp/decimal-fix' set up to track 'origin/feature.rp/decimal-fix'.
File 'bitbucket-pipelines.yml' exists in repo: pedagogy on branch: feature.rp/decimal-fix
************* Processing for branch: feature.rp/forgot-password-backend *************
branch 'feature.rp/forgot-password-backend' set up to track 'origin/feature.rp/forgot-password-backend'.
File 'bitbucket-pipelines.yml' exists in repo: pedagogy on branch: feature.rp/forgot-password-backend
************* Processing for branch: feature.rp/initial-setup *************
branch 'feature.rp/initial-setup' set up to track 'origin/feature.rp/initial-setup'.
File 'bitbucket-pipelines.yml' exists in repo: pedagogy on branch: feature.rp/initial-setup
************* Processing for branch: feature.rp/kafka-setup *************
branch 'feature.rp/kafka-setup' set up to track 'origin/feature.rp/kafka-setup'.
File 'bitbucket-pipelines.yml' exists in repo: pedagogy on branch: feature.rp/kafka-setup
************* Processing for branch: feature.rp/login-changes-algorithm *************
branch 'feature.rp/login-changes-algorithm' set up to track 'origin/feature.rp/login-changes-algorithm'.
File 'bitbucket-pipelines.yml' exists in repo: pedagogy on branch: feature.rp/login-changes-algorithm
************* Processing for branch: feature.rp/user-impl-changes *************
branch 'feature.rp/user-impl-changes' set up to track 'origin/feature.rp/user-impl-changes'.
File 'bitbucket-pipelines.yml' exists in repo: pedagogy on branch: feature.rp/user-impl-changes
************* Processing for branch: feature.rp/welcome-email-template *************
branch 'feature.rp/welcome-email-template' set up to track 'origin/feature.rp/welcome-email-template'.
File 'bitbucket-pipelines.yml' exists in repo: pedagogy on branch: feature.rp/welcome-email-template
************* Processing for branch: feature.rp/zoom-faculty-changes *************
branch 'feature.rp/zoom-faculty-changes' set up to track 'origin/feature.rp/zoom-faculty-changes'.
File 'bitbucket-pipelines.yml' exists in repo: pedagogy on branch: feature.rp/zoom-faculty-changes
************* Processing for branch: feature.sd/plagiarism-bdu-cherrypick-dyp *************
branch 'feature.sd/plagiarism-bdu-cherrypick-dyp' set up to track 'origin/feature.sd/plagiarism-bdu-cherrypick-dyp'.
File 'bitbucket-pipelines.yml' exists in repo: pedagogy on branch: feature.sd/plagiarism-bdu-cherrypick-dyp
************* Processing for branch: feature.sd/plagiarism-final-drop-dyp *************
branch 'feature.sd/plagiarism-final-drop-dyp' set up to track 'origin/feature.sd/plagiarism-final-drop-dyp'.
File 'bitbucket-pipelines.yml' exists in repo: pedagogy on branch: feature.sd/plagiarism-final-drop-dyp
************* Processing for branch: feature.sd/plagiarism-implementation *************
branch 'feature.sd/plagiarism-implementation' set up to track 'origin/feature.sd/plagiarism-implementation'.
File 'bitbucket-pipelines.yml' exists in repo: pedagogy on branch: feature.sd/plagiarism-implementation
************* Processing for branch: feature.sd/plagiarism-implementation-bdu-cherrypick-to-dyp *************
branch 'feature.sd/plagiarism-implementation-bdu-cherrypick-to-dyp' set up to track 'origin/feature.sd/plagiarism-implementation-bdu-cherrypick-to-dyp'.
File 'bitbucket-pipelines.yml' exists in repo: pedagogy on branch: feature.sd/plagiarism-implementation-bdu-cherrypick-to-dyp
************* Processing for branch: feature.sg/AnalyticsReport *************
branch 'feature.sg/AnalyticsReport' set up to track 'origin/feature.sg/AnalyticsReport'.
File 'bitbucket-pipelines.yml' exists in repo: pedagogy on branch: feature.sg/AnalyticsReport
************* Processing for branch: feature.sg/UUID-logging *************
branch 'feature.sg/UUID-logging' set up to track 'origin/feature.sg/UUID-logging'.
File 'bitbucket-pipelines.yml' exists in repo: pedagogy on branch: feature.sg/UUID-logging
************* Processing for branch: feature.sg/aadhar *************
branch 'feature.sg/aadhar' set up to track 'origin/feature.sg/aadhar'.
File 'bitbucket-pipelines.yml' exists in repo: pedagogy on branch: feature.sg/aadhar
************* Processing for branch: feature.sg/add-20-average-attendance *************
branch 'feature.sg/add-20-average-attendance' set up to track 'origin/feature.sg/add-20-average-attendance'.
File 'bitbucket-pipelines.yml' exists in repo: pedagogy on branch: feature.sg/add-20-average-attendance
************* Processing for branch: feature.sg/add-cloudfrontUrl-getContent-api *************
branch 'feature.sg/add-cloudfrontUrl-getContent-api' set up to track 'origin/feature.sg/add-cloudfrontUrl-getContent-api'.
File 'bitbucket-pipelines.yml' exists in repo: pedagogy on branch: feature.sg/add-cloudfrontUrl-getContent-api
************* Processing for branch: feature.sg/add-presigned-cookies-code *************
branch 'feature.sg/add-presigned-cookies-code' set up to track 'origin/feature.sg/add-presigned-cookies-code'.
File 'bitbucket-pipelines.yml' exists in repo: pedagogy on branch: feature.sg/add-presigned-cookies-code
************* Processing for branch: feature.sg/add-progress-url *************
branch 'feature.sg/add-progress-url' set up to track 'origin/feature.sg/add-progress-url'.
File 'bitbucket-pipelines.yml' exists in repo: pedagogy on branch: feature.sg/add-progress-url
************* Processing for branch: feature.sg/all-cdn-dev *************
branch 'feature.sg/all-cdn-dev' set up to track 'origin/feature.sg/all-cdn-dev'.
File 'bitbucket-pipelines.yml' exists in repo: pedagogy on branch: feature.sg/all-cdn-dev
************* Processing for branch: feature.sg/andhra-app-version *************
branch 'feature.sg/andhra-app-version' set up to track 'origin/feature.sg/andhra-app-version'.
File 'bitbucket-pipelines.yml' exists in repo: pedagogy on branch: feature.sg/andhra-app-version
************* Processing for branch: feature.sg/andhra-dy-latest-pull *************
branch 'feature.sg/andhra-dy-latest-pull' set up to track 'origin/feature.sg/andhra-dy-latest-pull'.
File 'bitbucket-pipelines.yml' exists in repo: pedagogy on branch: feature.sg/andhra-dy-latest-pull
************* Processing for branch: feature.sg/announcement-fature *************
branch 'feature.sg/announcement-fature' set up to track 'origin/feature.sg/announcement-fature'.
File 'bitbucket-pipelines.yml' exists in repo: pedagogy on branch: feature.sg/announcement-fature
************* Processing for branch: feature.sg/announcement-feature *************
branch 'feature.sg/announcement-feature' set up to track 'origin/feature.sg/announcement-feature'.
File 'bitbucket-pipelines.yml' exists in repo: pedagogy on branch: feature.sg/announcement-feature
************* Processing for branch: feature.sg/announcement-feature-test *************
branch 'feature.sg/announcement-feature-test' set up to track 'origin/feature.sg/announcement-feature-test'.
File 'bitbucket-pipelines.yml' exists in repo: pedagogy on branch: feature.sg/announcement-feature-test
************* Processing for branch: feature.sg/announcement-report-common *************
branch 'feature.sg/announcement-report-common' set up to track 'origin/feature.sg/announcement-report-common'.
File 'bitbucket-pipelines.yml' exists in repo: pedagogy on branch: feature.sg/announcement-report-common
************* Processing for branch: feature.sg/app-version *************
branch 'feature.sg/app-version' set up to track 'origin/feature.sg/app-version'.
File 'bitbucket-pipelines.yml' exists in repo: pedagogy on branch: feature.sg/app-version
************* Processing for branch: feature.sg/app-version-api-changes *************
branch 'feature.sg/app-version-api-changes' set up to track 'origin/feature.sg/app-version-api-changes'.
File 'bitbucket-pipelines.yml' exists in repo: pedagogy on branch: feature.sg/app-version-api-changes
************* Processing for branch: feature.sg/assignment-cron-optimisation *************
branch 'feature.sg/assignment-cron-optimisation' set up to track 'origin/feature.sg/assignment-cron-optimisation'.
File 'bitbucket-pipelines.yml' exists in repo: pedagogy on branch: feature.sg/assignment-cron-optimisation
************* Processing for branch: feature.sg/assignment-score-csv *************
branch 'feature.sg/assignment-score-csv' set up to track 'origin/feature.sg/assignment-score-csv'.
File 'bitbucket-pipelines.yml' exists in repo: pedagogy on branch: feature.sg/assignment-score-csv
************* Processing for branch: feature.sg/attedance-percent-calculation *************
branch 'feature.sg/attedance-percent-calculation' set up to track 'origin/feature.sg/attedance-percent-calculation'.
File 'bitbucket-pipelines.yml' exists in repo: pedagogy on branch: feature.sg/attedance-percent-calculation
************* Processing for branch: feature.sg/attemptList-practiceAssignment *************
branch 'feature.sg/attemptList-practiceAssignment' set up to track 'origin/feature.sg/attemptList-practiceAssignment'.
File 'bitbucket-pipelines.yml' exists in repo: pedagogy on branch: feature.sg/attemptList-practiceAssignment
************* Processing for branch: feature.sg/attendace-temp-fix *************
branch 'feature.sg/attendace-temp-fix' set up to track 'origin/feature.sg/attendace-temp-fix'.
File 'bitbucket-pipelines.yml' exists in repo: pedagogy on branch: feature.sg/attendace-temp-fix
************* Processing for branch: feature.sg/average-attendance *************
branch 'feature.sg/average-attendance' set up to track 'origin/feature.sg/average-attendance'.
File 'bitbucket-pipelines.yml' exists in repo: pedagogy on branch: feature.sg/average-attendance
************* Processing for branch: feature.sg/average-attendannce *************
branch 'feature.sg/average-attendannce' set up to track 'origin/feature.sg/average-attendannce'.
File 'bitbucket-pipelines.yml' exists in repo: pedagogy on branch: feature.sg/average-attendannce
************* Processing for branch: feature.sg/bdu-cf-code *************
branch 'feature.sg/bdu-cf-code' set up to track 'origin/feature.sg/bdu-cf-code'.
File 'bitbucket-pipelines.yml' exists in repo: pedagogy on branch: feature.sg/bdu-cf-code
************* Processing for branch: feature.sg/cdn-aadhaar-common *************
branch 'feature.sg/cdn-aadhaar-common' set up to track 'origin/feature.sg/cdn-aadhaar-common'.
File 'bitbucket-pipelines.yml' exists in repo: pedagogy on branch: feature.sg/cdn-aadhaar-common
************* Processing for branch: feature.sg/cdn-dev *************
branch 'feature.sg/cdn-dev' set up to track 'origin/feature.sg/cdn-dev'.
File 'bitbucket-pipelines.yml' exists in repo: pedagogy on branch: feature.sg/cdn-dev
************* Processing for branch: feature.sg/cdn-release-all-dy *************
branch 'feature.sg/cdn-release-all-dy' set up to track 'origin/feature.sg/cdn-release-all-dy'.
File 'bitbucket-pipelines.yml' exists in repo: pedagogy on branch: feature.sg/cdn-release-all-dy
************* Processing for branch: feature.sg/centurian-cf-all *************
branch 'feature.sg/centurian-cf-all' set up to track 'origin/feature.sg/centurian-cf-all'.
File 'bitbucket-pipelines.yml' exists in repo: pedagogy on branch: feature.sg/centurian-cf-all
************* Processing for branch: feature.sg/centurian-cf-all-content *************
branch 'feature.sg/centurian-cf-all-content' set up to track 'origin/feature.sg/centurian-cf-all-content'.
File 'bitbucket-pipelines.yml' exists in repo: pedagogy on branch: feature.sg/centurian-cf-all-content
************* Processing for branch: feature.sg/centurion-ppt-fix *************
branch 'feature.sg/centurion-ppt-fix' set up to track 'origin/feature.sg/centurion-ppt-fix'.
File 'bitbucket-pipelines.yml' exists in repo: pedagogy on branch: feature.sg/centurion-ppt-fix
************* Processing for branch: feature.sg/chandigarh-cf-all-content *************
branch 'feature.sg/chandigarh-cf-all-content' set up to track 'origin/feature.sg/chandigarh-cf-all-content'.
File 'bitbucket-pipelines.yml' exists in repo: pedagogy on branch: feature.sg/chandigarh-cf-all-content
************* Processing for branch: feature.sg/cloudfront-changes *************
branch 'feature.sg/cloudfront-changes' set up to track 'origin/feature.sg/cloudfront-changes'.
File 'bitbucket-pipelines.yml' exists in repo: pedagogy on branch: feature.sg/cloudfront-changes
************* Processing for branch: feature.sg/cloufront-revert-2 *************
branch 'feature.sg/cloufront-revert-2' set up to track 'origin/feature.sg/cloufront-revert-2'.
File 'bitbucket-pipelines.yml' exists in repo: pedagogy on branch: feature.sg/cloufront-revert-2
************* Processing for branch: feature.sg/comment-attendance-complete-scheduler *************
branch 'feature.sg/comment-attendance-complete-scheduler' set up to track 'origin/feature.sg/comment-attendance-complete-scheduler'.
File 'bitbucket-pipelines.yml' exists in repo: pedagogy on branch: feature.sg/comment-attendance-complete-scheduler
************* Processing for branch: feature.sg/common-announcement-report *************
branch 'feature.sg/common-announcement-report' set up to track 'origin/feature.sg/common-announcement-report'.
File 'bitbucket-pipelines.yml' exists in repo: pedagogy on branch: feature.sg/common-announcement-report
************* Processing for branch: feature.sg/common-cf-all *************
branch 'feature.sg/common-cf-all' set up to track 'origin/feature.sg/common-cf-all'.
File 'bitbucket-pipelines.yml' exists in repo: pedagogy on branch: feature.sg/common-cf-all
************* Processing for branch: feature.sg/common-cf-all-aadhaar *************
branch 'feature.sg/common-cf-all-aadhaar' set up to track 'origin/feature.sg/common-cf-all-aadhaar'.
File 'bitbucket-pipelines.yml' exists in repo: pedagogy on branch: feature.sg/common-cf-all-aadhaar
************* Processing for branch: feature.sg/common-dy-pull *************
branch 'feature.sg/common-dy-pull' set up to track 'origin/feature.sg/common-dy-pull'.
File 'bitbucket-pipelines.yml' exists in repo: pedagogy on branch: feature.sg/common-dy-pull
************* Processing for branch: feature.sg/common-ppt-fix *************
branch 'feature.sg/common-ppt-fix' set up to track 'origin/feature.sg/common-ppt-fix'.
File 'bitbucket-pipelines.yml' exists in repo: pedagogy on branch: feature.sg/common-ppt-fix
************* Processing for branch: feature.sg/common-testing *************
branch 'feature.sg/common-testing' set up to track 'origin/feature.sg/common-testing'.
File 'bitbucket-pipelines.yml' exists in repo: pedagogy on branch: feature.sg/common-testing
************* Processing for branch: feature.sg/correct-webscorm-upload-folder *************
branch 'feature.sg/correct-webscorm-upload-folder' set up to track 'origin/feature.sg/correct-webscorm-upload-folder'.
File 'bitbucket-pipelines.yml' exists in repo: pedagogy on branch: feature.sg/correct-webscorm-upload-folder
************* Processing for branch: feature.sg/cron-jobs-to-store-subjects-average *************
branch 'feature.sg/cron-jobs-to-store-subjects-average' set up to track 'origin/feature.sg/cron-jobs-to-store-subjects-average'.
File 'bitbucket-pipelines.yml' exists in repo: pedagogy on branch: feature.sg/cron-jobs-to-store-subjects-average
************* Processing for branch: feature.sg/cu-dy-pull *************
branch 'feature.sg/cu-dy-pull' set up to track 'origin/feature.sg/cu-dy-pull'.
File 'bitbucket-pipelines.yml' exists in repo: pedagogy on branch: feature.sg/cu-dy-pull
************* Processing for branch: feature.sg/cu-ppt-fix *************
branch 'feature.sg/cu-ppt-fix' set up to track 'origin/feature.sg/cu-ppt-fix'.
File 'bitbucket-pipelines.yml' exists in repo: pedagogy on branch: feature.sg/cu-ppt-fix
************* Processing for branch: feature.sg/dev-branch-all-cdn *************
branch 'feature.sg/dev-branch-all-cdn' set up to track 'origin/feature.sg/dev-branch-all-cdn'.
File 'bitbucket-pipelines.yml' exists in repo: pedagogy on branch: feature.sg/dev-branch-all-cdn
************* Processing for branch: feature.sg/dev-cu-mobile-demo *************
branch 'feature.sg/dev-cu-mobile-demo' set up to track 'origin/feature.sg/dev-cu-mobile-demo'.
File 'bitbucket-pipelines.yml' exists in repo: pedagogy on branch: feature.sg/dev-cu-mobile-demo
************* Processing for branch: feature.sg/dev-webfilep-dowload-cdn *************
branch 'feature.sg/dev-webfilep-dowload-cdn' set up to track 'origin/feature.sg/dev-webfilep-dowload-cdn'.
File 'bitbucket-pipelines.yml' exists in repo: pedagogy on branch: feature.sg/dev-webfilep-dowload-cdn
************* Processing for branch: feature.sg/direct-scorm-path *************
branch 'feature.sg/direct-scorm-path' set up to track 'origin/feature.sg/direct-scorm-path'.
File 'bitbucket-pipelines.yml' exists in repo: pedagogy on branch: feature.sg/direct-scorm-path
************* Processing for branch: feature.sg/dy-andhra-pull *************
branch 'feature.sg/dy-andhra-pull' set up to track 'origin/feature.sg/dy-andhra-pull'.
File 'bitbucket-pipelines.yml' exists in repo: pedagogy on branch: feature.sg/dy-andhra-pull
************* Processing for branch: feature.sg/dy-commet-attedance-scheduler *************
branch 'feature.sg/dy-commet-attedance-scheduler' set up to track 'origin/feature.sg/dy-commet-attedance-scheduler'.
File 'bitbucket-pipelines.yml' exists in repo: pedagogy on branch: feature.sg/dy-commet-attedance-scheduler
************* Processing for branch: feature.sg/dy-venus-code *************
branch 'feature.sg/dy-venus-code' set up to track 'origin/feature.sg/dy-venus-code'.
File 'bitbucket-pipelines.yml' exists in repo: pedagogy on branch: feature.sg/dy-venus-code
************* Processing for branch: feature.sg/edit-semester-api-response-deploy *************
branch 'feature.sg/edit-semester-api-response-deploy' set up to track 'origin/feature.sg/edit-semester-api-response-deploy'.
File 'bitbucket-pipelines.yml' exists in repo: pedagogy on branch: feature.sg/edit-semester-api-response-deploy
************* Processing for branch: feature.sg/edit-semester-response-api *************
branch 'feature.sg/edit-semester-response-api' set up to track 'origin/feature.sg/edit-semester-response-api'.
File 'bitbucket-pipelines.yml' exists in repo: pedagogy on branch: feature.sg/edit-semester-response-api
************* Processing for branch: feature.sg/edit-semester-response-api-mobile *************
branch 'feature.sg/edit-semester-response-api-mobile' set up to track 'origin/feature.sg/edit-semester-response-api-mobile'.
File 'bitbucket-pipelines.yml' exists in repo: pedagogy on branch: feature.sg/edit-semester-response-api-mobile
************* Processing for branch: feature.sg/fetch-scorm-path-from-db *************
branch 'feature.sg/fetch-scorm-path-from-db' set up to track 'origin/feature.sg/fetch-scorm-path-from-db'.
File 'bitbucket-pipelines.yml' exists in repo: pedagogy on branch: feature.sg/fetch-scorm-path-from-db
************* Processing for branch: feature.sg/fetchAll-contentapi-scorm-changes *************
branch 'feature.sg/fetchAll-contentapi-scorm-changes' set up to track 'origin/feature.sg/fetchAll-contentapi-scorm-changes'.
File 'bitbucket-pipelines.yml' exists in repo: pedagogy on branch: feature.sg/fetchAll-contentapi-scorm-changes
************* Processing for branch: feature.sg/fix-fetch-assignment-for-subj *************
branch 'feature.sg/fix-fetch-assignment-for-subj' set up to track 'origin/feature.sg/fix-fetch-assignment-for-subj'.
File 'bitbucket-pipelines.yml' exists in repo: pedagogy on branch: feature.sg/fix-fetch-assignment-for-subj
************* Processing for branch: feature.sg/fix-ppt-issue *************
branch 'feature.sg/fix-ppt-issue' set up to track 'origin/feature.sg/fix-ppt-issue'.
File 'bitbucket-pipelines.yml' exists in repo: pedagogy on branch: feature.sg/fix-ppt-issue
************* Processing for branch: feature.sg/fix-scheduler-alert-issue *************
branch 'feature.sg/fix-scheduler-alert-issue' set up to track 'origin/feature.sg/fix-scheduler-alert-issue'.
File 'bitbucket-pipelines.yml' exists in repo: pedagogy on branch: feature.sg/fix-scheduler-alert-issue
************* Processing for branch: feature.sg/fix-scorm-download-api *************
branch 'feature.sg/fix-scorm-download-api' set up to track 'origin/feature.sg/fix-scorm-download-api'.
File 'bitbucket-pipelines.yml' exists in repo: pedagogy on branch: feature.sg/fix-scorm-download-api
************* Processing for branch: feature.sg/fix-scorm-get *************
branch 'feature.sg/fix-scorm-get' set up to track 'origin/feature.sg/fix-scorm-get'.
File 'bitbucket-pipelines.yml' exists in repo: pedagogy on branch: feature.sg/fix-scorm-get
************* Processing for branch: feature.sg/gamified-temp-fix *************
branch 'feature.sg/gamified-temp-fix' set up to track 'origin/feature.sg/gamified-temp-fix'.
File 'bitbucket-pipelines.yml' exists in repo: pedagogy on branch: feature.sg/gamified-temp-fix
************* Processing for branch: feature.sg/get-scorm-contetpath-fix *************
branch 'feature.sg/get-scorm-contetpath-fix' set up to track 'origin/feature.sg/get-scorm-contetpath-fix'.
File 'bitbucket-pipelines.yml' exists in repo: pedagogy on branch: feature.sg/get-scorm-contetpath-fix
************* Processing for branch: feature.sg/get-user-score-csv *************
branch 'feature.sg/get-user-score-csv' set up to track 'origin/feature.sg/get-user-score-csv'.
File 'bitbucket-pipelines.yml' exists in repo: pedagogy on branch: feature.sg/get-user-score-csv
************* Processing for branch: feature.sg/getAllUser-searchBy *************
branch 'feature.sg/getAllUser-searchBy' set up to track 'origin/feature.sg/getAllUser-searchBy'.
File 'bitbucket-pipelines.yml' exists in repo: pedagogy on branch: feature.sg/getAllUser-searchBy
************* Processing for branch: feature.sg/jnnu-ppt-fix *************
branch 'feature.sg/jnnu-ppt-fix' set up to track 'origin/feature.sg/jnnu-ppt-fix'.
File 'bitbucket-pipelines.yml' exists in repo: pedagogy on branch: feature.sg/jnnu-ppt-fix
************* Processing for branch: feature.sg/kuk-cf-all-content *************
branch 'feature.sg/kuk-cf-all-content' set up to track 'origin/feature.sg/kuk-cf-all-content'.
File 'bitbucket-pipelines.yml' exists in repo: pedagogy on branch: feature.sg/kuk-cf-all-content
************* Processing for branch: feature.sg/kuk-cf-code *************
branch 'feature.sg/kuk-cf-code' set up to track 'origin/feature.sg/kuk-cf-code'.
File 'bitbucket-pipelines.yml' exists in repo: pedagogy on branch: feature.sg/kuk-cf-code
************* Processing for branch: feature.sg/liveclass-count *************
branch 'feature.sg/liveclass-count' set up to track 'origin/feature.sg/liveclass-count'.
File 'bitbucket-pipelines.yml' exists in repo: pedagogy on branch: feature.sg/liveclass-count
************* Processing for branch: feature.sg/mobile-home-progress *************
branch 'feature.sg/mobile-home-progress' set up to track 'origin/feature.sg/mobile-home-progress'.
File 'bitbucket-pipelines.yml' exists in repo: pedagogy on branch: feature.sg/mobile-home-progress
************* Processing for branch: feature.sg/mobile-lms-api-deploy-3 *************
branch 'feature.sg/mobile-lms-api-deploy-3' set up to track 'origin/feature.sg/mobile-lms-api-deploy-3'.
File 'bitbucket-pipelines.yml' exists in repo: pedagogy on branch: feature.sg/mobile-lms-api-deploy-3
************* Processing for branch: feature.sg/mobile-lms-progress-apis2 *************
branch 'feature.sg/mobile-lms-progress-apis2' set up to track 'origin/feature.sg/mobile-lms-progress-apis2'.
File 'bitbucket-pipelines.yml' exists in repo: pedagogy on branch: feature.sg/mobile-lms-progress-apis2
************* Processing for branch: feature.sg/mobile-lms-progresse-apis *************
branch 'feature.sg/mobile-lms-progresse-apis' set up to track 'origin/feature.sg/mobile-lms-progresse-apis'.
File 'bitbucket-pipelines.yml' exists in repo: pedagogy on branch: feature.sg/mobile-lms-progresse-apis
************* Processing for branch: feature.sg/prod-announcement *************
branch 'feature.sg/prod-announcement' set up to track 'origin/feature.sg/prod-announcement'.
File 'bitbucket-pipelines.yml' exists in repo: pedagogy on branch: feature.sg/prod-announcement
************* Processing for branch: feature.sg/progress-code-refactor *************
branch 'feature.sg/progress-code-refactor' set up to track 'origin/feature.sg/progress-code-refactor'.
File 'bitbucket-pipelines.yml' exists in repo: pedagogy on branch: feature.sg/progress-code-refactor
************* Processing for branch: feature.sg/progress-testing *************
branch 'feature.sg/progress-testing' set up to track 'origin/feature.sg/progress-testing'.
File 'bitbucket-pipelines.yml' exists in repo: pedagogy on branch: feature.sg/progress-testing
************* Processing for branch: feature.sg/release.ar-zoom-changes *************
branch 'feature.sg/release.ar-zoom-changes' set up to track 'origin/feature.sg/release.ar-zoom-changes'.
File 'bitbucket-pipelines.yml' exists in repo: pedagogy on branch: feature.sg/release.ar-zoom-changes
************* Processing for branch: feature.sg/remove-cdn *************
branch 'feature.sg/remove-cdn' set up to track 'origin/feature.sg/remove-cdn'.
File 'bitbucket-pipelines.yml' exists in repo: pedagogy on branch: feature.sg/remove-cdn
************* Processing for branch: feature.sg/scorm-download-api *************
branch 'feature.sg/scorm-download-api' set up to track 'origin/feature.sg/scorm-download-api'.
File 'bitbucket-pipelines.yml' exists in repo: pedagogy on branch: feature.sg/scorm-download-api
************* Processing for branch: feature.sg/scorm-dypatil-prod *************
branch 'feature.sg/scorm-dypatil-prod' set up to track 'origin/feature.sg/scorm-dypatil-prod'.
File 'bitbucket-pipelines.yml' exists in repo: pedagogy on branch: feature.sg/scorm-dypatil-prod
************* Processing for branch: feature.sg/scorm-temp-fixes *************
branch 'feature.sg/scorm-temp-fixes' set up to track 'origin/feature.sg/scorm-temp-fixes'.
File 'bitbucket-pipelines.yml' exists in repo: pedagogy on branch: feature.sg/scorm-temp-fixes
************* Processing for branch: feature.sg/scorm-upload-changes *************
branch 'feature.sg/scorm-upload-changes' set up to track 'origin/feature.sg/scorm-upload-changes'.
File 'bitbucket-pipelines.yml' exists in repo: pedagogy on branch: feature.sg/scorm-upload-changes
************* Processing for branch: feature.sg/status-progress-url-hardcoded *************
branch 'feature.sg/status-progress-url-hardcoded' set up to track 'origin/feature.sg/status-progress-url-hardcoded'.
File 'bitbucket-pipelines.yml' exists in repo: pedagogy on branch: feature.sg/status-progress-url-hardcoded
************* Processing for branch: feature.sg/subject-level-chapter-assignment-count-fix *************
branch 'feature.sg/subject-level-chapter-assignment-count-fix' set up to track 'origin/feature.sg/subject-level-chapter-assignment-count-fix'.
File 'bitbucket-pipelines.yml' exists in repo: pedagogy on branch: feature.sg/subject-level-chapter-assignment-count-fix
************* Processing for branch: feature.sg/subject-liveclass-count *************
branch 'feature.sg/subject-liveclass-count' set up to track 'origin/feature.sg/subject-liveclass-count'.
File 'bitbucket-pipelines.yml' exists in repo: pedagogy on branch: feature.sg/subject-liveclass-count
************* Processing for branch: feature.sg/user-attempt-list-api *************
branch 'feature.sg/user-attempt-list-api' set up to track 'origin/feature.sg/user-attempt-list-api'.
File 'bitbucket-pipelines.yml' exists in repo: pedagogy on branch: feature.sg/user-attempt-list-api
************* Processing for branch: feature.sg/user-search-functionality *************
branch 'feature.sg/user-search-functionality' set up to track 'origin/feature.sg/user-search-functionality'.
File 'bitbucket-pipelines.yml' exists in repo: pedagogy on branch: feature.sg/user-search-functionality
************* Processing for branch: feature.sg/user-search-functionality2.0 *************
branch 'feature.sg/user-search-functionality2.0' set up to track 'origin/feature.sg/user-search-functionality2.0'.
File 'bitbucket-pipelines.yml' exists in repo: pedagogy on branch: feature.sg/user-search-functionality2.0
************* Processing for branch: feature.sg/vgu-cf-code *************
branch 'feature.sg/vgu-cf-code' set up to track 'origin/feature.sg/vgu-cf-code'.
File 'bitbucket-pipelines.yml' exists in repo: pedagogy on branch: feature.sg/vgu-cf-code
************* Processing for branch: feature.sg/web-scorm *************
branch 'feature.sg/web-scorm' set up to track 'origin/feature.sg/web-scorm'.
File 'bitbucket-pipelines.yml' exists in repo: pedagogy on branch: feature.sg/web-scorm
************* Processing for branch: feature.sg/web-scorm-kh-prod *************
branch 'feature.sg/web-scorm-kh-prod' set up to track 'origin/feature.sg/web-scorm-kh-prod'.
File 'bitbucket-pipelines.yml' exists in repo: pedagogy on branch: feature.sg/web-scorm-kh-prod
************* Processing for branch: feature.sg/web-scorm-kh-prod-2 *************
branch 'feature.sg/web-scorm-kh-prod-2' set up to track 'origin/feature.sg/web-scorm-kh-prod-2'.
File 'bitbucket-pipelines.yml' exists in repo: pedagogy on branch: feature.sg/web-scorm-kh-prod-2
************* Processing for branch: feature.sg2/andhra-createdup *************
branch 'feature.sg2/andhra-createdup' set up to track 'origin/feature.sg2/andhra-createdup'.
File 'bitbucket-pipelines.yml' exists in repo: pedagogy on branch: feature.sg2/andhra-createdup
************* Processing for branch: feature.sg2/andhra-discussion-report *************
branch 'feature.sg2/andhra-discussion-report' set up to track 'origin/feature.sg2/andhra-discussion-report'.
File 'bitbucket-pipelines.yml' exists in repo: pedagogy on branch: feature.sg2/andhra-discussion-report
************* Processing for branch: feature.sg2/andhra-liverecord *************
branch 'feature.sg2/andhra-liverecord' set up to track 'origin/feature.sg2/andhra-liverecord'.
File 'bitbucket-pipelines.yml' exists in repo: pedagogy on branch: feature.sg2/andhra-liverecord
************* Processing for branch: feature.sg2/andhra-livereport *************
branch 'feature.sg2/andhra-livereport' set up to track 'origin/feature.sg2/andhra-livereport'.
File 'bitbucket-pipelines.yml' exists in repo: pedagogy on branch: feature.sg2/andhra-livereport
************* Processing for branch: feature.sg2/assignment *************
branch 'feature.sg2/assignment' set up to track 'origin/feature.sg2/assignment'.
File 'bitbucket-pipelines.yml' exists in repo: pedagogy on branch: feature.sg2/assignment
************* Processing for branch: feature.sg2/assignment-createup *************
branch 'feature.sg2/assignment-createup' set up to track 'origin/feature.sg2/assignment-createup'.
File 'bitbucket-pipelines.yml' exists in repo: pedagogy on branch: feature.sg2/assignment-createup
************* Processing for branch: feature.sg2/assignment-list *************
branch 'feature.sg2/assignment-list' set up to track 'origin/feature.sg2/assignment-list'.
File 'bitbucket-pipelines.yml' exists in repo: pedagogy on branch: feature.sg2/assignment-list
************* Processing for branch: feature.sg2/assignment-notif *************
branch 'feature.sg2/assignment-notif' set up to track 'origin/feature.sg2/assignment-notif'.
File 'bitbucket-pipelines.yml' exists in repo: pedagogy on branch: feature.sg2/assignment-notif
************* Processing for branch: feature.sg2/assignnment-createdat *************
branch 'feature.sg2/assignnment-createdat' set up to track 'origin/feature.sg2/assignnment-createdat'.
File 'bitbucket-pipelines.yml' exists in repo: pedagogy on branch: feature.sg2/assignnment-createdat
************* Processing for branch: feature.sg2/courseware *************
branch 'feature.sg2/courseware' set up to track 'origin/feature.sg2/courseware'.
File 'bitbucket-pipelines.yml' exists in repo: pedagogy on branch: feature.sg2/courseware
************* Processing for branch: feature.sg2/cu-createup *************
branch 'feature.sg2/cu-createup' set up to track 'origin/feature.sg2/cu-createup'.
File 'bitbucket-pipelines.yml' exists in repo: pedagogy on branch: feature.sg2/cu-createup
************* Processing for branch: feature.sg2/cu-live-report *************
branch 'feature.sg2/cu-live-report' set up to track 'origin/feature.sg2/cu-live-report'.
File 'bitbucket-pipelines.yml' exists in repo: pedagogy on branch: feature.sg2/cu-live-report
************* Processing for branch: feature.sg2/cu-liveclassrecord *************
branch 'feature.sg2/cu-liveclassrecord' set up to track 'origin/feature.sg2/cu-liveclassrecord'.
File 'bitbucket-pipelines.yml' exists in repo: pedagogy on branch: feature.sg2/cu-liveclassrecord
************* Processing for branch: feature.sg2/discussion-report *************
branch 'feature.sg2/discussion-report' set up to track 'origin/feature.sg2/discussion-report'.
File 'bitbucket-pipelines.yml' exists in repo: pedagogy on branch: feature.sg2/discussion-report
************* Processing for branch: feature.sg2/dy-createdup *************
branch 'feature.sg2/dy-createdup' set up to track 'origin/feature.sg2/dy-createdup'.
File 'bitbucket-pipelines.yml' exists in repo: pedagogy on branch: feature.sg2/dy-createdup
************* Processing for branch: feature.sg2/dy-live-record *************
branch 'feature.sg2/dy-live-record' set up to track 'origin/feature.sg2/dy-live-record'.
File 'bitbucket-pipelines.yml' exists in repo: pedagogy on branch: feature.sg2/dy-live-record
************* Processing for branch: feature.sg2/dypatil-discussion-report *************
branch 'feature.sg2/dypatil-discussion-report' set up to track 'origin/feature.sg2/dypatil-discussion-report'.
File 'bitbucket-pipelines.yml' exists in repo: pedagogy on branch: feature.sg2/dypatil-discussion-report
************* Processing for branch: feature.sg2/final-noti *************
branch 'feature.sg2/final-noti' set up to track 'origin/feature.sg2/final-noti'.
File 'bitbucket-pipelines.yml' exists in repo: pedagogy on branch: feature.sg2/final-noti
************* Processing for branch: feature.sg2/graded-discussion *************
branch 'feature.sg2/graded-discussion' set up to track 'origin/feature.sg2/graded-discussion'.
File 'bitbucket-pipelines.yml' exists in repo: pedagogy on branch: feature.sg2/graded-discussion
************* Processing for branch: feature.sg2/gradeddiscussion *************
branch 'feature.sg2/gradeddiscussion' set up to track 'origin/feature.sg2/gradeddiscussion'.
File 'bitbucket-pipelines.yml' exists in repo: pedagogy on branch: feature.sg2/gradeddiscussion
************* Processing for branch: feature.sg2/gradeddiscussionfix *************
branch 'feature.sg2/gradeddiscussionfix' set up to track 'origin/feature.sg2/gradeddiscussionfix'.
File 'bitbucket-pipelines.yml' exists in repo: pedagogy on branch: feature.sg2/gradeddiscussionfix
************* Processing for branch: feature.sg2/gradedisc *************
branch 'feature.sg2/gradedisc' set up to track 'origin/feature.sg2/gradedisc'.
File 'bitbucket-pipelines.yml' exists in repo: pedagogy on branch: feature.sg2/gradedisc
************* Processing for branch: feature.sg2/jain-createdup *************
branch 'feature.sg2/jain-createdup' set up to track 'origin/feature.sg2/jain-createdup'.
File 'bitbucket-pipelines.yml' exists in repo: pedagogy on branch: feature.sg2/jain-createdup
************* Processing for branch: feature.sg2/jain-discussion-report *************
branch 'feature.sg2/jain-discussion-report' set up to track 'origin/feature.sg2/jain-discussion-report'.
File 'bitbucket-pipelines.yml' exists in repo: pedagogy on branch: feature.sg2/jain-discussion-report
************* Processing for branch: feature.sg2/jain-liveclass-record *************
branch 'feature.sg2/jain-liveclass-record' set up to track 'origin/feature.sg2/jain-liveclass-record'.
File 'bitbucket-pipelines.yml' exists in repo: pedagogy on branch: feature.sg2/jain-liveclass-record
************* Processing for branch: feature.sg2/jenkindiscussion *************
branch 'feature.sg2/jenkindiscussion' set up to track 'origin/feature.sg2/jenkindiscussion'.
File 'bitbucket-pipelines.yml' exists in repo: pedagogy on branch: feature.sg2/jenkindiscussion
************* Processing for branch: feature.sg2/kafka *************
branch 'feature.sg2/kafka' set up to track 'origin/feature.sg2/kafka'.
File 'bitbucket-pipelines.yml' exists in repo: pedagogy on branch: feature.sg2/kafka
************* Processing for branch: feature.sg2/kh *************
branch 'feature.sg2/kh' set up to track 'origin/feature.sg2/kh'.
File 'bitbucket-pipelines.yml' exists in repo: pedagogy on branch: feature.sg2/kh
************* Processing for branch: feature.sg2/kuk-createdup *************
branch 'feature.sg2/kuk-createdup' set up to track 'origin/feature.sg2/kuk-createdup'.
File 'bitbucket-pipelines.yml' exists in repo: pedagogy on branch: feature.sg2/kuk-createdup
************* Processing for branch: feature.sg2/kuk-discussion-report *************
branch 'feature.sg2/kuk-discussion-report' set up to track 'origin/feature.sg2/kuk-discussion-report'.
File 'bitbucket-pipelines.yml' exists in repo: pedagogy on branch: feature.sg2/kuk-discussion-report
************* Processing for branch: feature.sg2/kuk-liveclass-report *************
branch 'feature.sg2/kuk-liveclass-report' set up to track 'origin/feature.sg2/kuk-liveclass-report'.
File 'bitbucket-pipelines.yml' exists in repo: pedagogy on branch: feature.sg2/kuk-liveclass-report
************* Processing for branch: feature.sg2/kuk-liveclassrecord *************
branch 'feature.sg2/kuk-liveclassrecord' set up to track 'origin/feature.sg2/kuk-liveclassrecord'.
File 'bitbucket-pipelines.yml' exists in repo: pedagogy on branch: feature.sg2/kuk-liveclassrecord
************* Processing for branch: feature.sg2/kuk-livereport *************
branch 'feature.sg2/kuk-livereport' set up to track 'origin/feature.sg2/kuk-livereport'.
File 'bitbucket-pipelines.yml' exists in repo: pedagogy on branch: feature.sg2/kuk-livereport
************* Processing for branch: feature.sg2/liveclassreport *************
branch 'feature.sg2/liveclassreport' set up to track 'origin/feature.sg2/liveclassreport'.
File 'bitbucket-pipelines.yml' exists in repo: pedagogy on branch: feature.sg2/liveclassreport
************* Processing for branch: feature.sg2/noti-cron *************
branch 'feature.sg2/noti-cron' set up to track 'origin/feature.sg2/noti-cron'.
File 'bitbucket-pipelines.yml' exists in repo: pedagogy on branch: feature.sg2/noti-cron
************* Processing for branch: feature.sg2/notification *************
branch 'feature.sg2/notification' set up to track 'origin/feature.sg2/notification'.
File 'bitbucket-pipelines.yml' exists in repo: pedagogy on branch: feature.sg2/notification
************* Processing for branch: feature.sg2/practice-userattempts *************
branch 'feature.sg2/practice-userattempts' set up to track 'origin/feature.sg2/practice-userattempts'.
File 'bitbucket-pipelines.yml' exists in repo: pedagogy on branch: feature.sg2/practice-userattempts
************* Processing for branch: feature.sg2/qa-chapterlist *************
branch 'feature.sg2/qa-chapterlist' set up to track 'origin/feature.sg2/qa-chapterlist'.
File 'bitbucket-pipelines.yml' exists in repo: pedagogy on branch: feature.sg2/qa-chapterlist
************* Processing for branch: feature.sg2/real-assignment *************
branch 'feature.sg2/real-assignment' set up to track 'origin/feature.sg2/real-assignment'.
File 'bitbucket-pipelines.yml' exists in repo: pedagogy on branch: feature.sg2/real-assignment
************* Processing for branch: feature.sg2/revamp *************
branch 'feature.sg2/revamp' set up to track 'origin/feature.sg2/revamp'.
File 'bitbucket-pipelines.yml' exists in repo: pedagogy on branch: feature.sg2/revamp
************* Processing for branch: feature.sg2/subjectcontents *************
branch 'feature.sg2/subjectcontents' set up to track 'origin/feature.sg2/subjectcontents'.
File 'bitbucket-pipelines.yml' exists in repo: pedagogy on branch: feature.sg2/subjectcontents
************* Processing for branch: feature.sg2/userattempts *************
branch 'feature.sg2/userattempts' set up to track 'origin/feature.sg2/userattempts'.
File 'bitbucket-pipelines.yml' exists in repo: pedagogy on branch: feature.sg2/userattempts
************* Processing for branch: feature.sg2/userid *************
branch 'feature.sg2/userid' set up to track 'origin/feature.sg2/userid'.
File 'bitbucket-pipelines.yml' exists in repo: pedagogy on branch: feature.sg2/userid
************* Processing for branch: feature.sg2/userlist *************
branch 'feature.sg2/userlist' set up to track 'origin/feature.sg2/userlist'.
File 'bitbucket-pipelines.yml' exists in repo: pedagogy on branch: feature.sg2/userlist
************* Processing for branch: feature.sg2/vgu-createup *************
branch 'feature.sg2/vgu-createup' set up to track 'origin/feature.sg2/vgu-createup'.
File 'bitbucket-pipelines.yml' exists in repo: pedagogy on branch: feature.sg2/vgu-createup
************* Processing for branch: feature.sg2/vgu-liveclass-report *************
branch 'feature.sg2/vgu-liveclass-report' set up to track 'origin/feature.sg2/vgu-liveclass-report'.
File 'bitbucket-pipelines.yml' exists in repo: pedagogy on branch: feature.sg2/vgu-liveclass-report
************* Processing for branch: feature.sg2/vgu-liverecord *************
branch 'feature.sg2/vgu-liverecord' set up to track 'origin/feature.sg2/vgu-liverecord'.
File 'bitbucket-pipelines.yml' exists in repo: pedagogy on branch: feature.sg2/vgu-liverecord
************* Processing for branch: feature.sk.zoomfixing *************
branch 'feature.sk.zoomfixing' set up to track 'origin/feature.sk.zoomfixing'.
File 'bitbucket-pipelines.yml' exists in repo: pedagogy on branch: feature.sk.zoomfixing
************* Processing for branch: feature.sk/Comments *************
branch 'feature.sk/Comments' set up to track 'origin/feature.sk/Comments'.
File 'bitbucket-pipelines.yml' exists in repo: pedagogy on branch: feature.sk/Comments
************* Processing for branch: feature.sk/academic-calander *************
branch 'feature.sk/academic-calander' set up to track 'origin/feature.sk/academic-calander'.
File 'bitbucket-pipelines.yml' exists in repo: pedagogy on branch: feature.sk/academic-calander
************* Processing for branch: feature.sk/andhra-bulkupload *************
branch 'feature.sk/andhra-bulkupload' set up to track 'origin/feature.sk/andhra-bulkupload'.
File 'bitbucket-pipelines.yml' exists in repo: pedagogy on branch: feature.sk/andhra-bulkupload
************* Processing for branch: feature.sk/asignmentFix *************
branch 'feature.sk/asignmentFix' set up to track 'origin/feature.sk/asignmentFix'.
File 'bitbucket-pipelines.yml' exists in repo: pedagogy on branch: feature.sk/asignmentFix
************* Processing for branch: feature.sk/assignment-alerts *************
branch 'feature.sk/assignment-alerts' set up to track 'origin/feature.sk/assignment-alerts'.
File 'bitbucket-pipelines.yml' exists in repo: pedagogy on branch: feature.sk/assignment-alerts
************* Processing for branch: feature.sk/assignment-email-alerts *************
branch 'feature.sk/assignment-email-alerts' set up to track 'origin/feature.sk/assignment-email-alerts'.
File 'bitbucket-pipelines.yml' exists in repo: pedagogy on branch: feature.sk/assignment-email-alerts
************* Processing for branch: feature.sk/attendance-fix *************
branch 'feature.sk/attendance-fix' set up to track 'origin/feature.sk/attendance-fix'.
File 'bitbucket-pipelines.yml' exists in repo: pedagogy on branch: feature.sk/attendance-fix
************* Processing for branch: feature.sk/bugfixes *************
branch 'feature.sk/bugfixes' set up to track 'origin/feature.sk/bugfixes'.
File 'bitbucket-pipelines.yml' exists in repo: pedagogy on branch: feature.sk/bugfixes
************* Processing for branch: feature.sk/bulkupload-fix *************
branch 'feature.sk/bulkupload-fix' set up to track 'origin/feature.sk/bulkupload-fix'.
File 'bitbucket-pipelines.yml' exists in repo: pedagogy on branch: feature.sk/bulkupload-fix
************* Processing for branch: feature.sk/bulkuploadFix *************
branch 'feature.sk/bulkuploadFix' set up to track 'origin/feature.sk/bulkuploadFix'.
File 'bitbucket-pipelines.yml' exists in repo: pedagogy on branch: feature.sk/bulkuploadFix
************* Processing for branch: feature.sk/calenderFixes *************
branch 'feature.sk/calenderFixes' set up to track 'origin/feature.sk/calenderFixes'.
File 'bitbucket-pipelines.yml' exists in repo: pedagogy on branch: feature.sk/calenderFixes
************* Processing for branch: feature.sk/category *************
branch 'feature.sk/category' set up to track 'origin/feature.sk/category'.
File 'bitbucket-pipelines.yml' exists in repo: pedagogy on branch: feature.sk/category
************* Processing for branch: feature.sk/centurianBugs *************
branch 'feature.sk/centurianBugs' set up to track 'origin/feature.sk/centurianBugs'.
File 'bitbucket-pipelines.yml' exists in repo: pedagogy on branch: feature.sk/centurianBugs
************* Processing for branch: feature.sk/chapters-management *************
branch 'feature.sk/chapters-management' set up to track 'origin/feature.sk/chapters-management'.
File 'bitbucket-pipelines.yml' exists in repo: pedagogy on branch: feature.sk/chapters-management
************* Processing for branch: feature.sk/cloning *************
branch 'feature.sk/cloning' set up to track 'origin/feature.sk/cloning'.
File 'bitbucket-pipelines.yml' exists in repo: pedagogy on branch: feature.sk/cloning
************* Processing for branch: feature.sk/common-branch *************
branch 'feature.sk/common-branch' set up to track 'origin/feature.sk/common-branch'.
File 'bitbucket-pipelines.yml' exists in repo: pedagogy on branch: feature.sk/common-branch
************* Processing for branch: feature.sk/contentfixes *************
branch 'feature.sk/contentfixes' set up to track 'origin/feature.sk/contentfixes'.
File 'bitbucket-pipelines.yml' exists in repo: pedagogy on branch: feature.sk/contentfixes
************* Processing for branch: feature.sk/cu-bulkupload *************
branch 'feature.sk/cu-bulkupload' set up to track 'origin/feature.sk/cu-bulkupload'.
File 'bitbucket-pipelines.yml' exists in repo: pedagogy on branch: feature.sk/cu-bulkupload
************* Processing for branch: feature.sk/cu-bulkupload-fix *************
branch 'feature.sk/cu-bulkupload-fix' set up to track 'origin/feature.sk/cu-bulkupload-fix'.
File 'bitbucket-pipelines.yml' exists in repo: pedagogy on branch: feature.sk/cu-bulkupload-fix
************* Processing for branch: feature.sk/discussion-fix *************
branch 'feature.sk/discussion-fix' set up to track 'origin/feature.sk/discussion-fix'.
File 'bitbucket-pipelines.yml' exists in repo: pedagogy on branch: feature.sk/discussion-fix
************* Processing for branch: feature.sk/downtimefeature *************
branch 'feature.sk/downtimefeature' set up to track 'origin/feature.sk/downtimefeature'.
File 'bitbucket-pipelines.yml' exists in repo: pedagogy on branch: feature.sk/downtimefeature
************* Processing for branch: feature.sk/due-fees-fix *************
branch 'feature.sk/due-fees-fix' set up to track 'origin/feature.sk/due-fees-fix'.
File 'bitbucket-pipelines.yml' exists in repo: pedagogy on branch: feature.sk/due-fees-fix
************* Processing for branch: feature.sk/emailTriggers *************
branch 'feature.sk/emailTriggers' set up to track 'origin/feature.sk/emailTriggers'.
File 'bitbucket-pipelines.yml' exists in repo: pedagogy on branch: feature.sk/emailTriggers
************* Processing for branch: feature.sk/emailfixes *************
branch 'feature.sk/emailfixes' set up to track 'origin/feature.sk/emailfixes'.
File 'bitbucket-pipelines.yml' exists in repo: pedagogy on branch: feature.sk/emailfixes
************* Processing for branch: feature.sk/entityfixes *************
branch 'feature.sk/entityfixes' set up to track 'origin/feature.sk/entityfixes'.
File 'bitbucket-pipelines.yml' exists in repo: pedagogy on branch: feature.sk/entityfixes
************* Processing for branch: feature.sk/filters *************
branch 'feature.sk/filters' set up to track 'origin/feature.sk/filters'.
File 'bitbucket-pipelines.yml' exists in repo: pedagogy on branch: feature.sk/filters
************* Processing for branch: feature.sk/fixes *************
branch 'feature.sk/fixes' set up to track 'origin/feature.sk/fixes'.
File 'bitbucket-pipelines.yml' exists in repo: pedagogy on branch: feature.sk/fixes
************* Processing for branch: feature.sk/kuk-bulkupload *************
branch 'feature.sk/kuk-bulkupload' set up to track 'origin/feature.sk/kuk-bulkupload'.
File 'bitbucket-pipelines.yml' exists in repo: pedagogy on branch: feature.sk/kuk-bulkupload
************* Processing for branch: feature.sk/live-class-zoom-subject-fix *************
branch 'feature.sk/live-class-zoom-subject-fix' set up to track 'origin/feature.sk/live-class-zoom-subject-fix'.
File 'bitbucket-pipelines.yml' exists in repo: pedagogy on branch: feature.sk/live-class-zoom-subject-fix
************* Processing for branch: feature.sk/liveclass-alerts *************
branch 'feature.sk/liveclass-alerts' set up to track 'origin/feature.sk/liveclass-alerts'.
File 'bitbucket-pipelines.yml' exists in repo: pedagogy on branch: feature.sk/liveclass-alerts
************* Processing for branch: feature.sk/logofixe *************
branch 'feature.sk/logofixe' set up to track 'origin/feature.sk/logofixe'.
File 'bitbucket-pipelines.yml' exists in repo: pedagogy on branch: feature.sk/logofixe
************* Processing for branch: feature.sk/mobile-display-fix *************
branch 'feature.sk/mobile-display-fix' set up to track 'origin/feature.sk/mobile-display-fix'.
File 'bitbucket-pipelines.yml' exists in repo: pedagogy on branch: feature.sk/mobile-display-fix
************* Processing for branch: feature.sk/newCategory *************
branch 'feature.sk/newCategory' set up to track 'origin/feature.sk/newCategory'.
File 'bitbucket-pipelines.yml' exists in repo: pedagogy on branch: feature.sk/newCategory
************* Processing for branch: feature.sk/newFixes *************
branch 'feature.sk/newFixes' set up to track 'origin/feature.sk/newFixes'.
File 'bitbucket-pipelines.yml' exists in repo: pedagogy on branch: feature.sk/newFixes
************* Processing for branch: feature.sk/notifications *************
branch 'feature.sk/notifications' set up to track 'origin/feature.sk/notifications'.
File 'bitbucket-pipelines.yml' exists in repo: pedagogy on branch: feature.sk/notifications
************* Processing for branch: feature.sk/passwordfixes *************
branch 'feature.sk/passwordfixes' set up to track 'origin/feature.sk/passwordfixes'.
File 'bitbucket-pipelines.yml' exists in repo: pedagogy on branch: feature.sk/passwordfixes
************* Processing for branch: feature.sk/programbatchsemester-fixes *************
branch 'feature.sk/programbatchsemester-fixes' set up to track 'origin/feature.sk/programbatchsemester-fixes'.
File 'bitbucket-pipelines.yml' exists in repo: pedagogy on branch: feature.sk/programbatchsemester-fixes
************* Processing for branch: feature.sk/recentFixes *************
branch 'feature.sk/recentFixes' set up to track 'origin/feature.sk/recentFixes'.
File 'bitbucket-pipelines.yml' exists in repo: pedagogy on branch: feature.sk/recentFixes
************* Processing for branch: feature.sk/refactor *************
branch 'feature.sk/refactor' set up to track 'origin/feature.sk/refactor'.
File 'bitbucket-pipelines.yml' exists in repo: pedagogy on branch: feature.sk/refactor
************* Processing for branch: feature.sk/s3-content-auth *************
branch 'feature.sk/s3-content-auth' set up to track 'origin/feature.sk/s3-content-auth'.
File 'bitbucket-pipelines.yml' exists in repo: pedagogy on branch: feature.sk/s3-content-auth
************* Processing for branch: feature.sk/s3-cookies-changes *************
branch 'feature.sk/s3-cookies-changes' set up to track 'origin/feature.sk/s3-cookies-changes'.
File 'bitbucket-pipelines.yml' exists in repo: pedagogy on branch: feature.sk/s3-cookies-changes
************* Processing for branch: feature.sk/scormFixes *************
branch 'feature.sk/scormFixes' set up to track 'origin/feature.sk/scormFixes'.
File 'bitbucket-pipelines.yml' exists in repo: pedagogy on branch: feature.sk/scormFixes
************* Processing for branch: feature.sk/scormFixesLatest *************
branch 'feature.sk/scormFixesLatest' set up to track 'origin/feature.sk/scormFixesLatest'.
File 'bitbucket-pipelines.yml' exists in repo: pedagogy on branch: feature.sk/scormFixesLatest
************* Processing for branch: feature.sk/scormFixesLatestTemp *************
branch 'feature.sk/scormFixesLatestTemp' set up to track 'origin/feature.sk/scormFixesLatestTemp'.
File 'bitbucket-pipelines.yml' exists in repo: pedagogy on branch: feature.sk/scormFixesLatestTemp
************* Processing for branch: feature.sk/templateFixes *************
branch 'feature.sk/templateFixes' set up to track 'origin/feature.sk/templateFixes'.
File 'bitbucket-pipelines.yml' exists in repo: pedagogy on branch: feature.sk/templateFixes
************* Processing for branch: feature.sk/test *************
branch 'feature.sk/test' set up to track 'origin/feature.sk/test'.
File 'bitbucket-pipelines.yml' exists in repo: pedagogy on branch: feature.sk/test
************* Processing for branch: feature.sk/testing *************
branch 'feature.sk/testing' set up to track 'origin/feature.sk/testing'.
File 'bitbucket-pipelines.yml' exists in repo: pedagogy on branch: feature.sk/testing
************* Processing for branch: feature.sk/university-management *************
branch 'feature.sk/university-management' set up to track 'origin/feature.sk/university-management'.
File 'bitbucket-pipelines.yml' exists in repo: pedagogy on branch: feature.sk/university-management
************* Processing for branch: feature.sk/uploadFixes *************
branch 'feature.sk/uploadFixes' set up to track 'origin/feature.sk/uploadFixes'.
File 'bitbucket-pipelines.yml' exists in repo: pedagogy on branch: feature.sk/uploadFixes
************* Processing for branch: feature.sk/uploadImages *************
branch 'feature.sk/uploadImages' set up to track 'origin/feature.sk/uploadImages'.
File 'bitbucket-pipelines.yml' exists in repo: pedagogy on branch: feature.sk/uploadImages
************* Processing for branch: feature.sk/user-filter-fix *************
branch 'feature.sk/user-filter-fix' set up to track 'origin/feature.sk/user-filter-fix'.
File 'bitbucket-pipelines.yml' exists in repo: pedagogy on branch: feature.sk/user-filter-fix
************* Processing for branch: feature.sk/userattemptFix *************
branch 'feature.sk/userattemptFix' set up to track 'origin/feature.sk/userattemptFix'.
File 'bitbucket-pipelines.yml' exists in repo: pedagogy on branch: feature.sk/userattemptFix
************* Processing for branch: feature.sk/users *************
branch 'feature.sk/users' set up to track 'origin/feature.sk/users'.
File 'bitbucket-pipelines.yml' exists in repo: pedagogy on branch: feature.sk/users
************* Processing for branch: feature.sk/vgu-discussion-fix *************
branch 'feature.sk/vgu-discussion-fix' set up to track 'origin/feature.sk/vgu-discussion-fix'.
File 'bitbucket-pipelines.yml' exists in repo: pedagogy on branch: feature.sk/vgu-discussion-fix
************* Processing for branch: feature.sk/zoom-subject-mapping-fix *************
branch 'feature.sk/zoom-subject-mapping-fix' set up to track 'origin/feature.sk/zoom-subject-mapping-fix'.
File 'bitbucket-pipelines.yml' exists in repo: pedagogy on branch: feature.sk/zoom-subject-mapping-fix
************* Processing for branch: feature.ss/andhra-attendance-report *************
branch 'feature.ss/andhra-attendance-report' set up to track 'origin/feature.ss/andhra-attendance-report'.
File 'bitbucket-pipelines.yml' exists in repo: pedagogy on branch: feature.ss/andhra-attendance-report
************* Processing for branch: feature.ss/andhra-hour-report *************
branch 'feature.ss/andhra-hour-report' set up to track 'origin/feature.ss/andhra-hour-report'.
File 'bitbucket-pipelines.yml' exists in repo: pedagogy on branch: feature.ss/andhra-hour-report
************* Processing for branch: feature.ss/andhra-liveclass-upload-change *************
branch 'feature.ss/andhra-liveclass-upload-change' set up to track 'origin/feature.ss/andhra-liveclass-upload-change'.
File 'bitbucket-pipelines.yml' exists in repo: pedagogy on branch: feature.ss/andhra-liveclass-upload-change
************* Processing for branch: feature.ss/andhra-referral-popup *************
branch 'feature.ss/andhra-referral-popup' set up to track 'origin/feature.ss/andhra-referral-popup'.
File 'bitbucket-pipelines.yml' exists in repo: pedagogy on branch: feature.ss/andhra-referral-popup
************* Processing for branch: feature.ss/andhra-telegram-feature *************
branch 'feature.ss/andhra-telegram-feature' set up to track 'origin/feature.ss/andhra-telegram-feature'.
File 'bitbucket-pipelines.yml' exists in repo: pedagogy on branch: feature.ss/andhra-telegram-feature
************* Processing for branch: feature.ss/andhra-urgency-bar-change *************
branch 'feature.ss/andhra-urgency-bar-change' set up to track 'origin/feature.ss/andhra-urgency-bar-change'.
File 'bitbucket-pipelines.yml' exists in repo: pedagogy on branch: feature.ss/andhra-urgency-bar-change
************* Processing for branch: feature.ss/assignment-banner-api *************
branch 'feature.ss/assignment-banner-api' set up to track 'origin/feature.ss/assignment-banner-api'.
File 'bitbucket-pipelines.yml' exists in repo: pedagogy on branch: feature.ss/assignment-banner-api
************* Processing for branch: feature.ss/assignment-fix *************
branch 'feature.ss/assignment-fix' set up to track 'origin/feature.ss/assignment-fix'.
File 'bitbucket-pipelines.yml' exists in repo: pedagogy on branch: feature.ss/assignment-fix
************* Processing for branch: feature.ss/attendance-logic *************
branch 'feature.ss/attendance-logic' set up to track 'origin/feature.ss/attendance-logic'.
File 'bitbucket-pipelines.yml' exists in repo: pedagogy on branch: feature.ss/attendance-logic
************* Processing for branch: feature.ss/attendance1-report *************
branch 'feature.ss/attendance1-report' set up to track 'origin/feature.ss/attendance1-report'.
File 'bitbucket-pipelines.yml' exists in repo: pedagogy on branch: feature.ss/attendance1-report
************* Processing for branch: feature.ss/attendances-report *************
branch 'feature.ss/attendances-report' set up to track 'origin/feature.ss/attendances-report'.
File 'bitbucket-pipelines.yml' exists in repo: pedagogy on branch: feature.ss/attendances-report
************* Processing for branch: feature.ss/auth-module-impl *************
branch 'feature.ss/auth-module-impl' set up to track 'origin/feature.ss/auth-module-impl'.
File 'bitbucket-pipelines.yml' exists in repo: pedagogy on branch: feature.ss/auth-module-impl
************* Processing for branch: feature.ss/banner-assignment-api *************
branch 'feature.ss/banner-assignment-api' set up to track 'origin/feature.ss/banner-assignment-api'.
File 'bitbucket-pipelines.yml' exists in repo: pedagogy on branch: feature.ss/banner-assignment-api
************* Processing for branch: feature.ss/centurian-liveclass-upload *************
branch 'feature.ss/centurian-liveclass-upload' set up to track 'origin/feature.ss/centurian-liveclass-upload'.
File 'bitbucket-pipelines.yml' exists in repo: pedagogy on branch: feature.ss/centurian-liveclass-upload
************* Processing for branch: feature.ss/centurian-tele-feature *************
branch 'feature.ss/centurian-tele-feature' set up to track 'origin/feature.ss/centurian-tele-feature'.
File 'bitbucket-pipelines.yml' exists in repo: pedagogy on branch: feature.ss/centurian-tele-feature
************* Processing for branch: feature.ss/chapter-bug-fix *************
branch 'feature.ss/chapter-bug-fix' set up to track 'origin/feature.ss/chapter-bug-fix'.
File 'bitbucket-pipelines.yml' exists in repo: pedagogy on branch: feature.ss/chapter-bug-fix
************* Processing for branch: feature.ss/common-dyp-urgency *************
branch 'feature.ss/common-dyp-urgency' set up to track 'origin/feature.ss/common-dyp-urgency'.
File 'bitbucket-pipelines.yml' exists in repo: pedagogy on branch: feature.ss/common-dyp-urgency
************* Processing for branch: feature.ss/common-liveclass-upload *************
branch 'feature.ss/common-liveclass-upload' set up to track 'origin/feature.ss/common-liveclass-upload'.
File 'bitbucket-pipelines.yml' exists in repo: pedagogy on branch: feature.ss/common-liveclass-upload
************* Processing for branch: feature.ss/common-liveclass-upload-change *************
branch 'feature.ss/common-liveclass-upload-change' set up to track 'origin/feature.ss/common-liveclass-upload-change'.
File 'bitbucket-pipelines.yml' exists in repo: pedagogy on branch: feature.ss/common-liveclass-upload-change
************* Processing for branch: feature.ss/common-referral-popup *************
branch 'feature.ss/common-referral-popup' set up to track 'origin/feature.ss/common-referral-popup'.
File 'bitbucket-pipelines.yml' exists in repo: pedagogy on branch: feature.ss/common-referral-popup
************* Processing for branch: feature.ss/common-streak *************
branch 'feature.ss/common-streak' set up to track 'origin/feature.ss/common-streak'.
File 'bitbucket-pipelines.yml' exists in repo: pedagogy on branch: feature.ss/common-streak
************* Processing for branch: feature.ss/common-telegram-feature *************
branch 'feature.ss/common-telegram-feature' set up to track 'origin/feature.ss/common-telegram-feature'.
File 'bitbucket-pipelines.yml' exists in repo: pedagogy on branch: feature.ss/common-telegram-feature
************* Processing for branch: feature.ss/common-urgency-bar *************
branch 'feature.ss/common-urgency-bar' set up to track 'origin/feature.ss/common-urgency-bar'.
File 'bitbucket-pipelines.yml' exists in repo: pedagogy on branch: feature.ss/common-urgency-bar
************* Processing for branch: feature.ss/content-img *************
branch 'feature.ss/content-img' set up to track 'origin/feature.ss/content-img'.
File 'bitbucket-pipelines.yml' exists in repo: pedagogy on branch: feature.ss/content-img
************* Processing for branch: feature.ss/content-size *************
branch 'feature.ss/content-size' set up to track 'origin/feature.ss/content-size'.
File 'bitbucket-pipelines.yml' exists in repo: pedagogy on branch: feature.ss/content-size
************* Processing for branch: feature.ss/continue-learning *************
branch 'feature.ss/continue-learning' set up to track 'origin/feature.ss/continue-learning'.
File 'bitbucket-pipelines.yml' exists in repo: pedagogy on branch: feature.ss/continue-learning
************* Processing for branch: feature.ss/course-list *************
branch 'feature.ss/course-list' set up to track 'origin/feature.ss/course-list'.
File 'bitbucket-pipelines.yml' exists in repo: pedagogy on branch: feature.ss/course-list
************* Processing for branch: feature.ss/cu-aadhar-mobile-app *************
branch 'feature.ss/cu-aadhar-mobile-app' set up to track 'origin/feature.ss/cu-aadhar-mobile-app'.
File 'bitbucket-pipelines.yml' exists in repo: pedagogy on branch: feature.ss/cu-aadhar-mobile-app
************* Processing for branch: feature.ss/cu-attendance-report *************
branch 'feature.ss/cu-attendance-report' set up to track 'origin/feature.ss/cu-attendance-report'.
File 'bitbucket-pipelines.yml' exists in repo: pedagogy on branch: feature.ss/cu-attendance-report
************* Processing for branch: feature.ss/cu-hour-report *************
branch 'feature.ss/cu-hour-report' set up to track 'origin/feature.ss/cu-hour-report'.
File 'bitbucket-pipelines.yml' exists in repo: pedagogy on branch: feature.ss/cu-hour-report
************* Processing for branch: feature.ss/cu-liveclass-upload-change *************
branch 'feature.ss/cu-liveclass-upload-change' set up to track 'origin/feature.ss/cu-liveclass-upload-change'.
File 'bitbucket-pipelines.yml' exists in repo: pedagogy on branch: feature.ss/cu-liveclass-upload-change
************* Processing for branch: feature.ss/cu-mobile-app *************
branch 'feature.ss/cu-mobile-app' set up to track 'origin/feature.ss/cu-mobile-app'.
File 'bitbucket-pipelines.yml' exists in repo: pedagogy on branch: feature.ss/cu-mobile-app
************* Processing for branch: feature.ss/cu-mobile-app-testing *************
branch 'feature.ss/cu-mobile-app-testing' set up to track 'origin/feature.ss/cu-mobile-app-testing'.
File 'bitbucket-pipelines.yml' exists in repo: pedagogy on branch: feature.ss/cu-mobile-app-testing
************* Processing for branch: feature.ss/cu-mobile-apps *************
branch 'feature.ss/cu-mobile-apps' set up to track 'origin/feature.ss/cu-mobile-apps'.
File 'bitbucket-pipelines.yml' exists in repo: pedagogy on branch: feature.ss/cu-mobile-apps
************* Processing for branch: feature.ss/cu-ref-popup *************
branch 'feature.ss/cu-ref-popup' set up to track 'origin/feature.ss/cu-ref-popup'.
File 'bitbucket-pipelines.yml' exists in repo: pedagogy on branch: feature.ss/cu-ref-popup
************* Processing for branch: feature.ss/cu-referral-aadhar-changes *************
branch 'feature.ss/cu-referral-aadhar-changes' set up to track 'origin/feature.ss/cu-referral-aadhar-changes'.
File 'bitbucket-pipelines.yml' exists in repo: pedagogy on branch: feature.ss/cu-referral-aadhar-changes
************* Processing for branch: feature.ss/cu-referral-popup *************
branch 'feature.ss/cu-referral-popup' set up to track 'origin/feature.ss/cu-referral-popup'.
File 'bitbucket-pipelines.yml' exists in repo: pedagogy on branch: feature.ss/cu-referral-popup
************* Processing for branch: feature.ss/cu-telegram-feature *************
branch 'feature.ss/cu-telegram-feature' set up to track 'origin/feature.ss/cu-telegram-feature'.
File 'bitbucket-pipelines.yml' exists in repo: pedagogy on branch: feature.ss/cu-telegram-feature
************* Processing for branch: feature.ss/cu-urgency-changes *************
branch 'feature.ss/cu-urgency-changes' set up to track 'origin/feature.ss/cu-urgency-changes'.
File 'bitbucket-pipelines.yml' exists in repo: pedagogy on branch: feature.ss/cu-urgency-changes
************* Processing for branch: feature.ss/display-fix *************
branch 'feature.ss/display-fix' set up to track 'origin/feature.ss/display-fix'.
File 'bitbucket-pipelines.yml' exists in repo: pedagogy on branch: feature.ss/display-fix
************* Processing for branch: feature.ss/dy-liveclass-upload *************
branch 'feature.ss/dy-liveclass-upload' set up to track 'origin/feature.ss/dy-liveclass-upload'.
File 'bitbucket-pipelines.yml' exists in repo: pedagogy on branch: feature.ss/dy-liveclass-upload
************* Processing for branch: feature.ss/dyp-class-upload *************
branch 'feature.ss/dyp-class-upload' set up to track 'origin/feature.ss/dyp-class-upload'.
File 'bitbucket-pipelines.yml' exists in repo: pedagogy on branch: feature.ss/dyp-class-upload
************* Processing for branch: feature.ss/dyp-liveclass-upload *************
branch 'feature.ss/dyp-liveclass-upload' set up to track 'origin/feature.ss/dyp-liveclass-upload'.
File 'bitbucket-pipelines.yml' exists in repo: pedagogy on branch: feature.ss/dyp-liveclass-upload
************* Processing for branch: feature.ss/dyp-referral-popup *************
branch 'feature.ss/dyp-referral-popup' set up to track 'origin/feature.ss/dyp-referral-popup'.
File 'bitbucket-pipelines.yml' exists in repo: pedagogy on branch: feature.ss/dyp-referral-popup
************* Processing for branch: feature.ss/error-msg-change *************
branch 'feature.ss/error-msg-change' set up to track 'origin/feature.ss/error-msg-change'.
File 'bitbucket-pipelines.yml' exists in repo: pedagogy on branch: feature.ss/error-msg-change
************* Processing for branch: feature.ss/final-common-referral-popup *************
branch 'feature.ss/final-common-referral-popup' set up to track 'origin/feature.ss/final-common-referral-popup'.
File 'bitbucket-pipelines.yml' exists in repo: pedagogy on branch: feature.ss/final-common-referral-popup
************* Processing for branch: feature.ss/hour-report *************
branch 'feature.ss/hour-report' set up to track 'origin/feature.ss/hour-report'.
File 'bitbucket-pipelines.yml' exists in repo: pedagogy on branch: feature.ss/hour-report
************* Processing for branch: feature.ss/hour-report-fix *************
branch 'feature.ss/hour-report-fix' set up to track 'origin/feature.ss/hour-report-fix'.
File 'bitbucket-pipelines.yml' exists in repo: pedagogy on branch: feature.ss/hour-report-fix
************* Processing for branch: feature.ss/hr-andhra-report *************
branch 'feature.ss/hr-andhra-report' set up to track 'origin/feature.ss/hr-andhra-report'.
File 'bitbucket-pipelines.yml' exists in repo: pedagogy on branch: feature.ss/hr-andhra-report
************* Processing for branch: feature.ss/hr-cu-report *************
branch 'feature.ss/hr-cu-report' set up to track 'origin/feature.ss/hr-cu-report'.
File 'bitbucket-pipelines.yml' exists in repo: pedagogy on branch: feature.ss/hr-cu-report
************* Processing for branch: feature.ss/hr-jain-report *************
branch 'feature.ss/hr-jain-report' set up to track 'origin/feature.ss/hr-jain-report'.
File 'bitbucket-pipelines.yml' exists in repo: pedagogy on branch: feature.ss/hr-jain-report
************* Processing for branch: feature.ss/hr-kuk-report *************
branch 'feature.ss/hr-kuk-report' set up to track 'origin/feature.ss/hr-kuk-report'.
File 'bitbucket-pipelines.yml' exists in repo: pedagogy on branch: feature.ss/hr-kuk-report
************* Processing for branch: feature.ss/hr-report *************
branch 'feature.ss/hr-report' set up to track 'origin/feature.ss/hr-report'.
File 'bitbucket-pipelines.yml' exists in repo: pedagogy on branch: feature.ss/hr-report
************* Processing for branch: feature.ss/hr-report-fix *************
branch 'feature.ss/hr-report-fix' set up to track 'origin/feature.ss/hr-report-fix'.
File 'bitbucket-pipelines.yml' exists in repo: pedagogy on branch: feature.ss/hr-report-fix
************* Processing for branch: feature.ss/hr-vgu-report *************
branch 'feature.ss/hr-vgu-report' set up to track 'origin/feature.ss/hr-vgu-report'.
File 'bitbucket-pipelines.yml' exists in repo: pedagogy on branch: feature.ss/hr-vgu-report
************* Processing for branch: feature.ss/jain-attendance *************
branch 'feature.ss/jain-attendance' set up to track 'origin/feature.ss/jain-attendance'.
File 'bitbucket-pipelines.yml' exists in repo: pedagogy on branch: feature.ss/jain-attendance
************* Processing for branch: feature.ss/jain-hour-report *************
branch 'feature.ss/jain-hour-report' set up to track 'origin/feature.ss/jain-hour-report'.
File 'bitbucket-pipelines.yml' exists in repo: pedagogy on branch: feature.ss/jain-hour-report
************* Processing for branch: feature.ss/jain-liveclass-upload *************
branch 'feature.ss/jain-liveclass-upload' set up to track 'origin/feature.ss/jain-liveclass-upload'.
File 'bitbucket-pipelines.yml' exists in repo: pedagogy on branch: feature.ss/jain-liveclass-upload
************* Processing for branch: feature.ss/jain-tele-feature *************
branch 'feature.ss/jain-tele-feature' set up to track 'origin/feature.ss/jain-tele-feature'.
File 'bitbucket-pipelines.yml' exists in repo: pedagogy on branch: feature.ss/jain-tele-feature
************* Processing for branch: feature.ss/jain-telegram-feature *************
branch 'feature.ss/jain-telegram-feature' set up to track 'origin/feature.ss/jain-telegram-feature'.
File 'bitbucket-pipelines.yml' exists in repo: pedagogy on branch: feature.ss/jain-telegram-feature
************* Processing for branch: feature.ss/kuk-attendance-report *************
branch 'feature.ss/kuk-attendance-report' set up to track 'origin/feature.ss/kuk-attendance-report'.
File 'bitbucket-pipelines.yml' exists in repo: pedagogy on branch: feature.ss/kuk-attendance-report
************* Processing for branch: feature.ss/kuk-hour-report *************
branch 'feature.ss/kuk-hour-report' set up to track 'origin/feature.ss/kuk-hour-report'.
File 'bitbucket-pipelines.yml' exists in repo: pedagogy on branch: feature.ss/kuk-hour-report
************* Processing for branch: feature.ss/kuk-liveclass-upload-change *************
branch 'feature.ss/kuk-liveclass-upload-change' set up to track 'origin/feature.ss/kuk-liveclass-upload-change'.
File 'bitbucket-pipelines.yml' exists in repo: pedagogy on branch: feature.ss/kuk-liveclass-upload-change
************* Processing for branch: feature.ss/kuk-referral-popup *************
branch 'feature.ss/kuk-referral-popup' set up to track 'origin/feature.ss/kuk-referral-popup'.
File 'bitbucket-pipelines.yml' exists in repo: pedagogy on branch: feature.ss/kuk-referral-popup
************* Processing for branch: feature.ss/kuk-telegram-feature *************
branch 'feature.ss/kuk-telegram-feature' set up to track 'origin/feature.ss/kuk-telegram-feature'.
File 'bitbucket-pipelines.yml' exists in repo: pedagogy on branch: feature.ss/kuk-telegram-feature
************* Processing for branch: feature.ss/learner-report *************
branch 'feature.ss/learner-report' set up to track 'origin/feature.ss/learner-report'.
File 'bitbucket-pipelines.yml' exists in repo: pedagogy on branch: feature.ss/learner-report
************* Processing for branch: feature.ss/learning-report *************
branch 'feature.ss/learning-report' set up to track 'origin/feature.ss/learning-report'.
File 'bitbucket-pipelines.yml' exists in repo: pedagogy on branch: feature.ss/learning-report
************* Processing for branch: feature.ss/liveclass-recorded *************
branch 'feature.ss/liveclass-recorded' set up to track 'origin/feature.ss/liveclass-recorded'.
File 'bitbucket-pipelines.yml' exists in repo: pedagogy on branch: feature.ss/liveclass-recorded
************* Processing for branch: feature.ss/liveclass-streak *************
branch 'feature.ss/liveclass-streak' set up to track 'origin/feature.ss/liveclass-streak'.
File 'bitbucket-pipelines.yml' exists in repo: pedagogy on branch: feature.ss/liveclass-streak
************* Processing for branch: feature.ss/liveclass-upload *************
branch 'feature.ss/liveclass-upload' set up to track 'origin/feature.ss/liveclass-upload'.
File 'bitbucket-pipelines.yml' exists in repo: pedagogy on branch: feature.ss/liveclass-upload
************* Processing for branch: feature.ss/log-impl *************
branch 'feature.ss/log-impl' set up to track 'origin/feature.ss/log-impl'.
File 'bitbucket-pipelines.yml' exists in repo: pedagogy on branch: feature.ss/log-impl
************* Processing for branch: feature.ss/logout-api *************
branch 'feature.ss/logout-api' set up to track 'origin/feature.ss/logout-api'.
File 'bitbucket-pipelines.yml' exists in repo: pedagogy on branch: feature.ss/logout-api
************* Processing for branch: feature.ss/niu-telegram-redirection *************
branch 'feature.ss/niu-telegram-redirection' set up to track 'origin/feature.ss/niu-telegram-redirection'.
File 'bitbucket-pipelines.yml' exists in repo: pedagogy on branch: feature.ss/niu-telegram-redirection
************* Processing for branch: feature.ss/otp-trigger *************
branch 'feature.ss/otp-trigger' set up to track 'origin/feature.ss/otp-trigger'.
File 'bitbucket-pipelines.yml' exists in repo: pedagogy on branch: feature.ss/otp-trigger
************* Processing for branch: feature.ss/parti-report *************
branch 'feature.ss/parti-report' set up to track 'origin/feature.ss/parti-report'.
File 'bitbucket-pipelines.yml' exists in repo: pedagogy on branch: feature.ss/parti-report
************* Processing for branch: feature.ss/participation-report *************
branch 'feature.ss/participation-report' set up to track 'origin/feature.ss/participation-report'.
File 'bitbucket-pipelines.yml' exists in repo: pedagogy on branch: feature.ss/participation-report
************* Processing for branch: feature.ss/que-count *************
branch 'feature.ss/que-count' set up to track 'origin/feature.ss/que-count'.
File 'bitbucket-pipelines.yml' exists in repo: pedagogy on branch: feature.ss/que-count
************* Processing for branch: feature.ss/redis-impl *************
branch 'feature.ss/redis-impl' set up to track 'origin/feature.ss/redis-impl'.
File 'bitbucket-pipelines.yml' exists in repo: pedagogy on branch: feature.ss/redis-impl
************* Processing for branch: feature.ss/role-fix *************
branch 'feature.ss/role-fix' set up to track 'origin/feature.ss/role-fix'.
File 'bitbucket-pipelines.yml' exists in repo: pedagogy on branch: feature.ss/role-fix
************* Processing for branch: feature.ss/sem-bug-fix *************
branch 'feature.ss/sem-bug-fix' set up to track 'origin/feature.ss/sem-bug-fix'.
File 'bitbucket-pipelines.yml' exists in repo: pedagogy on branch: feature.ss/sem-bug-fix
************* Processing for branch: feature.ss/sem-error-handle *************
branch 'feature.ss/sem-error-handle' set up to track 'origin/feature.ss/sem-error-handle'.
File 'bitbucket-pipelines.yml' exists in repo: pedagogy on branch: feature.ss/sem-error-handle
************* Processing for branch: feature.ss/sem-id *************
branch 'feature.ss/sem-id' set up to track 'origin/feature.ss/sem-id'.
File 'bitbucket-pipelines.yml' exists in repo: pedagogy on branch: feature.ss/sem-id
************* Processing for branch: feature.ss/sem-live-class *************
branch 'feature.ss/sem-live-class' set up to track 'origin/feature.ss/sem-live-class'.
File 'bitbucket-pipelines.yml' exists in repo: pedagogy on branch: feature.ss/sem-live-class
************* Processing for branch: feature.ss/semid *************
branch 'feature.ss/semid' set up to track 'origin/feature.ss/semid'.
File 'bitbucket-pipelines.yml' exists in repo: pedagogy on branch: feature.ss/semid
************* Processing for branch: feature.ss/subject-count *************
branch 'feature.ss/subject-count' set up to track 'origin/feature.ss/subject-count'.
File 'bitbucket-pipelines.yml' exists in repo: pedagogy on branch: feature.ss/subject-count
************* Processing for branch: feature.ss/subject-list *************
branch 'feature.ss/subject-list' set up to track 'origin/feature.ss/subject-list'.
File 'bitbucket-pipelines.yml' exists in repo: pedagogy on branch: feature.ss/subject-list
************* Processing for branch: feature.ss/telegram-common *************
branch 'feature.ss/telegram-common' set up to track 'origin/feature.ss/telegram-common'.
File 'bitbucket-pipelines.yml' exists in repo: pedagogy on branch: feature.ss/telegram-common
************* Processing for branch: feature.ss/telegram-link-redirection *************
branch 'feature.ss/telegram-link-redirection' set up to track 'origin/feature.ss/telegram-link-redirection'.
File 'bitbucket-pipelines.yml' exists in repo: pedagogy on branch: feature.ss/telegram-link-redirection
************* Processing for branch: feature.ss/temp-cu-ref-pop *************
branch 'feature.ss/temp-cu-ref-pop' set up to track 'origin/feature.ss/temp-cu-ref-pop'.
File 'bitbucket-pipelines.yml' exists in repo: pedagogy on branch: feature.ss/temp-cu-ref-pop
************* Processing for branch: feature.ss/token-changes *************
branch 'feature.ss/token-changes' set up to track 'origin/feature.ss/token-changes'.
File 'bitbucket-pipelines.yml' exists in repo: pedagogy on branch: feature.ss/token-changes
************* Processing for branch: feature.ss/urgency-bar *************
branch 'feature.ss/urgency-bar' set up to track 'origin/feature.ss/urgency-bar'.
File 'bitbucket-pipelines.yml' exists in repo: pedagogy on branch: feature.ss/urgency-bar
************* Processing for branch: feature.ss/urgency-bar-change *************
branch 'feature.ss/urgency-bar-change' set up to track 'origin/feature.ss/urgency-bar-change'.
File 'bitbucket-pipelines.yml' exists in repo: pedagogy on branch: feature.ss/urgency-bar-change
************* Processing for branch: feature.ss/urgency-bar-payment-changes *************
branch 'feature.ss/urgency-bar-payment-changes' set up to track 'origin/feature.ss/urgency-bar-payment-changes'.
File 'bitbucket-pipelines.yml' exists in repo: pedagogy on branch: feature.ss/urgency-bar-payment-changes
************* Processing for branch: feature.ss/url-change *************
branch 'feature.ss/url-change' set up to track 'origin/feature.ss/url-change'.
File 'bitbucket-pipelines.yml' exists in repo: pedagogy on branch: feature.ss/url-change
************* Processing for branch: feature.ss/user-attempt *************
branch 'feature.ss/user-attempt' set up to track 'origin/feature.ss/user-attempt'.
File 'bitbucket-pipelines.yml' exists in repo: pedagogy on branch: feature.ss/user-attempt
************* Processing for branch: feature.ss/vgu-hour-report *************
branch 'feature.ss/vgu-hour-report' set up to track 'origin/feature.ss/vgu-hour-report'.
File 'bitbucket-pipelines.yml' exists in repo: pedagogy on branch: feature.ss/vgu-hour-report
************* Processing for branch: feature.ss/vgu-liveclass-upload-change *************
branch 'feature.ss/vgu-liveclass-upload-change' set up to track 'origin/feature.ss/vgu-liveclass-upload-change'.
File 'bitbucket-pipelines.yml' exists in repo: pedagogy on branch: feature.ss/vgu-liveclass-upload-change
************* Processing for branch: feature.ss/vgu-referral-popup *************
branch 'feature.ss/vgu-referral-popup' set up to track 'origin/feature.ss/vgu-referral-popup'.
File 'bitbucket-pipelines.yml' exists in repo: pedagogy on branch: feature.ss/vgu-referral-popup
************* Processing for branch: feature.ss/vgu-telegram-feature *************
branch 'feature.ss/vgu-telegram-feature' set up to track 'origin/feature.ss/vgu-telegram-feature'.
File 'bitbucket-pipelines.yml' exists in repo: pedagogy on branch: feature.ss/vgu-telegram-feature
************* Processing for branch: feature.ss/zoom-mapping-fix *************
branch 'feature.ss/zoom-mapping-fix' set up to track 'origin/feature.ss/zoom-mapping-fix'.
File 'bitbucket-pipelines.yml' exists in repo: pedagogy on branch: feature.ss/zoom-mapping-fix
************* Processing for branch: feature/assignment-changes *************
branch 'feature/assignment-changes' set up to track 'origin/feature/assignment-changes'.
File 'bitbucket-pipelines.yml' exists in repo: pedagogy on branch: feature/assignment-changes
************* Processing for branch: feature/common *************
branch 'feature/common' set up to track 'origin/feature/common'.
File 'bitbucket-pipelines.yml' exists in repo: pedagogy on branch: feature/common
************* Processing for branch: feature/common-dec *************
branch 'feature/common-dec' set up to track 'origin/feature/common-dec'.
File 'bitbucket-pipelines.yml' exists in repo: pedagogy on branch: feature/common-dec
************* Processing for branch: feature/common-develop *************
branch 'feature/common-develop' set up to track 'origin/feature/common-develop'.
File 'bitbucket-pipelines.yml' exists in repo: pedagogy on branch: feature/common-develop
************* Processing for branch: feature/devops *************
branch 'feature/devops' set up to track 'origin/feature/devops'.
File 'bitbucket-pipelines.yml' exists in repo: pedagogy on branch: feature/devops
************* Processing for branch: feature/dypatil-common-dev *************
branch 'feature/dypatil-common-dev' set up to track 'origin/feature/dypatil-common-dev'.
File 'bitbucket-pipelines.yml' exists in repo: pedagogy on branch: feature/dypatil-common-dev
************* Processing for branch: feature/entity-check *************
branch 'feature/entity-check' set up to track 'origin/feature/entity-check'.
File 'bitbucket-pipelines.yml' exists in repo: pedagogy on branch: feature/entity-check
************* Processing for branch: feature/hp.bug-fixes *************
branch 'feature/hp.bug-fixes' set up to track 'origin/feature/hp.bug-fixes'.
File 'bitbucket-pipelines.yml' exists in repo: pedagogy on branch: feature/hp.bug-fixes
************* Processing for branch: feature/new-common-branch *************
branch 'feature/new-common-branch' set up to track 'origin/feature/new-common-branch'.
File 'bitbucket-pipelines.yml' exists in repo: pedagogy on branch: feature/new-common-branch
************* Processing for branch: feature/qa-be *************
branch 'feature/qa-be' set up to track 'origin/feature/qa-be'.
File 'bitbucket-pipelines.yml' exists in repo: pedagogy on branch: feature/qa-be
************* Processing for branch: feature/qa-branch *************
branch 'feature/qa-branch' set up to track 'origin/feature/qa-branch'.
File 'bitbucket-pipelines.yml' exists in repo: pedagogy on branch: feature/qa-branch
************* Processing for branch: feature/referral-applicable-program-batch *************
branch 'feature/referral-applicable-program-batch' set up to track 'origin/feature/referral-applicable-program-batch'.
File 'bitbucket-pipelines.yml' exists in repo: pedagogy on branch: feature/referral-applicable-program-batch
************* Processing for branch: feature/sonaeqube-backup *************
branch 'feature/sonaeqube-backup' set up to track 'origin/feature/sonaeqube-backup'.
File 'bitbucket-pipelines.yml' exists in repo: pedagogy on branch: feature/sonaeqube-backup
************* Processing for branch: feature/sonarqube-common-branch *************
branch 'feature/sonarqube-common-branch' set up to track 'origin/feature/sonarqube-common-branch'.
File 'bitbucket-pipelines.yml' exists in repo: pedagogy on branch: feature/sonarqube-common-branch
************* Processing for branch: feature/staging-branch-be *************
branch 'feature/staging-branch-be' set up to track 'origin/feature/staging-branch-be'.
File 'bitbucket-pipelines.yml' exists in repo: pedagogy on branch: feature/staging-branch-be
************* Processing for branch: feautre.sg2/cu-discussion-report *************
branch 'feautre.sg2/cu-discussion-report' set up to track 'origin/feautre.sg2/cu-discussion-report'.
File 'bitbucket-pipelines.yml' exists in repo: pedagogy on branch: feautre.sg2/cu-discussion-report
************* Processing for branch: feayure.ar/vgu-attendance-redis *************
branch 'feayure.ar/vgu-attendance-redis' set up to track 'origin/feayure.ar/vgu-attendance-redis'.
File 'bitbucket-pipelines.yml' exists in repo: pedagogy on branch: feayure.ar/vgu-attendance-redis
************* Processing for branch: fetaure.rk/fixex-faculty-api *************
branch 'fetaure.rk/fixex-faculty-api' set up to track 'origin/fetaure.rk/fixex-faculty-api'.
File 'bitbucket-pipelines.yml' exists in repo: pedagogy on branch: fetaure.rk/fixex-faculty-api
************* Processing for branch: feture.sg/user-attempt-data *************
branch 'feture.sg/user-attempt-data' set up to track 'origin/feture.sg/user-attempt-data'.
File 'bitbucket-pipelines.yml' exists in repo: pedagogy on branch: feture.sg/user-attempt-data
************* Processing for branch: fixes.aa *************
branch 'fixes.aa' set up to track 'origin/fixes.aa'.
File 'bitbucket-pipelines.yml' exists in repo: pedagogy on branch: fixes.aa
************* Processing for branch: fixes.rk/userattempt *************
branch 'fixes.rk/userattempt' set up to track 'origin/fixes.rk/userattempt'.
File 'bitbucket-pipelines.yml' exists in repo: pedagogy on branch: fixes.rk/userattempt
************* Processing for branch: fixes.sk *************
branch 'fixes.sk' set up to track 'origin/fixes.sk'.
File 'bitbucket-pipelines.yml' exists in repo: pedagogy on branch: fixes.sk
************* Processing for branch: folder-struct-renaming *************
branch 'folder-struct-renaming' set up to track 'origin/folder-struct-renaming'.
File 'bitbucket-pipelines.yml' exists in repo: pedagogy on branch: folder-struct-renaming
************* Processing for branch: frature.pa/mobile-beta-testing-changes *************
branch 'frature.pa/mobile-beta-testing-changes' set up to track 'origin/frature.pa/mobile-beta-testing-changes'.
File 'bitbucket-pipelines.yml' exists in repo: pedagogy on branch: frature.pa/mobile-beta-testing-changes
************* Processing for branch: guest.faculty/addition *************
branch 'guest.faculty/addition' set up to track 'origin/guest.faculty/addition'.
File 'bitbucket-pipelines.yml' exists in repo: pedagogy on branch: guest.faculty/addition
************* Processing for branch: hp.feature/content-upload-fixes *************
branch 'hp.feature/content-upload-fixes' set up to track 'origin/hp.feature/content-upload-fixes'.
File 'bitbucket-pipelines.yml' exists in repo: pedagogy on branch: hp.feature/content-upload-fixes
************* Processing for branch: liveClassUpdateFixes *************
branch 'liveClassUpdateFixes' set up to track 'origin/liveClassUpdateFixes'.
File 'bitbucket-pipelines.yml' exists in repo: pedagogy on branch: liveClassUpdateFixes
************* Processing for branch: logofixes *************
branch 'logofixes' set up to track 'origin/logofixes'.
File 'bitbucket-pipelines.yml' exists in repo: pedagogy on branch: logofixes
************* Processing for branch: logofixing *************
branch 'logofixing' set up to track 'origin/logofixing'.
File 'bitbucket-pipelines.yml' exists in repo: pedagogy on branch: logofixing
************* Processing for branch: mobile-app *************
branch 'mobile-app' set up to track 'origin/mobile-app'.
File 'bitbucket-pipelines.yml' exists in repo: pedagogy on branch: mobile-app
************* Processing for branch: mobile-app-be *************
branch 'mobile-app-be' set up to track 'origin/mobile-app-be'.
File 'bitbucket-pipelines.yml' exists in repo: pedagogy on branch: mobile-app-be
************* Processing for branch: mobile-deploy *************
branch 'mobile-deploy' set up to track 'origin/mobile-deploy'.
File 'bitbucket-pipelines.yml' exists in repo: pedagogy on branch: mobile-deploy
************* Processing for branch: mobile-live-class-display *************
branch 'mobile-live-class-display' set up to track 'origin/mobile-live-class-display'.
File 'bitbucket-pipelines.yml' exists in repo: pedagogy on branch: mobile-live-class-display
************* Processing for branch: presigned.aa/changes *************
branch 'presigned.aa/changes' set up to track 'origin/presigned.aa/changes'.
File 'bitbucket-pipelines.yml' exists in repo: pedagogy on branch: presigned.aa/changes
************* Processing for branch: referral.aa/changes *************
branch 'referral.aa/changes' set up to track 'origin/referral.aa/changes'.
File 'bitbucket-pipelines.yml' exists in repo: pedagogy on branch: referral.aa/changes
************* Processing for branch: release.aa/bigfix *************
branch 'release.aa/bigfix' set up to track 'origin/release.aa/bigfix'.
File 'bitbucket-pipelines.yml' exists in repo: pedagogy on branch: release.aa/bigfix
************* Processing for branch: release.aa/payment-due *************
branch 'release.aa/payment-due' set up to track 'origin/release.aa/payment-due'.
File 'bitbucket-pipelines.yml' exists in repo: pedagogy on branch: release.aa/payment-due
************* Processing for branch: release.am/folder-struct-renaming *************
branch 'release.am/folder-struct-renaming' set up to track 'origin/release.am/folder-struct-renaming'.
File 'bitbucket-pipelines.yml' exists in repo: pedagogy on branch: release.am/folder-struct-renaming
************* Processing for branch: release.ar/andhra *************
branch 'release.ar/andhra' set up to track 'origin/release.ar/andhra'.
File 'bitbucket-pipelines.yml' exists in repo: pedagogy on branch: release.ar/andhra
************* Processing for branch: release.ar/andhra-assignment-fix *************
branch 'release.ar/andhra-assignment-fix' set up to track 'origin/release.ar/andhra-assignment-fix'.
File 'bitbucket-pipelines.yml' exists in repo: pedagogy on branch: release.ar/andhra-assignment-fix
************* Processing for branch: release.ar/andhra-assignment-scores *************
branch 'release.ar/andhra-assignment-scores' set up to track 'origin/release.ar/andhra-assignment-scores'.
File 'bitbucket-pipelines.yml' exists in repo: pedagogy on branch: release.ar/andhra-assignment-scores
************* Processing for branch: release.ar/andhra-kafka-assignment-scores *************
branch 'release.ar/andhra-kafka-assignment-scores' set up to track 'origin/release.ar/andhra-kafka-assignment-scores'.
File 'bitbucket-pipelines.yml' exists in repo: pedagogy on branch: release.ar/andhra-kafka-assignment-scores
************* Processing for branch: release.ar/andhra-progress *************
branch 'release.ar/andhra-progress' set up to track 'origin/release.ar/andhra-progress'.
File 'bitbucket-pipelines.yml' exists in repo: pedagogy on branch: release.ar/andhra-progress
************* Processing for branch: release.ar/assignment-scores-kafka-progress *************
branch 'release.ar/assignment-scores-kafka-progress' set up to track 'origin/release.ar/assignment-scores-kafka-progress'.
File 'bitbucket-pipelines.yml' exists in repo: pedagogy on branch: release.ar/assignment-scores-kafka-progress
************* Processing for branch: release.ar/backup-kuk-uni *************
branch 'release.ar/backup-kuk-uni' set up to track 'origin/release.ar/backup-kuk-uni'.
File 'bitbucket-pipelines.yml' exists in repo: pedagogy on branch: release.ar/backup-kuk-uni
************* Processing for branch: release.ar/backup-zoom-changes *************
branch 'release.ar/backup-zoom-changes' set up to track 'origin/release.ar/backup-zoom-changes'.
File 'bitbucket-pipelines.yml' exists in repo: pedagogy on branch: release.ar/backup-zoom-changes
************* Processing for branch: release.ar/common-assignment-email-fix *************
branch 'release.ar/common-assignment-email-fix' set up to track 'origin/release.ar/common-assignment-email-fix'.
File 'bitbucket-pipelines.yml' exists in repo: pedagogy on branch: release.ar/common-assignment-email-fix
************* Processing for branch: release.ar/common-subjective-assignments *************
branch 'release.ar/common-subjective-assignments' set up to track 'origin/release.ar/common-subjective-assignments'.
File 'bitbucket-pipelines.yml' exists in repo: pedagogy on branch: release.ar/common-subjective-assignments
************* Processing for branch: release.ar/cu-assignment-fix *************
branch 'release.ar/cu-assignment-fix' set up to track 'origin/release.ar/cu-assignment-fix'.
File 'bitbucket-pipelines.yml' exists in repo: pedagogy on branch: release.ar/cu-assignment-fix
************* Processing for branch: release.ar/cu-assignment-scores *************
branch 'release.ar/cu-assignment-scores' set up to track 'origin/release.ar/cu-assignment-scores'.
File 'bitbucket-pipelines.yml' exists in repo: pedagogy on branch: release.ar/cu-assignment-scores
************* Processing for branch: release.ar/cu-assignment-scores-kafka-add *************
branch 'release.ar/cu-assignment-scores-kafka-add' set up to track 'origin/release.ar/cu-assignment-scores-kafka-add'.
File 'bitbucket-pipelines.yml' exists in repo: pedagogy on branch: release.ar/cu-assignment-scores-kafka-add
************* Processing for branch: release.ar/cu-bulk-upload *************
branch 'release.ar/cu-bulk-upload' set up to track 'origin/release.ar/cu-bulk-upload'.
File 'bitbucket-pipelines.yml' exists in repo: pedagogy on branch: release.ar/cu-bulk-upload
************* Processing for branch: release.ar/cu-progress *************
branch 'release.ar/cu-progress' set up to track 'origin/release.ar/cu-progress'.
File 'bitbucket-pipelines.yml' exists in repo: pedagogy on branch: release.ar/cu-progress
************* Processing for branch: release.ar/deploy-branch *************
branch 'release.ar/deploy-branch' set up to track 'origin/release.ar/deploy-branch'.
File 'bitbucket-pipelines.yml' exists in repo: pedagogy on branch: release.ar/deploy-branch
************* Processing for branch: release.ar/dy-assignment-fix *************
branch 'release.ar/dy-assignment-fix' set up to track 'origin/release.ar/dy-assignment-fix'.
File 'bitbucket-pipelines.yml' exists in repo: pedagogy on branch: release.ar/dy-assignment-fix
************* Processing for branch: release.ar/email *************
branch 'release.ar/email' set up to track 'origin/release.ar/email'.
File 'bitbucket-pipelines.yml' exists in repo: pedagogy on branch: release.ar/email
************* Processing for branch: release.ar/emailandrolecheck *************
branch 'release.ar/emailandrolecheck' set up to track 'origin/release.ar/emailandrolecheck'.
File 'bitbucket-pipelines.yml' exists in repo: pedagogy on branch: release.ar/emailandrolecheck
************* Processing for branch: release.ar/faculty-program-semester-fix *************
branch 'release.ar/faculty-program-semester-fix' set up to track 'origin/release.ar/faculty-program-semester-fix'.
File 'bitbucket-pipelines.yml' exists in repo: pedagogy on branch: release.ar/faculty-program-semester-fix
************* Processing for branch: release.ar/kafka-progress *************
branch 'release.ar/kafka-progress' set up to track 'origin/release.ar/kafka-progress'.
File 'bitbucket-pipelines.yml' exists in repo: pedagogy on branch: release.ar/kafka-progress
************* Processing for branch: release.ar/kuk-assignment-fix *************
branch 'release.ar/kuk-assignment-fix' set up to track 'origin/release.ar/kuk-assignment-fix'.
File 'bitbucket-pipelines.yml' exists in repo: pedagogy on branch: release.ar/kuk-assignment-fix
************* Processing for branch: release.ar/kuk-assignment-scores *************
branch 'release.ar/kuk-assignment-scores' set up to track 'origin/release.ar/kuk-assignment-scores'.
File 'bitbucket-pipelines.yml' exists in repo: pedagogy on branch: release.ar/kuk-assignment-scores
************* Processing for branch: release.ar/kuk-assignment-scores-kafka-add *************
branch 'release.ar/kuk-assignment-scores-kafka-add' set up to track 'origin/release.ar/kuk-assignment-scores-kafka-add'.
File 'bitbucket-pipelines.yml' exists in repo: pedagogy on branch: release.ar/kuk-assignment-scores-kafka-add
************* Processing for branch: release.ar/kuk-progress *************
branch 'release.ar/kuk-progress' set up to track 'origin/release.ar/kuk-progress'.
File 'bitbucket-pipelines.yml' exists in repo: pedagogy on branch: release.ar/kuk-progress
************* Processing for branch: release.ar/kuk-subjective-assignment *************
branch 'release.ar/kuk-subjective-assignment' set up to track 'origin/release.ar/kuk-subjective-assignment'.
File 'bitbucket-pipelines.yml' exists in repo: pedagogy on branch: release.ar/kuk-subjective-assignment
************* Processing for branch: release.ar/kuk-uni *************
branch 'release.ar/kuk-uni' set up to track 'origin/release.ar/kuk-uni'.
File 'bitbucket-pipelines.yml' exists in repo: pedagogy on branch: release.ar/kuk-uni
************* Processing for branch: release.ar/kuk-user-subject-mapping *************
branch 'release.ar/kuk-user-subject-mapping' set up to track 'origin/release.ar/kuk-user-subject-mapping'.
File 'bitbucket-pipelines.yml' exists in repo: pedagogy on branch: release.ar/kuk-user-subject-mapping
************* Processing for branch: release.ar/progress-report *************
branch 'release.ar/progress-report' set up to track 'origin/release.ar/progress-report'.
File 'bitbucket-pipelines.yml' exists in repo: pedagogy on branch: release.ar/progress-report
************* Processing for branch: release.ar/qa-deploy *************
branch 'release.ar/qa-deploy' set up to track 'origin/release.ar/qa-deploy'.
File 'bitbucket-pipelines.yml' exists in repo: pedagogy on branch: release.ar/qa-deploy
************* Processing for branch: release.ar/semester-progress-report *************
branch 'release.ar/semester-progress-report' set up to track 'origin/release.ar/semester-progress-report'.
File 'bitbucket-pipelines.yml' exists in repo: pedagogy on branch: release.ar/semester-progress-report
************* Processing for branch: release.ar/subjective-assignments *************
branch 'release.ar/subjective-assignments' set up to track 'origin/release.ar/subjective-assignments'.
File 'bitbucket-pipelines.yml' exists in repo: pedagogy on branch: release.ar/subjective-assignments
************* Processing for branch: release.ar/user-status-program-update *************
branch 'release.ar/user-status-program-update' set up to track 'origin/release.ar/user-status-program-update'.
File 'bitbucket-pipelines.yml' exists in repo: pedagogy on branch: release.ar/user-status-program-update
************* Processing for branch: release.ar/vgu *************
branch 'release.ar/vgu' set up to track 'origin/release.ar/vgu'.
File 'bitbucket-pipelines.yml' exists in repo: pedagogy on branch: release.ar/vgu
************* Processing for branch: release.ar/vgu-assignment-fix *************
branch 'release.ar/vgu-assignment-fix' set up to track 'origin/release.ar/vgu-assignment-fix'.
File 'bitbucket-pipelines.yml' exists in repo: pedagogy on branch: release.ar/vgu-assignment-fix
************* Processing for branch: release.ar/vgu-assignment-scores *************
branch 'release.ar/vgu-assignment-scores' set up to track 'origin/release.ar/vgu-assignment-scores'.
File 'bitbucket-pipelines.yml' exists in repo: pedagogy on branch: release.ar/vgu-assignment-scores
************* Processing for branch: release.ar/vgu-assignment-scores-kafka-add *************
branch 'release.ar/vgu-assignment-scores-kafka-add' set up to track 'origin/release.ar/vgu-assignment-scores-kafka-add'.
File 'bitbucket-pipelines.yml' exists in repo: pedagogy on branch: release.ar/vgu-assignment-scores-kafka-add
************* Processing for branch: release.ar/vgu-progress *************
branch 'release.ar/vgu-progress' set up to track 'origin/release.ar/vgu-progress'.
File 'bitbucket-pipelines.yml' exists in repo: pedagogy on branch: release.ar/vgu-progress
************* Processing for branch: release.ar/video-content-fix *************
branch 'release.ar/video-content-fix' set up to track 'origin/release.ar/video-content-fix'.
File 'bitbucket-pipelines.yml' exists in repo: pedagogy on branch: release.ar/video-content-fix
************* Processing for branch: release.ar/zoom-changes *************
branch 'release.ar/zoom-changes' set up to track 'origin/release.ar/zoom-changes'.
File 'bitbucket-pipelines.yml' exists in repo: pedagogy on branch: release.ar/zoom-changes
************* Processing for branch: release.pa/andhra-email-subject *************
branch 'release.pa/andhra-email-subject' set up to track 'origin/release.pa/andhra-email-subject'.
File 'bitbucket-pipelines.yml' exists in repo: pedagogy on branch: release.pa/andhra-email-subject
************* Processing for branch: release.pa/vgu-email-subject *************
branch 'release.pa/vgu-email-subject' set up to track 'origin/release.pa/vgu-email-subject'.
File 'bitbucket-pipelines.yml' exists in repo: pedagogy on branch: release.pa/vgu-email-subject
************* Processing for branch: release.rp/login-auth-integration *************
branch 'release.rp/login-auth-integration' set up to track 'origin/release.rp/login-auth-integration'.
File 'bitbucket-pipelines.yml' exists in repo: pedagogy on branch: release.rp/login-auth-integration
************* Processing for branch: release.sg2/drmgr-final-release *************
branch 'release.sg2/drmgr-final-release' set up to track 'origin/release.sg2/drmgr-final-release'.
File 'bitbucket-pipelines.yml' exists in repo: pedagogy on branch: release.sg2/drmgr-final-release
************* Processing for branch: release.sk/andhra-bulk-upload *************
branch 'release.sk/andhra-bulk-upload' set up to track 'origin/release.sk/andhra-bulk-upload'.
File 'bitbucket-pipelines.yml' exists in repo: pedagogy on branch: release.sk/andhra-bulk-upload
************* Processing for branch: release.sk/andhra-display-fix *************
branch 'release.sk/andhra-display-fix' set up to track 'origin/release.sk/andhra-display-fix'.
File 'bitbucket-pipelines.yml' exists in repo: pedagogy on branch: release.sk/andhra-display-fix
************* Processing for branch: release.sk/bulkupload-fix *************
branch 'release.sk/bulkupload-fix' set up to track 'origin/release.sk/bulkupload-fix'.
File 'bitbucket-pipelines.yml' exists in repo: pedagogy on branch: release.sk/bulkupload-fix
************* Processing for branch: release.sk/bulkuploadFixes *************
branch 'release.sk/bulkuploadFixes' set up to track 'origin/release.sk/bulkuploadFixes'.
File 'bitbucket-pipelines.yml' exists in repo: pedagogy on branch: release.sk/bulkuploadFixes
************* Processing for branch: release.sk/content-fix *************
branch 'release.sk/content-fix' set up to track 'origin/release.sk/content-fix'.
File 'bitbucket-pipelines.yml' exists in repo: pedagogy on branch: release.sk/content-fix
************* Processing for branch: release.sk/content-recent *************
branch 'release.sk/content-recent' set up to track 'origin/release.sk/content-recent'.
File 'bitbucket-pipelines.yml' exists in repo: pedagogy on branch: release.sk/content-recent
************* Processing for branch: release.sk/cu-bulkupload *************
branch 'release.sk/cu-bulkupload' set up to track 'origin/release.sk/cu-bulkupload'.
File 'bitbucket-pipelines.yml' exists in repo: pedagogy on branch: release.sk/cu-bulkupload
************* Processing for branch: release.sk/cu-display-fix *************
branch 'release.sk/cu-display-fix' set up to track 'origin/release.sk/cu-display-fix'.
File 'bitbucket-pipelines.yml' exists in repo: pedagogy on branch: release.sk/cu-display-fix
************* Processing for branch: release.sk/discussion-fix *************
branch 'release.sk/discussion-fix' set up to track 'origin/release.sk/discussion-fix'.
File 'bitbucket-pipelines.yml' exists in repo: pedagogy on branch: release.sk/discussion-fix
************* Processing for branch: release.sk/display-fix *************
branch 'release.sk/display-fix' set up to track 'origin/release.sk/display-fix'.
File 'bitbucket-pipelines.yml' exists in repo: pedagogy on branch: release.sk/display-fix
************* Processing for branch: release.sk/dyp-liveclass *************
branch 'release.sk/dyp-liveclass' set up to track 'origin/release.sk/dyp-liveclass'.
File 'bitbucket-pipelines.yml' exists in repo: pedagogy on branch: release.sk/dyp-liveclass
************* Processing for branch: release.sk/kiit-display-fix *************
branch 'release.sk/kiit-display-fix' set up to track 'origin/release.sk/kiit-display-fix'.
File 'bitbucket-pipelines.yml' exists in repo: pedagogy on branch: release.sk/kiit-display-fix
************* Processing for branch: release.sk/kuk-bulkupload-fix *************
branch 'release.sk/kuk-bulkupload-fix' set up to track 'origin/release.sk/kuk-bulkupload-fix'.
File 'bitbucket-pipelines.yml' exists in repo: pedagogy on branch: release.sk/kuk-bulkupload-fix
************* Processing for branch: release.sk/kuk-display-fix *************
branch 'release.sk/kuk-display-fix' set up to track 'origin/release.sk/kuk-display-fix'.
File 'bitbucket-pipelines.yml' exists in repo: pedagogy on branch: release.sk/kuk-display-fix
************* Processing for branch: release.sk/scorm-zip-upload *************
branch 'release.sk/scorm-zip-upload' set up to track 'origin/release.sk/scorm-zip-upload'.
File 'bitbucket-pipelines.yml' exists in repo: pedagogy on branch: release.sk/scorm-zip-upload
************* Processing for branch: release.sk/scormfiles *************
branch 'release.sk/scormfiles' set up to track 'origin/release.sk/scormfiles'.
File 'bitbucket-pipelines.yml' exists in repo: pedagogy on branch: release.sk/scormfiles
************* Processing for branch: release.sk/vgu-bulk-upload *************
branch 'release.sk/vgu-bulk-upload' set up to track 'origin/release.sk/vgu-bulk-upload'.
File 'bitbucket-pipelines.yml' exists in repo: pedagogy on branch: release.sk/vgu-bulk-upload
************* Processing for branch: release.sk/vgu-bulkupload-fix *************
branch 'release.sk/vgu-bulkupload-fix' set up to track 'origin/release.sk/vgu-bulkupload-fix'.
File 'bitbucket-pipelines.yml' exists in repo: pedagogy on branch: release.sk/vgu-bulkupload-fix
************* Processing for branch: release.sk/vgu-display-fix *************
branch 'release.sk/vgu-display-fix' set up to track 'origin/release.sk/vgu-display-fix'.
File 'bitbucket-pipelines.yml' exists in repo: pedagogy on branch: release.sk/vgu-display-fix
************* Processing for branch: release/andhra *************
branch 'release/andhra' set up to track 'origin/release/andhra'.
File 'bitbucket-pipelines.yml' exists in repo: pedagogy on branch: release/andhra
************* Processing for branch: release/chandigarh *************
branch 'release/chandigarh' set up to track 'origin/release/chandigarh'.
File 'bitbucket-pipelines.yml' exists in repo: pedagogy on branch: release/chandigarh
************* Processing for branch: release/devops *************
branch 'release/devops' set up to track 'origin/release/devops'.
File 'bitbucket-pipelines.yml' exists in repo: pedagogy on branch: release/devops
************* Processing for branch: release/devops-depolyment *************
branch 'release/devops-depolyment' set up to track 'origin/release/devops-depolyment'.
File 'bitbucket-pipelines.yml' exists in repo: pedagogy on branch: release/devops-depolyment
************* Processing for branch: release/dypatil *************
branch 'release/dypatil' set up to track 'origin/release/dypatil'.
File 'bitbucket-pipelines.yml' exists in repo: pedagogy on branch: release/dypatil
************* Processing for branch: release/kuk *************
branch 'release/kuk' set up to track 'origin/release/kuk'.
File 'bitbucket-pipelines.yml' exists in repo: pedagogy on branch: release/kuk
************* Processing for branch: release/vgu *************
branch 'release/vgu' set up to track 'origin/release/vgu'.
File 'bitbucket-pipelines.yml' exists in repo: pedagogy on branch: release/vgu
************* Processing for branch: sanjiv-kumar/deg819-changed-the-yml-file-1713252566337 *************
branch 'sanjiv-kumar/deg819-changed-the-yml-file-1713252566337' set up to track 'origin/sanjiv-kumar/deg819-changed-the-yml-file-1713252566337'.
File 'bitbucket-pipelines.yml' exists in repo: pedagogy on branch: sanjiv-kumar/deg819-changed-the-yml-file-1713252566337
************* Processing for branch: test *************
branch 'test' set up to track 'origin/test'.
File 'bitbucket-pipelines.yml' exists in repo: pedagogy on branch: test
************* Processing for branch: ucsfixing *************
branch 'ucsfixing' set up to track 'origin/ucsfixing'.
File 'bitbucket-pipelines.yml' exists in repo: pedagogy on branch: ucsfixing
Cleanup completed... for pedagogy
******************************-----------******************************
working on repo dypatil_website ........ 
************* Processing for branch: develop *************
branch 'develop' set up to track 'origin/develop'.
File 'bitbucket-pipelines.yml' exists in repo: dypatil_website on branch: develop
************* Processing for branch: devops-deployment *************
branch 'devops-deployment' set up to track 'origin/devops-deployment'.
File 'bitbucket-pipelines.yml' exists in repo: dypatil_website on branch: devops-deployment
************* Processing for branch: lead-drop-header-footer *************
branch 'lead-drop-header-footer' set up to track 'origin/lead-drop-header-footer'.
File 'bitbucket-pipelines.yml' exists in repo: dypatil_website on branch: lead-drop-header-footer
************* Processing for branch: release/devops-deployment *************
branch 'release/devops-deployment' set up to track 'origin/release/devops-deployment'.
File 'bitbucket-pipelines.yml' exists in repo: dypatil_website on branch: release/devops-deployment
************* Processing for branch: release/staging *************
branch 'release/staging' set up to track 'origin/release/staging'.
File 'bitbucket-pipelines.yml' exists in repo: dypatil_website on branch: release/staging
Cleanup completed... for dypatil_website
******************************-----------******************************
working on repo university_vgu ........ 
************* Processing for branch: dev *************
M	app/Vendor/Facebook/Facebook.php
M	app/webroot/img/Loader.gif
branch 'dev' set up to track 'origin/dev'.
File 'bitbucket-pipelines.yml' exists in repo: university_vgu on branch: dev
************* Processing for branch: dev_v1 *************
M	app/Vendor/Facebook/Facebook.php
M	app/webroot/img/Loader.gif
branch 'dev_v1' set up to track 'origin/dev_v1'.
File 'bitbucket-pipelines.yml' exists in repo: university_vgu on branch: dev_v1
************* Processing for branch: vgu_harsh *************
M	app/Vendor/Facebook/Facebook.php
M	app/webroot/img/Loader.gif
branch 'vgu_harsh' set up to track 'origin/vgu_harsh'.
File 'bitbucket-pipelines.yml' exists in repo: university_vgu on branch: vgu_harsh
Cleanup completed... for university_vgu
******************************-----------******************************
working on repo Pedagogy-frontend ........ 
************* Processing for branch: beta-production *************
branch 'beta-production' set up to track 'origin/beta-production'.
File 'bitbucket-pipelines.yml' exists in repo: Pedagogy-frontend on branch: beta-production
************* Processing for branch: demo-learner-faculty *************
branch 'demo-learner-faculty' set up to track 'origin/demo-learner-faculty'.
File 'bitbucket-pipelines.yml' exists in repo: Pedagogy-frontend on branch: demo-learner-faculty
************* Processing for branch: develop *************
branch 'develop' set up to track 'origin/develop'.
File 'bitbucket-pipelines.yml' does NOT exist in repo: Pedagogy-frontend on branch: develop
************* Processing for branch: featuer.hj/use-lead-id *************
branch 'featuer.hj/use-lead-id' set up to track 'origin/featuer.hj/use-lead-id'.
File 'bitbucket-pipelines.yml' exists in repo: Pedagogy-frontend on branch: featuer.hj/use-lead-id
************* Processing for branch: feature.ar.vgu-referral *************
branch 'feature.ar.vgu-referral' set up to track 'origin/feature.ar.vgu-referral'.
File 'bitbucket-pipelines.yml' exists in repo: Pedagogy-frontend on branch: feature.ar.vgu-referral
************* Processing for branch: feature.ar/andhra-referral *************
branch 'feature.ar/andhra-referral' set up to track 'origin/feature.ar/andhra-referral'.
File 'bitbucket-pipelines.yml' exists in repo: Pedagogy-frontend on branch: feature.ar/andhra-referral
************* Processing for branch: feature.ar/andhra-reports *************
branch 'feature.ar/andhra-reports' set up to track 'origin/feature.ar/andhra-reports'.
File 'bitbucket-pipelines.yml' exists in repo: Pedagogy-frontend on branch: feature.ar/andhra-reports
************* Processing for branch: feature.ar/andhra-reports-revert *************
branch 'feature.ar/andhra-reports-revert' set up to track 'origin/feature.ar/andhra-reports-revert'.
File 'bitbucket-pipelines.yml' exists in repo: Pedagogy-frontend on branch: feature.ar/andhra-reports-revert
************* Processing for branch: feature.ar/andhra-venus *************
branch 'feature.ar/andhra-venus' set up to track 'origin/feature.ar/andhra-venus'.
File 'bitbucket-pipelines.yml' exists in repo: Pedagogy-frontend on branch: feature.ar/andhra-venus
************* Processing for branch: feature.ar/atlas-jwt-live-class *************
branch 'feature.ar/atlas-jwt-live-class' set up to track 'origin/feature.ar/atlas-jwt-live-class'.
File 'bitbucket-pipelines.yml' exists in repo: Pedagogy-frontend on branch: feature.ar/atlas-jwt-live-class
************* Processing for branch: feature.ar/atlas-jwt-plag *************
branch 'feature.ar/atlas-jwt-plag' set up to track 'origin/feature.ar/atlas-jwt-plag'.
File 'bitbucket-pipelines.yml' exists in repo: Pedagogy-frontend on branch: feature.ar/atlas-jwt-plag
************* Processing for branch: feature.ar/atlas-lms *************
branch 'feature.ar/atlas-lms' set up to track 'origin/feature.ar/atlas-lms'.
File 'bitbucket-pipelines.yml' exists in repo: Pedagogy-frontend on branch: feature.ar/atlas-lms
************* Processing for branch: feature.ar/atlas-temp *************
branch 'feature.ar/atlas-temp' set up to track 'origin/feature.ar/atlas-temp'.
File 'bitbucket-pipelines.yml' exists in repo: Pedagogy-frontend on branch: feature.ar/atlas-temp
************* Processing for branch: feature.ar/atlas-temp-2 *************
branch 'feature.ar/atlas-temp-2' set up to track 'origin/feature.ar/atlas-temp-2'.
File 'bitbucket-pipelines.yml' exists in repo: Pedagogy-frontend on branch: feature.ar/atlas-temp-2
************* Processing for branch: feature.ar/atlas-uni *************
branch 'feature.ar/atlas-uni' set up to track 'origin/feature.ar/atlas-uni'.
File 'bitbucket-pipelines.yml' exists in repo: Pedagogy-frontend on branch: feature.ar/atlas-uni
************* Processing for branch: feature.ar/atlas-university *************
branch 'feature.ar/atlas-university' set up to track 'origin/feature.ar/atlas-university'.
File 'bitbucket-pipelines.yml' exists in repo: Pedagogy-frontend on branch: feature.ar/atlas-university
************* Processing for branch: feature.ar/auth-jwt *************
branch 'feature.ar/auth-jwt' set up to track 'origin/feature.ar/auth-jwt'.
File 'bitbucket-pipelines.yml' exists in repo: Pedagogy-frontend on branch: feature.ar/auth-jwt
************* Processing for branch: feature.ar/banners *************
branch 'feature.ar/banners' set up to track 'origin/feature.ar/banners'.
File 'bitbucket-pipelines.yml' exists in repo: Pedagogy-frontend on branch: feature.ar/banners
************* Processing for branch: feature.ar/banners-api *************
branch 'feature.ar/banners-api' set up to track 'origin/feature.ar/banners-api'.
File 'bitbucket-pipelines.yml' exists in repo: Pedagogy-frontend on branch: feature.ar/banners-api
************* Processing for branch: feature.ar/banners-api-integration *************
branch 'feature.ar/banners-api-integration' set up to track 'origin/feature.ar/banners-api-integration'.
File 'bitbucket-pipelines.yml' exists in repo: Pedagogy-frontend on branch: feature.ar/banners-api-integration
************* Processing for branch: feature.ar/batchmatenamesfilter *************
branch 'feature.ar/batchmatenamesfilter' set up to track 'origin/feature.ar/batchmatenamesfilter'.
File 'bitbucket-pipelines.yml' exists in repo: Pedagogy-frontend on branch: feature.ar/batchmatenamesfilter
************* Processing for branch: feature.ar/bdu-assignment-title-fix *************
branch 'feature.ar/bdu-assignment-title-fix' set up to track 'origin/feature.ar/bdu-assignment-title-fix'.
File 'bitbucket-pipelines.yml' exists in repo: Pedagogy-frontend on branch: feature.ar/bdu-assignment-title-fix
************* Processing for branch: feature.ar/bdu-referral *************
branch 'feature.ar/bdu-referral' set up to track 'origin/feature.ar/bdu-referral'.
File 'bitbucket-pipelines.yml' exists in repo: Pedagogy-frontend on branch: feature.ar/bdu-referral
************* Processing for branch: feature.ar/centurion-referral *************
branch 'feature.ar/centurion-referral' set up to track 'origin/feature.ar/centurion-referral'.
File 'bitbucket-pipelines.yml' exists in repo: Pedagogy-frontend on branch: feature.ar/centurion-referral
************* Processing for branch: feature.ar/common-referral-liveclass *************
branch 'feature.ar/common-referral-liveclass' set up to track 'origin/feature.ar/common-referral-liveclass'.
File 'bitbucket-pipelines.yml' exists in repo: Pedagogy-frontend on branch: feature.ar/common-referral-liveclass
************* Processing for branch: feature.ar/cu-mobile-test *************
branch 'feature.ar/cu-mobile-test' set up to track 'origin/feature.ar/cu-mobile-test'.
File 'bitbucket-pipelines.yml' exists in repo: Pedagogy-frontend on branch: feature.ar/cu-mobile-test
************* Processing for branch: feature.ar/cu-referral *************
branch 'feature.ar/cu-referral' set up to track 'origin/feature.ar/cu-referral'.
File 'bitbucket-pipelines.yml' exists in repo: Pedagogy-frontend on branch: feature.ar/cu-referral
************* Processing for branch: feature.ar/dashboard-fixes-ui *************
branch 'feature.ar/dashboard-fixes-ui' set up to track 'origin/feature.ar/dashboard-fixes-ui'.
File 'bitbucket-pipelines.yml' exists in repo: Pedagogy-frontend on branch: feature.ar/dashboard-fixes-ui
************* Processing for branch: feature.ar/dashboardfixes *************
branch 'feature.ar/dashboardfixes' set up to track 'origin/feature.ar/dashboardfixes'.
File 'bitbucket-pipelines.yml' exists in repo: Pedagogy-frontend on branch: feature.ar/dashboardfixes
************* Processing for branch: feature.ar/drmgr-assignment-title-fix *************
branch 'feature.ar/drmgr-assignment-title-fix' set up to track 'origin/feature.ar/drmgr-assignment-title-fix'.
File 'bitbucket-pipelines.yml' exists in repo: Pedagogy-frontend on branch: feature.ar/drmgr-assignment-title-fix
************* Processing for branch: feature.ar/dy-qr-exam-announcement *************
branch 'feature.ar/dy-qr-exam-announcement' set up to track 'origin/feature.ar/dy-qr-exam-announcement'.
File 'bitbucket-pipelines.yml' exists in repo: Pedagogy-frontend on branch: feature.ar/dy-qr-exam-announcement
************* Processing for branch: feature.ar/dy-referral *************
branch 'feature.ar/dy-referral' set up to track 'origin/feature.ar/dy-referral'.
File 'bitbucket-pipelines.yml' exists in repo: Pedagogy-frontend on branch: feature.ar/dy-referral
************* Processing for branch: feature.ar/dy-referral-jwt *************
branch 'feature.ar/dy-referral-jwt' set up to track 'origin/feature.ar/dy-referral-jwt'.
File 'bitbucket-pipelines.yml' exists in repo: Pedagogy-frontend on branch: feature.ar/dy-referral-jwt
************* Processing for branch: feature.ar/dyp-broadcast-logout *************
branch 'feature.ar/dyp-broadcast-logout' set up to track 'origin/feature.ar/dyp-broadcast-logout'.
File 'bitbucket-pipelines.yml' exists in repo: Pedagogy-frontend on branch: feature.ar/dyp-broadcast-logout
************* Processing for branch: feature.ar/dyp-referral *************
branch 'feature.ar/dyp-referral' set up to track 'origin/feature.ar/dyp-referral'.
File 'bitbucket-pipelines.yml' exists in repo: Pedagogy-frontend on branch: feature.ar/dyp-referral
************* Processing for branch: feature.ar/dypatil-jwt-impl *************
branch 'feature.ar/dypatil-jwt-impl' set up to track 'origin/feature.ar/dypatil-jwt-impl'.
File 'bitbucket-pipelines.yml' exists in repo: Pedagogy-frontend on branch: feature.ar/dypatil-jwt-impl
************* Processing for branch: feature.ar/dypatil-referral *************
branch 'feature.ar/dypatil-referral' set up to track 'origin/feature.ar/dypatil-referral'.
File 'bitbucket-pipelines.yml' exists in repo: Pedagogy-frontend on branch: feature.ar/dypatil-referral
************* Processing for branch: feature.ar/fee-payment-popup *************
branch 'feature.ar/fee-payment-popup' set up to track 'origin/feature.ar/fee-payment-popup'.
File 'bitbucket-pipelines.yml' exists in repo: Pedagogy-frontend on branch: feature.ar/fee-payment-popup
************* Processing for branch: feature.ar/feepopup *************
branch 'feature.ar/feepopup' set up to track 'origin/feature.ar/feepopup'.
File 'bitbucket-pipelines.yml' exists in repo: Pedagogy-frontend on branch: feature.ar/feepopup
************* Processing for branch: feature.ar/jain-assignment-title-fix *************
branch 'feature.ar/jain-assignment-title-fix' set up to track 'origin/feature.ar/jain-assignment-title-fix'.
File 'bitbucket-pipelines.yml' exists in repo: Pedagogy-frontend on branch: feature.ar/jain-assignment-title-fix
************* Processing for branch: feature.ar/jain-referral *************
branch 'feature.ar/jain-referral' set up to track 'origin/feature.ar/jain-referral'.
File 'bitbucket-pipelines.yml' exists in repo: Pedagogy-frontend on branch: feature.ar/jain-referral
************* Processing for branch: feature.ar/jnu-referral *************
branch 'feature.ar/jnu-referral' set up to track 'origin/feature.ar/jnu-referral'.
File 'bitbucket-pipelines.yml' exists in repo: Pedagogy-frontend on branch: feature.ar/jnu-referral
************* Processing for branch: feature.ar/jwt-attendance-impl *************
branch 'feature.ar/jwt-attendance-impl' set up to track 'origin/feature.ar/jwt-attendance-impl'.
File 'bitbucket-pipelines.yml' exists in repo: Pedagogy-frontend on branch: feature.ar/jwt-attendance-impl
************* Processing for branch: feature.ar/jwt-common *************
branch 'feature.ar/jwt-common' set up to track 'origin/feature.ar/jwt-common'.
File 'bitbucket-pipelines.yml' exists in repo: Pedagogy-frontend on branch: feature.ar/jwt-common
************* Processing for branch: feature.ar/jwt-common-referral *************
branch 'feature.ar/jwt-common-referral' set up to track 'origin/feature.ar/jwt-common-referral'.
File 'bitbucket-pipelines.yml' exists in repo: Pedagogy-frontend on branch: feature.ar/jwt-common-referral
************* Processing for branch: feature.ar/jwt-impl *************
branch 'feature.ar/jwt-impl' set up to track 'origin/feature.ar/jwt-impl'.
File 'bitbucket-pipelines.yml' exists in repo: Pedagogy-frontend on branch: feature.ar/jwt-impl
************* Processing for branch: feature.ar/jwt-logout *************
branch 'feature.ar/jwt-logout' set up to track 'origin/feature.ar/jwt-logout'.
File 'bitbucket-pipelines.yml' exists in repo: Pedagogy-frontend on branch: feature.ar/jwt-logout
************* Processing for branch: feature.ar/jwt-logout-impl *************
branch 'feature.ar/jwt-logout-impl' set up to track 'origin/feature.ar/jwt-logout-impl'.
File 'bitbucket-pipelines.yml' exists in repo: Pedagogy-frontend on branch: feature.ar/jwt-logout-impl
************* Processing for branch: feature.ar/jwt-management *************
branch 'feature.ar/jwt-management' set up to track 'origin/feature.ar/jwt-management'.
File 'bitbucket-pipelines.yml' exists in repo: Pedagogy-frontend on branch: feature.ar/jwt-management
************* Processing for branch: feature.ar/jwt-referral-impl *************
branch 'feature.ar/jwt-referral-impl' set up to track 'origin/feature.ar/jwt-referral-impl'.
File 'bitbucket-pipelines.yml' exists in repo: Pedagogy-frontend on branch: feature.ar/jwt-referral-impl
************* Processing for branch: feature.ar/jwt-session-management *************
branch 'feature.ar/jwt-session-management' set up to track 'origin/feature.ar/jwt-session-management'.
File 'bitbucket-pipelines.yml' exists in repo: Pedagogy-frontend on branch: feature.ar/jwt-session-management
************* Processing for branch: feature.ar/jwt-test *************
branch 'feature.ar/jwt-test' set up to track 'origin/feature.ar/jwt-test'.
File 'bitbucket-pipelines.yml' exists in repo: Pedagogy-frontend on branch: feature.ar/jwt-test
************* Processing for branch: feature.ar/kuk-assignment-title-fix *************
branch 'feature.ar/kuk-assignment-title-fix' set up to track 'origin/feature.ar/kuk-assignment-title-fix'.
File 'bitbucket-pipelines.yml' exists in repo: Pedagogy-frontend on branch: feature.ar/kuk-assignment-title-fix
************* Processing for branch: feature.ar/kuk-referral *************
branch 'feature.ar/kuk-referral' set up to track 'origin/feature.ar/kuk-referral'.
File 'bitbucket-pipelines.yml' exists in repo: Pedagogy-frontend on branch: feature.ar/kuk-referral
************* Processing for branch: feature.ar/lecture-tabs *************
branch 'feature.ar/lecture-tabs' set up to track 'origin/feature.ar/lecture-tabs'.
File 'bitbucket-pipelines.yml' exists in repo: Pedagogy-frontend on branch: feature.ar/lecture-tabs
************* Processing for branch: feature.ar/lectures-api-integration *************
branch 'feature.ar/lectures-api-integration' set up to track 'origin/feature.ar/lectures-api-integration'.
File 'bitbucket-pipelines.yml' exists in repo: Pedagogy-frontend on branch: feature.ar/lectures-api-integration
************* Processing for branch: feature.ar/live-classes-lms-revamp *************
branch 'feature.ar/live-classes-lms-revamp' set up to track 'origin/feature.ar/live-classes-lms-revamp'.
File 'bitbucket-pipelines.yml' exists in repo: Pedagogy-frontend on branch: feature.ar/live-classes-lms-revamp
************* Processing for branch: feature.ar/mgr-referral *************
branch 'feature.ar/mgr-referral' set up to track 'origin/feature.ar/mgr-referral'.
File 'bitbucket-pipelines.yml' exists in repo: Pedagogy-frontend on branch: feature.ar/mgr-referral
************* Processing for branch: feature.ar/niu-referral *************
branch 'feature.ar/niu-referral' set up to track 'origin/feature.ar/niu-referral'.
File 'bitbucket-pipelines.yml' exists in repo: Pedagogy-frontend on branch: feature.ar/niu-referral
************* Processing for branch: feature.ar/palette-changes-revamp *************
branch 'feature.ar/palette-changes-revamp' set up to track 'origin/feature.ar/palette-changes-revamp'.
File 'bitbucket-pipelines.yml' exists in repo: Pedagogy-frontend on branch: feature.ar/palette-changes-revamp
************* Processing for branch: feature.ar/priority-banners *************
branch 'feature.ar/priority-banners' set up to track 'origin/feature.ar/priority-banners'.
File 'bitbucket-pipelines.yml' exists in repo: Pedagogy-frontend on branch: feature.ar/priority-banners
************* Processing for branch: feature.ar/qr-exam-form-announcement *************
branch 'feature.ar/qr-exam-form-announcement' set up to track 'origin/feature.ar/qr-exam-form-announcement'.
File 'bitbucket-pipelines.yml' exists in repo: Pedagogy-frontend on branch: feature.ar/qr-exam-form-announcement
************* Processing for branch: feature.ar/referral *************
branch 'feature.ar/referral' set up to track 'origin/feature.ar/referral'.
File 'bitbucket-pipelines.yml' exists in repo: Pedagogy-frontend on branch: feature.ar/referral
************* Processing for branch: feature.ar/revamp-code-cleanup *************
branch 'feature.ar/revamp-code-cleanup' set up to track 'origin/feature.ar/revamp-code-cleanup'.
File 'bitbucket-pipelines.yml' exists in repo: Pedagogy-frontend on branch: feature.ar/revamp-code-cleanup
************* Processing for branch: feature.ar/signupfix *************
branch 'feature.ar/signupfix' set up to track 'origin/feature.ar/signupfix'.
File 'bitbucket-pipelines.yml' exists in repo: Pedagogy-frontend on branch: feature.ar/signupfix
************* Processing for branch: feature.ar/temp-branch-jwt *************
branch 'feature.ar/temp-branch-jwt' set up to track 'origin/feature.ar/temp-branch-jwt'.
File 'bitbucket-pipelines.yml' exists in repo: Pedagogy-frontend on branch: feature.ar/temp-branch-jwt
************* Processing for branch: feature.ar/temp-jwt-branch *************
branch 'feature.ar/temp-jwt-branch' set up to track 'origin/feature.ar/temp-jwt-branch'.
File 'bitbucket-pipelines.yml' exists in repo: Pedagogy-frontend on branch: feature.ar/temp-jwt-branch
************* Processing for branch: feature.ar/uifixes *************
branch 'feature.ar/uifixes' set up to track 'origin/feature.ar/uifixes'.
File 'bitbucket-pipelines.yml' exists in repo: Pedagogy-frontend on branch: feature.ar/uifixes
************* Processing for branch: feature.ar/userinfo-batchmates *************
branch 'feature.ar/userinfo-batchmates' set up to track 'origin/feature.ar/userinfo-batchmates'.
File 'bitbucket-pipelines.yml' exists in repo: Pedagogy-frontend on branch: feature.ar/userinfo-batchmates
************* Processing for branch: feature.ar/venus-dyp-learning-hour *************
branch 'feature.ar/venus-dyp-learning-hour' set up to track 'origin/feature.ar/venus-dyp-learning-hour'.
File 'bitbucket-pipelines.yml' exists in repo: Pedagogy-frontend on branch: feature.ar/venus-dyp-learning-hour
************* Processing for branch: feature.ar/vgu-referral *************
branch 'feature.ar/vgu-referral' set up to track 'origin/feature.ar/vgu-referral'.
File 'bitbucket-pipelines.yml' exists in repo: Pedagogy-frontend on branch: feature.ar/vgu-referral
************* Processing for branch: feature.as/compliance-settings *************
branch 'feature.as/compliance-settings' set up to track 'origin/feature.as/compliance-settings'.
File 'bitbucket-pipelines.yml' exists in repo: Pedagogy-frontend on branch: feature.as/compliance-settings
************* Processing for branch: feature.as/tracking-events *************
branch 'feature.as/tracking-events' set up to track 'origin/feature.as/tracking-events'.
File 'bitbucket-pipelines.yml' exists in repo: Pedagogy-frontend on branch: feature.as/tracking-events
************* Processing for branch: feature.hj/analytics *************
branch 'feature.hj/analytics' set up to track 'origin/feature.hj/analytics'.
File 'bitbucket-pipelines.yml' exists in repo: Pedagogy-frontend on branch: feature.hj/analytics
************* Processing for branch: feature.hj/andhra-app-store *************
branch 'feature.hj/andhra-app-store' set up to track 'origin/feature.hj/andhra-app-store'.
File 'bitbucket-pipelines.yml' exists in repo: Pedagogy-frontend on branch: feature.hj/andhra-app-store
************* Processing for branch: feature.hj/andhra-fix-referral *************
branch 'feature.hj/andhra-fix-referral' set up to track 'origin/feature.hj/andhra-fix-referral'.
File 'bitbucket-pipelines.yml' exists in repo: Pedagogy-frontend on branch: feature.hj/andhra-fix-referral
************* Processing for branch: feature.hj/andhra-referral *************
branch 'feature.hj/andhra-referral' set up to track 'origin/feature.hj/andhra-referral'.
File 'bitbucket-pipelines.yml' exists in repo: Pedagogy-frontend on branch: feature.hj/andhra-referral
************* Processing for branch: feature.hj/andhra-referral-1 *************
branch 'feature.hj/andhra-referral-1' set up to track 'origin/feature.hj/andhra-referral-1'.
File 'bitbucket-pipelines.yml' exists in repo: Pedagogy-frontend on branch: feature.hj/andhra-referral-1
************* Processing for branch: feature.hj/andhra-repeat-update *************
branch 'feature.hj/andhra-repeat-update' set up to track 'origin/feature.hj/andhra-repeat-update'.
File 'bitbucket-pipelines.yml' exists in repo: Pedagogy-frontend on branch: feature.hj/andhra-repeat-update
************* Processing for branch: feature.hj/andhra-venus-referral *************
branch 'feature.hj/andhra-venus-referral' set up to track 'origin/feature.hj/andhra-venus-referral'.
File 'bitbucket-pipelines.yml' exists in repo: Pedagogy-frontend on branch: feature.hj/andhra-venus-referral
************* Processing for branch: feature.hj/app-layout *************
branch 'feature.hj/app-layout' set up to track 'origin/feature.hj/app-layout'.
File 'bitbucket-pipelines.yml' exists in repo: Pedagogy-frontend on branch: feature.hj/app-layout
************* Processing for branch: feature.hj/app-store *************
branch 'feature.hj/app-store' set up to track 'origin/feature.hj/app-store'.
File 'bitbucket-pipelines.yml' exists in repo: Pedagogy-frontend on branch: feature.hj/app-store
************* Processing for branch: feature.hj/assignment-fixes-1 *************
branch 'feature.hj/assignment-fixes-1' set up to track 'origin/feature.hj/assignment-fixes-1'.
File 'bitbucket-pipelines.yml' exists in repo: Pedagogy-frontend on branch: feature.hj/assignment-fixes-1
************* Processing for branch: feature.hj/assignment-score-fix *************
branch 'feature.hj/assignment-score-fix' set up to track 'origin/feature.hj/assignment-score-fix'.
File 'bitbucket-pipelines.yml' exists in repo: Pedagogy-frontend on branch: feature.hj/assignment-score-fix
************* Processing for branch: feature.hj/assignment-score-fix-1 *************
branch 'feature.hj/assignment-score-fix-1' set up to track 'origin/feature.hj/assignment-score-fix-1'.
File 'bitbucket-pipelines.yml' exists in repo: Pedagogy-frontend on branch: feature.hj/assignment-score-fix-1
************* Processing for branch: feature.hj/assignment-time-pwbd-user *************
branch 'feature.hj/assignment-time-pwbd-user' set up to track 'origin/feature.hj/assignment-time-pwbd-user'.
File 'bitbucket-pipelines.yml' exists in repo: Pedagogy-frontend on branch: feature.hj/assignment-time-pwbd-user
************* Processing for branch: feature.hj/bdu-fix-referral *************
branch 'feature.hj/bdu-fix-referral' set up to track 'origin/feature.hj/bdu-fix-referral'.
File 'bitbucket-pipelines.yml' exists in repo: Pedagogy-frontend on branch: feature.hj/bdu-fix-referral
************* Processing for branch: feature.hj/bdu-referral *************
branch 'feature.hj/bdu-referral' set up to track 'origin/feature.hj/bdu-referral'.
File 'bitbucket-pipelines.yml' exists in repo: Pedagogy-frontend on branch: feature.hj/bdu-referral
************* Processing for branch: feature.hj/bdu-repeat-collection *************
branch 'feature.hj/bdu-repeat-collection' set up to track 'origin/feature.hj/bdu-repeat-collection'.
File 'bitbucket-pipelines.yml' exists in repo: Pedagogy-frontend on branch: feature.hj/bdu-repeat-collection
************* Processing for branch: feature.hj/bdu-repeat-update *************
branch 'feature.hj/bdu-repeat-update' set up to track 'origin/feature.hj/bdu-repeat-update'.
File 'bitbucket-pipelines.yml' exists in repo: Pedagogy-frontend on branch: feature.hj/bdu-repeat-update
************* Processing for branch: feature.hj/calendar *************
branch 'feature.hj/calendar' set up to track 'origin/feature.hj/calendar'.
File 'bitbucket-pipelines.yml' exists in repo: Pedagogy-frontend on branch: feature.hj/calendar
************* Processing for branch: feature.hj/calendar-and-gradebook *************
branch 'feature.hj/calendar-and-gradebook' set up to track 'origin/feature.hj/calendar-and-gradebook'.
File 'bitbucket-pipelines.yml' exists in repo: Pedagogy-frontend on branch: feature.hj/calendar-and-gradebook
************* Processing for branch: feature.hj/centurion-fix-referral *************
branch 'feature.hj/centurion-fix-referral' set up to track 'origin/feature.hj/centurion-fix-referral'.
File 'bitbucket-pipelines.yml' exists in repo: Pedagogy-frontend on branch: feature.hj/centurion-fix-referral
************* Processing for branch: feature.hj/content-dashboard *************
branch 'feature.hj/content-dashboard' set up to track 'origin/feature.hj/content-dashboard'.
File 'bitbucket-pipelines.yml' exists in repo: Pedagogy-frontend on branch: feature.hj/content-dashboard
************* Processing for branch: feature.hj/content-types *************
branch 'feature.hj/content-types' set up to track 'origin/feature.hj/content-types'.
File 'bitbucket-pipelines.yml' exists in repo: Pedagogy-frontend on branch: feature.hj/content-types
************* Processing for branch: feature.hj/course-category-form *************
branch 'feature.hj/course-category-form' set up to track 'origin/feature.hj/course-category-form'.
File 'bitbucket-pipelines.yml' exists in repo: Pedagogy-frontend on branch: feature.hj/course-category-form
************* Processing for branch: feature.hj/course-fee-events *************
branch 'feature.hj/course-fee-events' set up to track 'origin/feature.hj/course-fee-events'.
File 'bitbucket-pipelines.yml' exists in repo: Pedagogy-frontend on branch: feature.hj/course-fee-events
************* Processing for branch: feature.hj/cu-fix-referral *************
branch 'feature.hj/cu-fix-referral' set up to track 'origin/feature.hj/cu-fix-referral'.
File 'bitbucket-pipelines.yml' exists in repo: Pedagogy-frontend on branch: feature.hj/cu-fix-referral
************* Processing for branch: feature.hj/cu-referral *************
branch 'feature.hj/cu-referral' set up to track 'origin/feature.hj/cu-referral'.
File 'bitbucket-pipelines.yml' exists in repo: Pedagogy-frontend on branch: feature.hj/cu-referral
************* Processing for branch: feature.hj/discussion-fix *************
branch 'feature.hj/discussion-fix' set up to track 'origin/feature.hj/discussion-fix'.
File 'bitbucket-pipelines.yml' exists in repo: Pedagogy-frontend on branch: feature.hj/discussion-fix
************* Processing for branch: feature.hj/drmgr *************
branch 'feature.hj/drmgr' set up to track 'origin/feature.hj/drmgr'.
File 'bitbucket-pipelines.yml' exists in repo: Pedagogy-frontend on branch: feature.hj/drmgr
************* Processing for branch: feature.hj/dy-referral *************
branch 'feature.hj/dy-referral' set up to track 'origin/feature.hj/dy-referral'.
File 'bitbucket-pipelines.yml' exists in repo: Pedagogy-frontend on branch: feature.hj/dy-referral
************* Processing for branch: feature.hj/dy-referral-1 *************
branch 'feature.hj/dy-referral-1' set up to track 'origin/feature.hj/dy-referral-1'.
File 'bitbucket-pipelines.yml' exists in repo: Pedagogy-frontend on branch: feature.hj/dy-referral-1
************* Processing for branch: feature.hj/dy-repeat-update *************
branch 'feature.hj/dy-repeat-update' set up to track 'origin/feature.hj/dy-repeat-update'.
File 'bitbucket-pipelines.yml' exists in repo: Pedagogy-frontend on branch: feature.hj/dy-repeat-update
************* Processing for branch: feature.hj/dy-update-appstore-card *************
branch 'feature.hj/dy-update-appstore-card' set up to track 'origin/feature.hj/dy-update-appstore-card'.
File 'bitbucket-pipelines.yml' exists in repo: Pedagogy-frontend on branch: feature.hj/dy-update-appstore-card
************* Processing for branch: feature.hj/e-library *************
branch 'feature.hj/e-library' set up to track 'origin/feature.hj/e-library'.
File 'bitbucket-pipelines.yml' exists in repo: Pedagogy-frontend on branch: feature.hj/e-library
************* Processing for branch: feature.hj/exam-announcement *************
branch 'feature.hj/exam-announcement' set up to track 'origin/feature.hj/exam-announcement'.
File 'bitbucket-pipelines.yml' exists in repo: Pedagogy-frontend on branch: feature.hj/exam-announcement
************* Processing for branch: feature.hj/exam-announcement-repeat-collection *************
branch 'feature.hj/exam-announcement-repeat-collection' set up to track 'origin/feature.hj/exam-announcement-repeat-collection'.
File 'bitbucket-pipelines.yml' exists in repo: Pedagogy-frontend on branch: feature.hj/exam-announcement-repeat-collection
************* Processing for branch: feature.hj/examination-announcement *************
branch 'feature.hj/examination-announcement' set up to track 'origin/feature.hj/examination-announcement'.
File 'bitbucket-pipelines.yml' exists in repo: Pedagogy-frontend on branch: feature.hj/examination-announcement
************* Processing for branch: feature.hj/fix-assignment-title *************
branch 'feature.hj/fix-assignment-title' set up to track 'origin/feature.hj/fix-assignment-title'.
File 'bitbucket-pipelines.yml' exists in repo: Pedagogy-frontend on branch: feature.hj/fix-assignment-title
************* Processing for branch: feature.hj/fix-discussions *************
branch 'feature.hj/fix-discussions' set up to track 'origin/feature.hj/fix-discussions'.
File 'bitbucket-pipelines.yml' exists in repo: Pedagogy-frontend on branch: feature.hj/fix-discussions
************* Processing for branch: feature.hj/fix-referral *************
branch 'feature.hj/fix-referral' set up to track 'origin/feature.hj/fix-referral'.
File 'bitbucket-pipelines.yml' exists in repo: Pedagogy-frontend on branch: feature.hj/fix-referral
************* Processing for branch: feature.hj/fix-subjective *************
branch 'feature.hj/fix-subjective' set up to track 'origin/feature.hj/fix-subjective'.
File 'bitbucket-pipelines.yml' exists in repo: Pedagogy-frontend on branch: feature.hj/fix-subjective
************* Processing for branch: feature.hj/fix-typography *************
branch 'feature.hj/fix-typography' set up to track 'origin/feature.hj/fix-typography'.
File 'bitbucket-pipelines.yml' exists in repo: Pedagogy-frontend on branch: feature.hj/fix-typography
************* Processing for branch: feature.hj/jnu-fix-referral *************
branch 'feature.hj/jnu-fix-referral' set up to track 'origin/feature.hj/jnu-fix-referral'.
File 'bitbucket-pipelines.yml' exists in repo: Pedagogy-frontend on branch: feature.hj/jnu-fix-referral
************* Processing for branch: feature.hj/jnu-tawk *************
branch 'feature.hj/jnu-tawk' set up to track 'origin/feature.hj/jnu-tawk'.
File 'bitbucket-pipelines.yml' exists in repo: Pedagogy-frontend on branch: feature.hj/jnu-tawk
************* Processing for branch: feature.hj/kiit-fix-referral *************
branch 'feature.hj/kiit-fix-referral' set up to track 'origin/feature.hj/kiit-fix-referral'.
File 'bitbucket-pipelines.yml' exists in repo: Pedagogy-frontend on branch: feature.hj/kiit-fix-referral
************* Processing for branch: feature.hj/kiit-repeat-collection *************
branch 'feature.hj/kiit-repeat-collection' set up to track 'origin/feature.hj/kiit-repeat-collection'.
File 'bitbucket-pipelines.yml' exists in repo: Pedagogy-frontend on branch: feature.hj/kiit-repeat-collection
************* Processing for branch: feature.hj/kiit-repeat-update *************
branch 'feature.hj/kiit-repeat-update' set up to track 'origin/feature.hj/kiit-repeat-update'.
File 'bitbucket-pipelines.yml' exists in repo: Pedagogy-frontend on branch: feature.hj/kiit-repeat-update
************* Processing for branch: feature.hj/kuk-fix-referral *************
branch 'feature.hj/kuk-fix-referral' set up to track 'origin/feature.hj/kuk-fix-referral'.
File 'bitbucket-pipelines.yml' exists in repo: Pedagogy-frontend on branch: feature.hj/kuk-fix-referral
************* Processing for branch: feature.hj/kuk-referral *************
branch 'feature.hj/kuk-referral' set up to track 'origin/feature.hj/kuk-referral'.
File 'bitbucket-pipelines.yml' exists in repo: Pedagogy-frontend on branch: feature.hj/kuk-referral
************* Processing for branch: feature.hj/kuk-referral-1 *************
branch 'feature.hj/kuk-referral-1' set up to track 'origin/feature.hj/kuk-referral-1'.
File 'bitbucket-pipelines.yml' exists in repo: Pedagogy-frontend on branch: feature.hj/kuk-referral-1
************* Processing for branch: feature.hj/kuk-referral-venus *************
branch 'feature.hj/kuk-referral-venus' set up to track 'origin/feature.hj/kuk-referral-venus'.
File 'bitbucket-pipelines.yml' exists in repo: Pedagogy-frontend on branch: feature.hj/kuk-referral-venus
************* Processing for branch: feature.hj/kuk-repeat-collection *************
branch 'feature.hj/kuk-repeat-collection' set up to track 'origin/feature.hj/kuk-repeat-collection'.
File 'bitbucket-pipelines.yml' exists in repo: Pedagogy-frontend on branch: feature.hj/kuk-repeat-collection
************* Processing for branch: feature.hj/kuk-repeat-update *************
branch 'feature.hj/kuk-repeat-update' set up to track 'origin/feature.hj/kuk-repeat-update'.
File 'bitbucket-pipelines.yml' exists in repo: Pedagogy-frontend on branch: feature.hj/kuk-repeat-update
************* Processing for branch: feature.hj/live-class *************
branch 'feature.hj/live-class' set up to track 'origin/feature.hj/live-class'.
File 'bitbucket-pipelines.yml' exists in repo: Pedagogy-frontend on branch: feature.hj/live-class
************* Processing for branch: feature.hj/login-variation *************
branch 'feature.hj/login-variation' set up to track 'origin/feature.hj/login-variation'.
File 'bitbucket-pipelines.yml' exists in repo: Pedagogy-frontend on branch: feature.hj/login-variation
************* Processing for branch: feature.hj/logout-for-no-institutename *************
branch 'feature.hj/logout-for-no-institutename' set up to track 'origin/feature.hj/logout-for-no-institutename'.
File 'bitbucket-pipelines.yml' exists in repo: Pedagogy-frontend on branch: feature.hj/logout-for-no-institutename
************* Processing for branch: feature.hj/maintenance-bar *************
branch 'feature.hj/maintenance-bar' set up to track 'origin/feature.hj/maintenance-bar'.
File 'bitbucket-pipelines.yml' exists in repo: Pedagogy-frontend on branch: feature.hj/maintenance-bar
************* Processing for branch: feature.hj/maintenance-bar-1 *************
branch 'feature.hj/maintenance-bar-1' set up to track 'origin/feature.hj/maintenance-bar-1'.
File 'bitbucket-pipelines.yml' exists in repo: Pedagogy-frontend on branch: feature.hj/maintenance-bar-1
************* Processing for branch: feature.hj/mgr-fix-referral *************
branch 'feature.hj/mgr-fix-referral' set up to track 'origin/feature.hj/mgr-fix-referral'.
File 'bitbucket-pipelines.yml' exists in repo: Pedagogy-frontend on branch: feature.hj/mgr-fix-referral
************* Processing for branch: feature.hj/objective-assignment-form *************
branch 'feature.hj/objective-assignment-form' set up to track 'origin/feature.hj/objective-assignment-form'.
File 'bitbucket-pipelines.yml' exists in repo: Pedagogy-frontend on branch: feature.hj/objective-assignment-form
************* Processing for branch: feature.hj/program-pagination *************
branch 'feature.hj/program-pagination' set up to track 'origin/feature.hj/program-pagination'.
File 'bitbucket-pipelines.yml' exists in repo: Pedagogy-frontend on branch: feature.hj/program-pagination
************* Processing for branch: feature.hj/qa-dyp-scorm *************
branch 'feature.hj/qa-dyp-scorm' set up to track 'origin/feature.hj/qa-dyp-scorm'.
File 'bitbucket-pipelines.yml' exists in repo: Pedagogy-frontend on branch: feature.hj/qa-dyp-scorm
************* Processing for branch: feature.hj/question-bank *************
branch 'feature.hj/question-bank' set up to track 'origin/feature.hj/question-bank'.
File 'bitbucket-pipelines.yml' exists in repo: Pedagogy-frontend on branch: feature.hj/question-bank
************* Processing for branch: feature.hj/referral-changes *************
branch 'feature.hj/referral-changes' set up to track 'origin/feature.hj/referral-changes'.
File 'bitbucket-pipelines.yml' exists in repo: Pedagogy-frontend on branch: feature.hj/referral-changes
************* Processing for branch: feature.hj/referral-refactor *************
branch 'feature.hj/referral-refactor' set up to track 'origin/feature.hj/referral-refactor'.
File 'bitbucket-pipelines.yml' exists in repo: Pedagogy-frontend on branch: feature.hj/referral-refactor
************* Processing for branch: feature.hj/release *************
branch 'feature.hj/release' set up to track 'origin/feature.hj/release'.
File 'bitbucket-pipelines.yml' exists in repo: Pedagogy-frontend on branch: feature.hj/release
************* Processing for branch: feature.hj/repeat-collection *************
branch 'feature.hj/repeat-collection' set up to track 'origin/feature.hj/repeat-collection'.
File 'bitbucket-pipelines.yml' exists in repo: Pedagogy-frontend on branch: feature.hj/repeat-collection
************* Processing for branch: feature.hj/reports *************
branch 'feature.hj/reports' set up to track 'origin/feature.hj/reports'.
File 'bitbucket-pipelines.yml' exists in repo: Pedagogy-frontend on branch: feature.hj/reports
************* Processing for branch: feature.hj/scorm-path *************
branch 'feature.hj/scorm-path' set up to track 'origin/feature.hj/scorm-path'.
File 'bitbucket-pipelines.yml' exists in repo: Pedagogy-frontend on branch: feature.hj/scorm-path
************* Processing for branch: feature.hj/scorm-path-update *************
branch 'feature.hj/scorm-path-update' set up to track 'origin/feature.hj/scorm-path-update'.
File 'bitbucket-pipelines.yml' exists in repo: Pedagogy-frontend on branch: feature.hj/scorm-path-update
************* Processing for branch: feature.hj/setup *************
branch 'feature.hj/setup' set up to track 'origin/feature.hj/setup'.
File 'bitbucket-pipelines.yml' exists in repo: Pedagogy-frontend on branch: feature.hj/setup
************* Processing for branch: feature.hj/setup-env *************
branch 'feature.hj/setup-env' set up to track 'origin/feature.hj/setup-env'.
File 'bitbucket-pipelines.yml' exists in repo: Pedagogy-frontend on branch: feature.hj/setup-env
************* Processing for branch: feature.hj/subject-management-ui *************
branch 'feature.hj/subject-management-ui' set up to track 'origin/feature.hj/subject-management-ui'.
File 'bitbucket-pipelines.yml' exists in repo: Pedagogy-frontend on branch: feature.hj/subject-management-ui
************* Processing for branch: feature.hj/subjective-assignments *************
branch 'feature.hj/subjective-assignments' set up to track 'origin/feature.hj/subjective-assignments'.
File 'bitbucket-pipelines.yml' exists in repo: Pedagogy-frontend on branch: feature.hj/subjective-assignments
************* Processing for branch: feature.hj/subjective-zip-upload *************
branch 'feature.hj/subjective-zip-upload' set up to track 'origin/feature.hj/subjective-zip-upload'.
File 'bitbucket-pipelines.yml' exists in repo: Pedagogy-frontend on branch: feature.hj/subjective-zip-upload
************* Processing for branch: feature.hj/university-color-palette *************
branch 'feature.hj/university-color-palette' set up to track 'origin/feature.hj/university-color-palette'.
File 'bitbucket-pipelines.yml' exists in repo: Pedagogy-frontend on branch: feature.hj/university-color-palette
************* Processing for branch: feature.hj/update-scorm-url *************
branch 'feature.hj/update-scorm-url' set up to track 'origin/feature.hj/update-scorm-url'.
File 'bitbucket-pipelines.yml' exists in repo: Pedagogy-frontend on branch: feature.hj/update-scorm-url
************* Processing for branch: feature.hj/user-auth *************
branch 'feature.hj/user-auth' set up to track 'origin/feature.hj/user-auth'.
File 'bitbucket-pipelines.yml' exists in repo: Pedagogy-frontend on branch: feature.hj/user-auth
************* Processing for branch: feature.hj/user-profile *************
branch 'feature.hj/user-profile' set up to track 'origin/feature.hj/user-profile'.
File 'bitbucket-pipelines.yml' exists in repo: Pedagogy-frontend on branch: feature.hj/user-profile
************* Processing for branch: feature.hj/vgu-fix-referral *************
branch 'feature.hj/vgu-fix-referral' set up to track 'origin/feature.hj/vgu-fix-referral'.
File 'bitbucket-pipelines.yml' exists in repo: Pedagogy-frontend on branch: feature.hj/vgu-fix-referral
************* Processing for branch: feature.hj/vgu-referral *************
branch 'feature.hj/vgu-referral' set up to track 'origin/feature.hj/vgu-referral'.
File 'bitbucket-pipelines.yml' exists in repo: Pedagogy-frontend on branch: feature.hj/vgu-referral
************* Processing for branch: feature.hj/vgu-referral-1 *************
branch 'feature.hj/vgu-referral-1' set up to track 'origin/feature.hj/vgu-referral-1'.
File 'bitbucket-pipelines.yml' exists in repo: Pedagogy-frontend on branch: feature.hj/vgu-referral-1
************* Processing for branch: feature.hj/vgu-referral-venus *************
branch 'feature.hj/vgu-referral-venus' set up to track 'origin/feature.hj/vgu-referral-venus'.
File 'bitbucket-pipelines.yml' exists in repo: Pedagogy-frontend on branch: feature.hj/vgu-referral-venus
************* Processing for branch: feature.hj/vgu-repeat-collection *************
branch 'feature.hj/vgu-repeat-collection' set up to track 'origin/feature.hj/vgu-repeat-collection'.
File 'bitbucket-pipelines.yml' exists in repo: Pedagogy-frontend on branch: feature.hj/vgu-repeat-collection
************* Processing for branch: feature.hj/vgu-repeat-update *************
branch 'feature.hj/vgu-repeat-update' set up to track 'origin/feature.hj/vgu-repeat-update'.
File 'bitbucket-pipelines.yml' exists in repo: Pedagogy-frontend on branch: feature.hj/vgu-repeat-update
************* Processing for branch: feature.rahul.rauniyar/participation-report/DEG-2520 *************
branch 'feature.rahul.rauniyar/participation-report/DEG-2520' set up to track 'origin/feature.rahul.rauniyar/participation-report/DEG-2520'.
File 'bitbucket-pipelines.yml' exists in repo: Pedagogy-frontend on branch: feature.rahul.rauniyar/participation-report/DEG-2520
************* Processing for branch: feature.rahul/assignmentScore *************
branch 'feature.rahul/assignmentScore' set up to track 'origin/feature.rahul/assignmentScore'.
File 'bitbucket-pipelines.yml' exists in repo: Pedagogy-frontend on branch: feature.rahul/assignmentScore
************* Processing for branch: feature.rk/Academic-partner *************
branch 'feature.rk/Academic-partner' set up to track 'origin/feature.rk/Academic-partner'.
File 'bitbucket-pipelines.yml' exists in repo: Pedagogy-frontend on branch: feature.rk/Academic-partner
************* Processing for branch: feature.rk/admin-bug-fixes *************
branch 'feature.rk/admin-bug-fixes' set up to track 'origin/feature.rk/admin-bug-fixes'.
File 'bitbucket-pipelines.yml' exists in repo: Pedagogy-frontend on branch: feature.rk/admin-bug-fixes
************* Processing for branch: feature.rk/admin-fix *************
branch 'feature.rk/admin-fix' set up to track 'origin/feature.rk/admin-fix'.
File 'bitbucket-pipelines.yml' exists in repo: Pedagogy-frontend on branch: feature.rk/admin-fix
************* Processing for branch: feature.rk/bugfix *************
branch 'feature.rk/bugfix' set up to track 'origin/feature.rk/bugfix'.
File 'bitbucket-pipelines.yml' exists in repo: Pedagogy-frontend on branch: feature.rk/bugfix
************* Processing for branch: feature.rk/bulk-upload-csv *************
branch 'feature.rk/bulk-upload-csv' set up to track 'origin/feature.rk/bulk-upload-csv'.
File 'bitbucket-pipelines.yml' exists in repo: Pedagogy-frontend on branch: feature.rk/bulk-upload-csv
************* Processing for branch: feature.rk/content-view-progress-and-api-call *************
branch 'feature.rk/content-view-progress-and-api-call' set up to track 'origin/feature.rk/content-view-progress-and-api-call'.
File 'bitbucket-pipelines.yml' exists in repo: Pedagogy-frontend on branch: feature.rk/content-view-progress-and-api-call
************* Processing for branch: feature.rk/css-change-and-content-issue *************
branch 'feature.rk/css-change-and-content-issue' set up to track 'origin/feature.rk/css-change-and-content-issue'.
File 'bitbucket-pipelines.yml' exists in repo: Pedagogy-frontend on branch: feature.rk/css-change-and-content-issue
************* Processing for branch: feature.rk/dashboard *************
branch 'feature.rk/dashboard' set up to track 'origin/feature.rk/dashboard'.
File 'bitbucket-pipelines.yml' exists in repo: Pedagogy-frontend on branch: feature.rk/dashboard
************* Processing for branch: feature.rk/download-view *************
branch 'feature.rk/download-view' set up to track 'origin/feature.rk/download-view'.
File 'bitbucket-pipelines.yml' exists in repo: Pedagogy-frontend on branch: feature.rk/download-view
************* Processing for branch: feature.rk/initial-setup *************
branch 'feature.rk/initial-setup' set up to track 'origin/feature.rk/initial-setup'.
File 'bitbucket-pipelines.yml' exists in repo: Pedagogy-frontend on branch: feature.rk/initial-setup
************* Processing for branch: feature.rk/pagination *************
branch 'feature.rk/pagination' set up to track 'origin/feature.rk/pagination'.
File 'bitbucket-pipelines.yml' exists in repo: Pedagogy-frontend on branch: feature.rk/pagination
************* Processing for branch: feature.rk/pdf-progress *************
branch 'feature.rk/pdf-progress' set up to track 'origin/feature.rk/pdf-progress'.
File 'bitbucket-pipelines.yml' exists in repo: Pedagogy-frontend on branch: feature.rk/pdf-progress
************* Processing for branch: feature.rk/progress-calculation *************
branch 'feature.rk/progress-calculation' set up to track 'origin/feature.rk/progress-calculation'.
File 'bitbucket-pipelines.yml' exists in repo: Pedagogy-frontend on branch: feature.rk/progress-calculation
************* Processing for branch: feature.rk/reset-password-validation *************
branch 'feature.rk/reset-password-validation' set up to track 'origin/feature.rk/reset-password-validation'.
File 'bitbucket-pipelines.yml' exists in repo: Pedagogy-frontend on branch: feature.rk/reset-password-validation
************* Processing for branch: feature.rk/table-select-compononet *************
branch 'feature.rk/table-select-compononet' set up to track 'origin/feature.rk/table-select-compononet'.
File 'bitbucket-pipelines.yml' exists in repo: Pedagogy-frontend on branch: feature.rk/table-select-compononet
************* Processing for branch: feature.rk/userassignment *************
branch 'feature.rk/userassignment' set up to track 'origin/feature.rk/userassignment'.
File 'bitbucket-pipelines.yml' exists in repo: Pedagogy-frontend on branch: feature.rk/userassignment
************* Processing for branch: feature.rp/login-scorm *************
branch 'feature.rp/login-scorm' set up to track 'origin/feature.rp/login-scorm'.
File 'bitbucket-pipelines.yml' exists in repo: Pedagogy-frontend on branch: feature.rp/login-scorm
************* Processing for branch: feature.rp/noindex-fix *************
branch 'feature.rp/noindex-fix' set up to track 'origin/feature.rp/noindex-fix'.
File 'bitbucket-pipelines.yml' exists in repo: Pedagogy-frontend on branch: feature.rp/noindex-fix
************* Processing for branch: feature.rp/qr-code-banner *************
branch 'feature.rp/qr-code-banner' set up to track 'origin/feature.rp/qr-code-banner'.
File 'bitbucket-pipelines.yml' exists in repo: Pedagogy-frontend on branch: feature.rp/qr-code-banner
************* Processing for branch: feature.rp/qr-code-implementation *************
branch 'feature.rp/qr-code-implementation' set up to track 'origin/feature.rp/qr-code-implementation'.
File 'bitbucket-pipelines.yml' exists in repo: Pedagogy-frontend on branch: feature.rp/qr-code-implementation
************* Processing for branch: feature.rp/qr-ios *************
branch 'feature.rp/qr-ios' set up to track 'origin/feature.rp/qr-ios'.
File 'bitbucket-pipelines.yml' exists in repo: Pedagogy-frontend on branch: feature.rp/qr-ios
************* Processing for branch: feature.rp/redux-saga-setup *************
branch 'feature.rp/redux-saga-setup' set up to track 'origin/feature.rp/redux-saga-setup'.
File 'bitbucket-pipelines.yml' exists in repo: Pedagogy-frontend on branch: feature.rp/redux-saga-setup
************* Processing for branch: feature.rp/revert-pr-85 *************
branch 'feature.rp/revert-pr-85' set up to track 'origin/feature.rp/revert-pr-85'.
File 'bitbucket-pipelines.yml' exists in repo: Pedagogy-frontend on branch: feature.rp/revert-pr-85
************* Processing for branch: feature.rr/DEG-2028 *************
branch 'feature.rr/DEG-2028' set up to track 'origin/feature.rr/DEG-2028'.
File 'bitbucket-pipelines.yml' exists in repo: Pedagogy-frontend on branch: feature.rr/DEG-2028
************* Processing for branch: feature.rr/course-progression/DEG-2557 *************
branch 'feature.rr/course-progression/DEG-2557' set up to track 'origin/feature.rr/course-progression/DEG-2557'.
File 'bitbucket-pipelines.yml' exists in repo: Pedagogy-frontend on branch: feature.rr/course-progression/DEG-2557
************* Processing for branch: feature.rr/jwt-token *************
branch 'feature.rr/jwt-token' set up to track 'origin/feature.rr/jwt-token'.
File 'bitbucket-pipelines.yml' exists in repo: Pedagogy-frontend on branch: feature.rr/jwt-token
************* Processing for branch: feature.rr/learning-hour-report/DEG-2527 *************
branch 'feature.rr/learning-hour-report/DEG-2527' set up to track 'origin/feature.rr/learning-hour-report/DEG-2527'.
File 'bitbucket-pipelines.yml' exists in repo: Pedagogy-frontend on branch: feature.rr/learning-hour-report/DEG-2527
************* Processing for branch: feature.rr/live-session-report/DEG-2522 *************
branch 'feature.rr/live-session-report/DEG-2522' set up to track 'origin/feature.rr/live-session-report/DEG-2522'.
File 'bitbucket-pipelines.yml' exists in repo: Pedagogy-frontend on branch: feature.rr/live-session-report/DEG-2522
************* Processing for branch: feature.rr/participation-report/DEG-2520 *************
branch 'feature.rr/participation-report/DEG-2520' set up to track 'origin/feature.rr/participation-report/DEG-2520'.
File 'bitbucket-pipelines.yml' exists in repo: Pedagogy-frontend on branch: feature.rr/participation-report/DEG-2520
************* Processing for branch: feature.rr/referral-revamp *************
branch 'feature.rr/referral-revamp' set up to track 'origin/feature.rr/referral-revamp'.
File 'bitbucket-pipelines.yml' exists in repo: Pedagogy-frontend on branch: feature.rr/referral-revamp
************* Processing for branch: feature.rr/revamp-referral *************
branch 'feature.rr/revamp-referral' set up to track 'origin/feature.rr/revamp-referral'.
File 'bitbucket-pipelines.yml' exists in repo: Pedagogy-frontend on branch: feature.rr/revamp-referral
************* Processing for branch: feature.rr/telegram-admin-popup-videoupload *************
branch 'feature.rr/telegram-admin-popup-videoupload' set up to track 'origin/feature.rr/telegram-admin-popup-videoupload'.
File 'bitbucket-pipelines.yml' exists in repo: Pedagogy-frontend on branch: feature.rr/telegram-admin-popup-videoupload
************* Processing for branch: feature.rr/telegram-integration *************
branch 'feature.rr/telegram-integration' set up to track 'origin/feature.rr/telegram-integration'.
File 'bitbucket-pipelines.yml' exists in repo: Pedagogy-frontend on branch: feature.rr/telegram-integration
************* Processing for branch: feature.sg/Coursefee *************
branch 'feature.sg/Coursefee' set up to track 'origin/feature.sg/Coursefee'.
File 'bitbucket-pipelines.yml' exists in repo: Pedagogy-frontend on branch: feature.sg/Coursefee
************* Processing for branch: feature.sg/Coursefee-au *************
branch 'feature.sg/Coursefee-au' set up to track 'origin/feature.sg/Coursefee-au'.
File 'bitbucket-pipelines.yml' exists in repo: Pedagogy-frontend on branch: feature.sg/Coursefee-au
************* Processing for branch: feature.sg/Coursefee-bdu *************
branch 'feature.sg/Coursefee-bdu' set up to track 'origin/feature.sg/Coursefee-bdu'.
File 'bitbucket-pipelines.yml' exists in repo: Pedagogy-frontend on branch: feature.sg/Coursefee-bdu
************* Processing for branch: feature.sg/Coursefee-kiit *************
branch 'feature.sg/Coursefee-kiit' set up to track 'origin/feature.sg/Coursefee-kiit'.
File 'bitbucket-pipelines.yml' exists in repo: Pedagogy-frontend on branch: feature.sg/Coursefee-kiit
************* Processing for branch: feature.sg/Coursefee-kuk *************
branch 'feature.sg/Coursefee-kuk' set up to track 'origin/feature.sg/Coursefee-kuk'.
File 'bitbucket-pipelines.yml' exists in repo: Pedagogy-frontend on branch: feature.sg/Coursefee-kuk
************* Processing for branch: feature.sg/Coursefee-vgu *************
branch 'feature.sg/Coursefee-vgu' set up to track 'origin/feature.sg/Coursefee-vgu'.
File 'bitbucket-pipelines.yml' exists in repo: Pedagogy-frontend on branch: feature.sg/Coursefee-vgu
************* Processing for branch: feature.sg/Coursefee-vgu-pull *************
branch 'feature.sg/Coursefee-vgu-pull' set up to track 'origin/feature.sg/Coursefee-vgu-pull'.
File 'bitbucket-pipelines.yml' exists in repo: Pedagogy-frontend on branch: feature.sg/Coursefee-vgu-pull
************* Processing for branch: feature.sg/RC-apis-email-to-leadid *************
branch 'feature.sg/RC-apis-email-to-leadid' set up to track 'origin/feature.sg/RC-apis-email-to-leadid'.
File 'bitbucket-pipelines.yml' exists in repo: Pedagogy-frontend on branch: feature.sg/RC-apis-email-to-leadid
************* Processing for branch: feature.sg/andhra-liveclass-cookie-call *************
branch 'feature.sg/andhra-liveclass-cookie-call' set up to track 'origin/feature.sg/andhra-liveclass-cookie-call'.
File 'bitbucket-pipelines.yml' exists in repo: Pedagogy-frontend on branch: feature.sg/andhra-liveclass-cookie-call
************* Processing for branch: feature.sg/andhra-scorm-viewer-compatible *************
branch 'feature.sg/andhra-scorm-viewer-compatible' set up to track 'origin/feature.sg/andhra-scorm-viewer-compatible'.
File 'bitbucket-pipelines.yml' exists in repo: Pedagogy-frontend on branch: feature.sg/andhra-scorm-viewer-compatible
************* Processing for branch: feature.sg/banner-fix *************
branch 'feature.sg/banner-fix' set up to track 'origin/feature.sg/banner-fix'.
File 'bitbucket-pipelines.yml' exists in repo: Pedagogy-frontend on branch: feature.sg/banner-fix
************* Processing for branch: feature.sg/bdu-liveclass-cookie-call *************
branch 'feature.sg/bdu-liveclass-cookie-call' set up to track 'origin/feature.sg/bdu-liveclass-cookie-call'.
File 'bitbucket-pipelines.yml' exists in repo: Pedagogy-frontend on branch: feature.sg/bdu-liveclass-cookie-call
************* Processing for branch: feature.sg/bdu-scorm-viewer-compatible *************
branch 'feature.sg/bdu-scorm-viewer-compatible' set up to track 'origin/feature.sg/bdu-scorm-viewer-compatible'.
File 'bitbucket-pipelines.yml' exists in repo: Pedagogy-frontend on branch: feature.sg/bdu-scorm-viewer-compatible
************* Processing for branch: feature.sg/cloudfront-changes *************
branch 'feature.sg/cloudfront-changes' set up to track 'origin/feature.sg/cloudfront-changes'.
File 'bitbucket-pipelines.yml' exists in repo: Pedagogy-frontend on branch: feature.sg/cloudfront-changes
************* Processing for branch: feature.sg/common-liveclass-cookie-call *************
branch 'feature.sg/common-liveclass-cookie-call' set up to track 'origin/feature.sg/common-liveclass-cookie-call'.
File 'bitbucket-pipelines.yml' exists in repo: Pedagogy-frontend on branch: feature.sg/common-liveclass-cookie-call
************* Processing for branch: feature.sg/common-scorm-viewer-compatible *************
branch 'feature.sg/common-scorm-viewer-compatible' set up to track 'origin/feature.sg/common-scorm-viewer-compatible'.
File 'bitbucket-pipelines.yml' exists in repo: Pedagogy-frontend on branch: feature.sg/common-scorm-viewer-compatible
************* Processing for branch: feature.sg/cookie-changes *************
branch 'feature.sg/cookie-changes' set up to track 'origin/feature.sg/cookie-changes'.
File 'bitbucket-pipelines.yml' exists in repo: Pedagogy-frontend on branch: feature.sg/cookie-changes
************* Processing for branch: feature.sg/cu-liveclass-cookie-call *************
branch 'feature.sg/cu-liveclass-cookie-call' set up to track 'origin/feature.sg/cu-liveclass-cookie-call'.
File 'bitbucket-pipelines.yml' exists in repo: Pedagogy-frontend on branch: feature.sg/cu-liveclass-cookie-call
************* Processing for branch: feature.sg/cu-scorm-viewer-compatible *************
branch 'feature.sg/cu-scorm-viewer-compatible' set up to track 'origin/feature.sg/cu-scorm-viewer-compatible'.
File 'bitbucket-pipelines.yml' exists in repo: Pedagogy-frontend on branch: feature.sg/cu-scorm-viewer-compatible
************* Processing for branch: feature.sg/dy-cdn-release-all *************
branch 'feature.sg/dy-cdn-release-all' set up to track 'origin/feature.sg/dy-cdn-release-all'.
File 'bitbucket-pipelines.yml' exists in repo: Pedagogy-frontend on branch: feature.sg/dy-cdn-release-all
************* Processing for branch: feature.sg/dy-liveclass-cookie-call *************
branch 'feature.sg/dy-liveclass-cookie-call' set up to track 'origin/feature.sg/dy-liveclass-cookie-call'.
File 'bitbucket-pipelines.yml' exists in repo: Pedagogy-frontend on branch: feature.sg/dy-liveclass-cookie-call
************* Processing for branch: feature.sg/dypatil-webscorrm-changes *************
branch 'feature.sg/dypatil-webscorrm-changes' set up to track 'origin/feature.sg/dypatil-webscorrm-changes'.
File 'bitbucket-pipelines.yml' exists in repo: Pedagogy-frontend on branch: feature.sg/dypatil-webscorrm-changes
************* Processing for branch: feature.sg/fix-cdn-issue *************
branch 'feature.sg/fix-cdn-issue' set up to track 'origin/feature.sg/fix-cdn-issue'.
File 'bitbucket-pipelines.yml' exists in repo: Pedagogy-frontend on branch: feature.sg/fix-cdn-issue
************* Processing for branch: feature.sg/include-cookie-in-download *************
branch 'feature.sg/include-cookie-in-download' set up to track 'origin/feature.sg/include-cookie-in-download'.
File 'bitbucket-pipelines.yml' exists in repo: Pedagogy-frontend on branch: feature.sg/include-cookie-in-download
************* Processing for branch: feature.sg/jain-cf-code *************
branch 'feature.sg/jain-cf-code' set up to track 'origin/feature.sg/jain-cf-code'.
File 'bitbucket-pipelines.yml' exists in repo: Pedagogy-frontend on branch: feature.sg/jain-cf-code
************* Processing for branch: feature.sg/jain-scorm-viewer-compatible *************
branch 'feature.sg/jain-scorm-viewer-compatible' set up to track 'origin/feature.sg/jain-scorm-viewer-compatible'.
File 'bitbucket-pipelines.yml' exists in repo: Pedagogy-frontend on branch: feature.sg/jain-scorm-viewer-compatible
************* Processing for branch: feature.sg/kuk-liveclass-cookie-call *************
branch 'feature.sg/kuk-liveclass-cookie-call' set up to track 'origin/feature.sg/kuk-liveclass-cookie-call'.
File 'bitbucket-pipelines.yml' exists in repo: Pedagogy-frontend on branch: feature.sg/kuk-liveclass-cookie-call
************* Processing for branch: feature.sg/kuk-scorm-viewer-compatible *************
branch 'feature.sg/kuk-scorm-viewer-compatible' set up to track 'origin/feature.sg/kuk-scorm-viewer-compatible'.
File 'bitbucket-pipelines.yml' exists in repo: Pedagogy-frontend on branch: feature.sg/kuk-scorm-viewer-compatible
************* Processing for branch: feature.sg/lms-revamp *************
branch 'feature.sg/lms-revamp' set up to track 'origin/feature.sg/lms-revamp'.
File 'bitbucket-pipelines.yml' exists in repo: Pedagogy-frontend on branch: feature.sg/lms-revamp
************* Processing for branch: feature.sg/make-scorm-viewer-compatible *************
branch 'feature.sg/make-scorm-viewer-compatible' set up to track 'origin/feature.sg/make-scorm-viewer-compatible'.
File 'bitbucket-pipelines.yml' exists in repo: Pedagogy-frontend on branch: feature.sg/make-scorm-viewer-compatible
************* Processing for branch: feature.sg/niu-cf *************
branch 'feature.sg/niu-cf' set up to track 'origin/feature.sg/niu-cf'.
File 'bitbucket-pipelines.yml' exists in repo: Pedagogy-frontend on branch: feature.sg/niu-cf
************* Processing for branch: feature.sg/niu-liveclass-cookie-call *************
branch 'feature.sg/niu-liveclass-cookie-call' set up to track 'origin/feature.sg/niu-liveclass-cookie-call'.
File 'bitbucket-pipelines.yml' exists in repo: Pedagogy-frontend on branch: feature.sg/niu-liveclass-cookie-call
************* Processing for branch: feature.sg/niu-scorm-viewer-compatible *************
branch 'feature.sg/niu-scorm-viewer-compatible' set up to track 'origin/feature.sg/niu-scorm-viewer-compatible'.
File 'bitbucket-pipelines.yml' exists in repo: Pedagogy-frontend on branch: feature.sg/niu-scorm-viewer-compatible
************* Processing for branch: feature.sg/only-approved-receipt *************
branch 'feature.sg/only-approved-receipt' set up to track 'origin/feature.sg/only-approved-receipt'.
File 'bitbucket-pipelines.yml' exists in repo: Pedagogy-frontend on branch: feature.sg/only-approved-receipt
************* Processing for branch: feature.sg/payment-temp-page *************
branch 'feature.sg/payment-temp-page' set up to track 'origin/feature.sg/payment-temp-page'.
File 'bitbucket-pipelines.yml' exists in repo: Pedagogy-frontend on branch: feature.sg/payment-temp-page
************* Processing for branch: feature.sg/payment-temp-page-2 *************
branch 'feature.sg/payment-temp-page-2' set up to track 'origin/feature.sg/payment-temp-page-2'.
File 'bitbucket-pipelines.yml' exists in repo: Pedagogy-frontend on branch: feature.sg/payment-temp-page-2
************* Processing for branch: feature.sg/testing-doc/ppt-sol *************
branch 'feature.sg/testing-doc/ppt-sol' set up to track 'origin/feature.sg/testing-doc/ppt-sol'.
File 'bitbucket-pipelines.yml' exists in repo: Pedagogy-frontend on branch: feature.sg/testing-doc/ppt-sol
************* Processing for branch: feature.sg/vgu-cf-changes *************
branch 'feature.sg/vgu-cf-changes' set up to track 'origin/feature.sg/vgu-cf-changes'.
File 'bitbucket-pipelines.yml' exists in repo: Pedagogy-frontend on branch: feature.sg/vgu-cf-changes
************* Processing for branch: feature.sg/vgu-scorm-viewer-compatible *************
branch 'feature.sg/vgu-scorm-viewer-compatible' set up to track 'origin/feature.sg/vgu-scorm-viewer-compatible'.
File 'bitbucket-pipelines.yml' exists in repo: Pedagogy-frontend on branch: feature.sg/vgu-scorm-viewer-compatible
************* Processing for branch: feature.sg/webFile-andhra *************
branch 'feature.sg/webFile-andhra' set up to track 'origin/feature.sg/webFile-andhra'.
File 'bitbucket-pipelines.yml' exists in repo: Pedagogy-frontend on branch: feature.sg/webFile-andhra
************* Processing for branch: feature.sg/webFile-bdu *************
branch 'feature.sg/webFile-bdu' set up to track 'origin/feature.sg/webFile-bdu'.
File 'bitbucket-pipelines.yml' exists in repo: Pedagogy-frontend on branch: feature.sg/webFile-bdu
************* Processing for branch: feature.sg2/aadhaar-kiit *************
branch 'feature.sg2/aadhaar-kiit' set up to track 'origin/feature.sg2/aadhaar-kiit'.
File 'bitbucket-pipelines.yml' exists in repo: Pedagogy-frontend on branch: feature.sg2/aadhaar-kiit
************* Processing for branch: feature.sg2/aadhaar-kuk *************
branch 'feature.sg2/aadhaar-kuk' set up to track 'origin/feature.sg2/aadhaar-kuk'.
File 'bitbucket-pipelines.yml' exists in repo: Pedagogy-frontend on branch: feature.sg2/aadhaar-kuk
************* Processing for branch: feature.sg2/aadhaar-rtk *************
branch 'feature.sg2/aadhaar-rtk' set up to track 'origin/feature.sg2/aadhaar-rtk'.
File 'bitbucket-pipelines.yml' exists in repo: Pedagogy-frontend on branch: feature.sg2/aadhaar-rtk
************* Processing for branch: feature.sg2/aadhar-plg-dy *************
branch 'feature.sg2/aadhar-plg-dy' set up to track 'origin/feature.sg2/aadhar-plg-dy'.
File 'bitbucket-pipelines.yml' exists in repo: Pedagogy-frontend on branch: feature.sg2/aadhar-plg-dy
************* Processing for branch: feature.sg2/adhar-admin *************
branch 'feature.sg2/adhar-admin' set up to track 'origin/feature.sg2/adhar-admin'.
File 'bitbucket-pipelines.yml' exists in repo: Pedagogy-frontend on branch: feature.sg2/adhar-admin
************* Processing for branch: feature.sg2/after-pull *************
branch 'feature.sg2/after-pull' set up to track 'origin/feature.sg2/after-pull'.
File 'bitbucket-pipelines.yml' exists in repo: Pedagogy-frontend on branch: feature.sg2/after-pull
************* Processing for branch: feature.sg2/andhra-aadhaar *************
branch 'feature.sg2/andhra-aadhaar' set up to track 'origin/feature.sg2/andhra-aadhaar'.
File 'bitbucket-pipelines.yml' exists in repo: Pedagogy-frontend on branch: feature.sg2/andhra-aadhaar
************* Processing for branch: feature.sg2/api-correct *************
branch 'feature.sg2/api-correct' set up to track 'origin/feature.sg2/api-correct'.
File 'bitbucket-pipelines.yml' exists in repo: Pedagogy-frontend on branch: feature.sg2/api-correct
************* Processing for branch: feature.sg2/ar-sg2-revamp *************
branch 'feature.sg2/ar-sg2-revamp' set up to track 'origin/feature.sg2/ar-sg2-revamp'.
File 'bitbucket-pipelines.yml' exists in repo: Pedagogy-frontend on branch: feature.sg2/ar-sg2-revamp
************* Processing for branch: feature.sg2/ar-sg2-sg-revamp *************
branch 'feature.sg2/ar-sg2-sg-revamp' set up to track 'origin/feature.sg2/ar-sg2-sg-revamp'.
File 'bitbucket-pipelines.yml' exists in repo: Pedagogy-frontend on branch: feature.sg2/ar-sg2-sg-revamp
************* Processing for branch: feature.sg2/atlas-adha-plg *************
branch 'feature.sg2/atlas-adha-plg' set up to track 'origin/feature.sg2/atlas-adha-plg'.
File 'bitbucket-pipelines.yml' exists in repo: Pedagogy-frontend on branch: feature.sg2/atlas-adha-plg
************* Processing for branch: feature.sg2/bdu-aadhaar *************
branch 'feature.sg2/bdu-aadhaar' set up to track 'origin/feature.sg2/bdu-aadhaar'.
File 'bitbucket-pipelines.yml' exists in repo: Pedagogy-frontend on branch: feature.sg2/bdu-aadhaar
************* Processing for branch: feature.sg2/before-pull-plg *************
branch 'feature.sg2/before-pull-plg' set up to track 'origin/feature.sg2/before-pull-plg'.
File 'bitbucket-pipelines.yml' exists in repo: Pedagogy-frontend on branch: feature.sg2/before-pull-plg
************* Processing for branch: feature.sg2/centu-aadhaar *************
branch 'feature.sg2/centu-aadhaar' set up to track 'origin/feature.sg2/centu-aadhaar'.
File 'bitbucket-pipelines.yml' exists in repo: Pedagogy-frontend on branch: feature.sg2/centu-aadhaar
************* Processing for branch: feature.sg2/common-vgu *************
branch 'feature.sg2/common-vgu' set up to track 'origin/feature.sg2/common-vgu'.
File 'bitbucket-pipelines.yml' exists in repo: Pedagogy-frontend on branch: feature.sg2/common-vgu
************* Processing for branch: feature.sg2/content-listing *************
branch 'feature.sg2/content-listing' set up to track 'origin/feature.sg2/content-listing'.
File 'bitbucket-pipelines.yml' exists in repo: Pedagogy-frontend on branch: feature.sg2/content-listing
************* Processing for branch: feature.sg2/cu-aadhaar *************
branch 'feature.sg2/cu-aadhaar' set up to track 'origin/feature.sg2/cu-aadhaar'.
File 'bitbucket-pipelines.yml' exists in repo: Pedagogy-frontend on branch: feature.sg2/cu-aadhaar
************* Processing for branch: feature.sg2/cu-adhar-pull *************
branch 'feature.sg2/cu-adhar-pull' set up to track 'origin/feature.sg2/cu-adhar-pull'.
File 'bitbucket-pipelines.yml' exists in repo: Pedagogy-frontend on branch: feature.sg2/cu-adhar-pull
************* Processing for branch: feature.sg2/cu-support *************
branch 'feature.sg2/cu-support' set up to track 'origin/feature.sg2/cu-support'.
File 'bitbucket-pipelines.yml' exists in repo: Pedagogy-frontend on branch: feature.sg2/cu-support
************* Processing for branch: feature.sg2/jain-aadhaar *************
branch 'feature.sg2/jain-aadhaar' set up to track 'origin/feature.sg2/jain-aadhaar'.
File 'bitbucket-pipelines.yml' exists in repo: Pedagogy-frontend on branch: feature.sg2/jain-aadhaar
************* Processing for branch: feature.sg2/jnu-aadhar *************
branch 'feature.sg2/jnu-aadhar' set up to track 'origin/feature.sg2/jnu-aadhar'.
File 'bitbucket-pipelines.yml' exists in repo: Pedagogy-frontend on branch: feature.sg2/jnu-aadhar
************* Processing for branch: feature.sg2/jwt-plag-pull *************
branch 'feature.sg2/jwt-plag-pull' set up to track 'origin/feature.sg2/jwt-plag-pull'.
File 'bitbucket-pipelines.yml' exists in repo: Pedagogy-frontend on branch: feature.sg2/jwt-plag-pull
************* Processing for branch: feature.sg2/kuk-aadhaar *************
branch 'feature.sg2/kuk-aadhaar' set up to track 'origin/feature.sg2/kuk-aadhaar'.
File 'bitbucket-pipelines.yml' exists in repo: Pedagogy-frontend on branch: feature.sg2/kuk-aadhaar
************* Processing for branch: feature.sg2/lms-revamp-dy *************
branch 'feature.sg2/lms-revamp-dy' set up to track 'origin/feature.sg2/lms-revamp-dy'.
File 'bitbucket-pipelines.yml' exists in repo: Pedagogy-frontend on branch: feature.sg2/lms-revamp-dy
************* Processing for branch: feature.sg2/mgr-aadhaar *************
branch 'feature.sg2/mgr-aadhaar' set up to track 'origin/feature.sg2/mgr-aadhaar'.
File 'bitbucket-pipelines.yml' exists in repo: Pedagogy-frontend on branch: feature.sg2/mgr-aadhaar
************* Processing for branch: feature.sg2/niu-aadhaar *************
branch 'feature.sg2/niu-aadhaar' set up to track 'origin/feature.sg2/niu-aadhaar'.
File 'bitbucket-pipelines.yml' exists in repo: Pedagogy-frontend on branch: feature.sg2/niu-aadhaar
************* Processing for branch: feature.sg2/plag-check *************
branch 'feature.sg2/plag-check' set up to track 'origin/feature.sg2/plag-check'.
File 'bitbucket-pipelines.yml' exists in repo: Pedagogy-frontend on branch: feature.sg2/plag-check
************* Processing for branch: feature.sg2/plg-clean *************
branch 'feature.sg2/plg-clean' set up to track 'origin/feature.sg2/plg-clean'.
File 'bitbucket-pipelines.yml' exists in repo: Pedagogy-frontend on branch: feature.sg2/plg-clean
************* Processing for branch: feature.sg2/plg-withoutToast *************
branch 'feature.sg2/plg-withoutToast' set up to track 'origin/feature.sg2/plg-withoutToast'.
File 'bitbucket-pipelines.yml' exists in repo: Pedagogy-frontend on branch: feature.sg2/plg-withoutToast
************* Processing for branch: feature.sg2/program-filter *************
branch 'feature.sg2/program-filter' set up to track 'origin/feature.sg2/program-filter'.
File 'bitbucket-pipelines.yml' exists in repo: Pedagogy-frontend on branch: feature.sg2/program-filter
************* Processing for branch: feature.sg2/revamp-calendar *************
branch 'feature.sg2/revamp-calendar' set up to track 'origin/feature.sg2/revamp-calendar'.
File 'bitbucket-pipelines.yml' exists in repo: Pedagogy-frontend on branch: feature.sg2/revamp-calendar
************* Processing for branch: feature.sg2/semsubmapfix *************
branch 'feature.sg2/semsubmapfix' set up to track 'origin/feature.sg2/semsubmapfix'.
File 'bitbucket-pipelines.yml' exists in repo: Pedagogy-frontend on branch: feature.sg2/semsubmapfix
************* Processing for branch: feature.sg2/support-drawer *************
branch 'feature.sg2/support-drawer' set up to track 'origin/feature.sg2/support-drawer'.
File 'bitbucket-pipelines.yml' exists in repo: Pedagogy-frontend on branch: feature.sg2/support-drawer
************* Processing for branch: feature.sg2/updated-aadhar *************
branch 'feature.sg2/updated-aadhar' set up to track 'origin/feature.sg2/updated-aadhar'.
File 'bitbucket-pipelines.yml' exists in repo: Pedagogy-frontend on branch: feature.sg2/updated-aadhar
************* Processing for branch: feature.sg2/updated-content-listing *************
branch 'feature.sg2/updated-content-listing' set up to track 'origin/feature.sg2/updated-content-listing'.
File 'bitbucket-pipelines.yml' exists in repo: Pedagogy-frontend on branch: feature.sg2/updated-content-listing
************* Processing for branch: feature.sg2/vgu-aadhar *************
branch 'feature.sg2/vgu-aadhar' set up to track 'origin/feature.sg2/vgu-aadhar'.
File 'bitbucket-pipelines.yml' exists in repo: Pedagogy-frontend on branch: feature.sg2/vgu-aadhar
************* Processing for branch: feature/assignment-popup-disable *************
branch 'feature/assignment-popup-disable' set up to track 'origin/feature/assignment-popup-disable'.
File 'bitbucket-pipelines.yml' exists in repo: Pedagogy-frontend on branch: feature/assignment-popup-disable
************* Processing for branch: feature/common-dev-fe *************
branch 'feature/common-dev-fe' set up to track 'origin/feature/common-dev-fe'.
File 'bitbucket-pipelines.yml' exists in repo: Pedagogy-frontend on branch: feature/common-dev-fe
************* Processing for branch: feature/common-dy-patil *************
branch 'feature/common-dy-patil' set up to track 'origin/feature/common-dy-patil'.
File 'bitbucket-pipelines.yml' exists in repo: Pedagogy-frontend on branch: feature/common-dy-patil
************* Processing for branch: feature/forms-setup-admin *************
branch 'feature/forms-setup-admin' set up to track 'origin/feature/forms-setup-admin'.
File 'bitbucket-pipelines.yml' exists in repo: Pedagogy-frontend on branch: feature/forms-setup-admin
************* Processing for branch: feature/new-features *************
branch 'feature/new-features' set up to track 'origin/feature/new-features'.
File 'bitbucket-pipelines.yml' exists in repo: Pedagogy-frontend on branch: feature/new-features
************* Processing for branch: feature/setup *************
branch 'feature/setup' set up to track 'origin/feature/setup'.
File 'bitbucket-pipelines.yml' exists in repo: Pedagogy-frontend on branch: feature/setup
************* Processing for branch: fetaure.ar/jwt-referral-common *************
branch 'fetaure.ar/jwt-referral-common' set up to track 'origin/fetaure.ar/jwt-referral-common'.
File 'bitbucket-pipelines.yml' exists in repo: Pedagogy-frontend on branch: fetaure.ar/jwt-referral-common
************* Processing for branch: fetaure.ar/kiit-referral *************
branch 'fetaure.ar/kiit-referral' set up to track 'origin/fetaure.ar/kiit-referral'.
File 'bitbucket-pipelines.yml' exists in repo: Pedagogy-frontend on branch: fetaure.ar/kiit-referral
************* Processing for branch: fetaure.ar/referral-andhra *************
branch 'fetaure.ar/referral-andhra' set up to track 'origin/fetaure.ar/referral-andhra'.
File 'bitbucket-pipelines.yml' exists in repo: Pedagogy-frontend on branch: fetaure.ar/referral-andhra
************* Processing for branch: fetaure.ar/seesion-temp *************
branch 'fetaure.ar/seesion-temp' set up to track 'origin/fetaure.ar/seesion-temp'.
File 'bitbucket-pipelines.yml' exists in repo: Pedagogy-frontend on branch: fetaure.ar/seesion-temp
************* Processing for branch: fetaure.rk/testing *************
branch 'fetaure.rk/testing' set up to track 'origin/fetaure.rk/testing'.
File 'bitbucket-pipelines.yml' exists in repo: Pedagogy-frontend on branch: fetaure.rk/testing
************* Processing for branch: feture.rk/colne-subject *************
branch 'feture.rk/colne-subject' set up to track 'origin/feture.rk/colne-subject'.
File 'bitbucket-pipelines.yml' exists in repo: Pedagogy-frontend on branch: feture.rk/colne-subject
************* Processing for branch: feture.rk/link-project-institute-to-program-semester *************
branch 'feture.rk/link-project-institute-to-program-semester' set up to track 'origin/feture.rk/link-project-institute-to-program-semester'.
File 'bitbucket-pipelines.yml' exists in repo: Pedagogy-frontend on branch: feture.rk/link-project-institute-to-program-semester
************* Processing for branch: fix.hj/assignment-create-validation *************
branch 'fix.hj/assignment-create-validation' set up to track 'origin/fix.hj/assignment-create-validation'.
File 'bitbucket-pipelines.yml' exists in repo: Pedagogy-frontend on branch: fix.hj/assignment-create-validation
************* Processing for branch: fix.hj/assignment-create-validation-1 *************
branch 'fix.hj/assignment-create-validation-1' set up to track 'origin/fix.hj/assignment-create-validation-1'.
File 'bitbucket-pipelines.yml' exists in repo: Pedagogy-frontend on branch: fix.hj/assignment-create-validation-1
************* Processing for branch: node-sonarqube *************
branch 'node-sonarqube' set up to track 'origin/node-sonarqube'.
File 'bitbucket-pipelines.yml' exists in repo: Pedagogy-frontend on branch: node-sonarqube
************* Processing for branch: feature.rahul/DEG-2526 *************
File 'bitbucket-pipelines.yml' exists in repo: Pedagogy-frontend on branch: feature.rahul/DEG-2526
************* Processing for branch: qa-staging *************
branch 'qa-staging' set up to track 'origin/qa-staging'.
File 'bitbucket-pipelines.yml' exists in repo: Pedagogy-frontend on branch: qa-staging
************* Processing for branch: qa.rk/qa-deployement *************
branch 'qa.rk/qa-deployement' set up to track 'origin/qa.rk/qa-deployement'.
File 'bitbucket-pipelines.yml' exists in repo: Pedagogy-frontend on branch: qa.rk/qa-deployement
************* Processing for branch: rahul.r/referral-code-revamp *************
branch 'rahul.r/referral-code-revamp' set up to track 'origin/rahul.r/referral-code-revamp'.
File 'bitbucket-pipelines.yml' exists in repo: Pedagogy-frontend on branch: rahul.r/referral-code-revamp
************* Processing for branch: release.ar/au-referrer-check *************
branch 'release.ar/au-referrer-check' set up to track 'origin/release.ar/au-referrer-check'.
File 'bitbucket-pipelines.yml' exists in repo: Pedagogy-frontend on branch: release.ar/au-referrer-check
************* Processing for branch: release.ar/bdu-university *************
branch 'release.ar/bdu-university' set up to track 'origin/release.ar/bdu-university'.
File 'bitbucket-pipelines.yml' exists in repo: Pedagogy-frontend on branch: release.ar/bdu-university
************* Processing for branch: release.ar/cu-forgot-password *************
branch 'release.ar/cu-forgot-password' set up to track 'origin/release.ar/cu-forgot-password'.
File 'bitbucket-pipelines.yml' exists in repo: Pedagogy-frontend on branch: release.ar/cu-forgot-password
************* Processing for branch: release.ar/jain *************
branch 'release.ar/jain' set up to track 'origin/release.ar/jain'.
File 'bitbucket-pipelines.yml' exists in repo: Pedagogy-frontend on branch: release.ar/jain
************* Processing for branch: release.ar/kuk-user-subject-mapping *************
branch 'release.ar/kuk-user-subject-mapping' set up to track 'origin/release.ar/kuk-user-subject-mapping'.
File 'bitbucket-pipelines.yml' exists in repo: Pedagogy-frontend on branch: release.ar/kuk-user-subject-mapping
************* Processing for branch: release.ar/user-subject-mapping *************
branch 'release.ar/user-subject-mapping' set up to track 'origin/release.ar/user-subject-mapping'.
File 'bitbucket-pipelines.yml' exists in repo: Pedagogy-frontend on branch: release.ar/user-subject-mapping
************* Processing for branch: release.hj/bdu *************
branch 'release.hj/bdu' set up to track 'origin/release.hj/bdu'.
File 'bitbucket-pipelines.yml' exists in repo: Pedagogy-frontend on branch: release.hj/bdu
************* Processing for branch: release.hj/cu-no-myaccount-sso *************
branch 'release.hj/cu-no-myaccount-sso' set up to track 'origin/release.hj/cu-no-myaccount-sso'.
File 'bitbucket-pipelines.yml' exists in repo: Pedagogy-frontend on branch: release.hj/cu-no-myaccount-sso
************* Processing for branch: release.hj/drmgr *************
branch 'release.hj/drmgr' set up to track 'origin/release.hj/drmgr'.
File 'bitbucket-pipelines.yml' exists in repo: Pedagogy-frontend on branch: release.hj/drmgr
************* Processing for branch: release.hj/dyp *************
branch 'release.hj/dyp' set up to track 'origin/release.hj/dyp'.
File 'bitbucket-pipelines.yml' exists in repo: Pedagogy-frontend on branch: release.hj/dyp
************* Processing for branch: release.hj/dyp-app-deeplinks *************
branch 'release.hj/dyp-app-deeplinks' set up to track 'origin/release.hj/dyp-app-deeplinks'.
File 'bitbucket-pipelines.yml' exists in repo: Pedagogy-frontend on branch: release.hj/dyp-app-deeplinks
************* Processing for branch: release.hj/jain *************
branch 'release.hj/jain' set up to track 'origin/release.hj/jain'.
File 'bitbucket-pipelines.yml' exists in repo: Pedagogy-frontend on branch: release.hj/jain
************* Processing for branch: release.hj/kuk *************
branch 'release.hj/kuk' set up to track 'origin/release.hj/kuk'.
File 'bitbucket-pipelines.yml' exists in repo: Pedagogy-frontend on branch: release.hj/kuk
************* Processing for branch: release.hj/kuk-ultimate-major-minor *************
branch 'release.hj/kuk-ultimate-major-minor' set up to track 'origin/release.hj/kuk-ultimate-major-minor'.
File 'bitbucket-pipelines.yml' exists in repo: Pedagogy-frontend on branch: release.hj/kuk-ultimate-major-minor
************* Processing for branch: release.hj/lms-no-account *************
branch 'release.hj/lms-no-account' set up to track 'origin/release.hj/lms-no-account'.
File 'bitbucket-pipelines.yml' exists in repo: Pedagogy-frontend on branch: release.hj/lms-no-account
************* Processing for branch: release.hj/lms-ultimate *************
branch 'release.hj/lms-ultimate' set up to track 'origin/release.hj/lms-ultimate'.
File 'bitbucket-pipelines.yml' exists in repo: Pedagogy-frontend on branch: release.hj/lms-ultimate
************* Processing for branch: release.hj/lms-ultimate-dyp-kh *************
branch 'release.hj/lms-ultimate-dyp-kh' set up to track 'origin/release.hj/lms-ultimate-dyp-kh'.
File 'bitbucket-pipelines.yml' exists in repo: Pedagogy-frontend on branch: release.hj/lms-ultimate-dyp-kh
************* Processing for branch: release.hj/lms-ultimate-vgu-ppt *************
branch 'release.hj/lms-ultimate-vgu-ppt' set up to track 'origin/release.hj/lms-ultimate-vgu-ppt'.
File 'bitbucket-pipelines.yml' exists in repo: Pedagogy-frontend on branch: release.hj/lms-ultimate-vgu-ppt
************* Processing for branch: release.hj/niu *************
branch 'release.hj/niu' set up to track 'origin/release.hj/niu'.
File 'bitbucket-pipelines.yml' exists in repo: Pedagogy-frontend on branch: release.hj/niu
************* Processing for branch: release.hj/restrict-routes *************
branch 'release.hj/restrict-routes' set up to track 'origin/release.hj/restrict-routes'.
File 'bitbucket-pipelines.yml' exists in repo: Pedagogy-frontend on branch: release.hj/restrict-routes
************* Processing for branch: release/29-08-2024 *************
branch 'release/29-08-2024' set up to track 'origin/release/29-08-2024'.
File 'bitbucket-pipelines.yml' exists in repo: Pedagogy-frontend on branch: release/29-08-2024
************* Processing for branch: release/29-8-2024 *************
branch 'release/29-8-2024' set up to track 'origin/release/29-8-2024'.
File 'bitbucket-pipelines.yml' exists in repo: Pedagogy-frontend on branch: release/29-8-2024
************* Processing for branch: release/5-9-2024 *************
branch 'release/5-9-2024' set up to track 'origin/release/5-9-2024'.
File 'bitbucket-pipelines.yml' exists in repo: Pedagogy-frontend on branch: release/5-9-2024
************* Processing for branch: release/andhra *************
branch 'release/andhra' set up to track 'origin/release/andhra'.
File 'bitbucket-pipelines.yml' exists in repo: Pedagogy-frontend on branch: release/andhra
************* Processing for branch: release/andhra-1 *************
branch 'release/andhra-1' set up to track 'origin/release/andhra-1'.
File 'bitbucket-pipelines.yml' exists in repo: Pedagogy-frontend on branch: release/andhra-1
************* Processing for branch: release/andhra-1-community-config *************
branch 'release/andhra-1-community-config' set up to track 'origin/release/andhra-1-community-config'.
File 'bitbucket-pipelines.yml' exists in repo: Pedagogy-frontend on branch: release/andhra-1-community-config
************* Processing for branch: release/atlas *************
branch 'release/atlas' set up to track 'origin/release/atlas'.
File 'bitbucket-pipelines.yml' exists in repo: Pedagogy-frontend on branch: release/atlas
************* Processing for branch: release/bdu *************
branch 'release/bdu' set up to track 'origin/release/bdu'.
File 'bitbucket-pipelines.yml' exists in repo: Pedagogy-frontend on branch: release/bdu
************* Processing for branch: release/bdu-community-config *************
branch 'release/bdu-community-config' set up to track 'origin/release/bdu-community-config'.
File 'bitbucket-pipelines.yml' exists in repo: Pedagogy-frontend on branch: release/bdu-community-config
************* Processing for branch: release/centurion *************
branch 'release/centurion' set up to track 'origin/release/centurion'.
File 'bitbucket-pipelines.yml' exists in repo: Pedagogy-frontend on branch: release/centurion
************* Processing for branch: release/centurion-community-config *************
branch 'release/centurion-community-config' set up to track 'origin/release/centurion-community-config'.
File 'bitbucket-pipelines.yml' exists in repo: Pedagogy-frontend on branch: release/centurion-community-config
************* Processing for branch: release/common-fe *************
branch 'release/common-fe' set up to track 'origin/release/common-fe'.
File 'bitbucket-pipelines.yml' exists in repo: Pedagogy-frontend on branch: release/common-fe
************* Processing for branch: release/cu *************
branch 'release/cu' set up to track 'origin/release/cu'.
File 'bitbucket-pipelines.yml' exists in repo: Pedagogy-frontend on branch: release/cu
************* Processing for branch: release/cu-community-config *************
branch 'release/cu-community-config' set up to track 'origin/release/cu-community-config'.
File 'bitbucket-pipelines.yml' exists in repo: Pedagogy-frontend on branch: release/cu-community-config
************* Processing for branch: release/devops-development *************
branch 'release/devops-development' set up to track 'origin/release/devops-development'.
File 'bitbucket-pipelines.yml' exists in repo: Pedagogy-frontend on branch: release/devops-development
************* Processing for branch: release/dy *************
branch 'release/dy' set up to track 'origin/release/dy'.
File 'bitbucket-pipelines.yml' exists in repo: Pedagogy-frontend on branch: release/dy
************* Processing for branch: release/dy-aadhaar *************
branch 'release/dy-aadhaar' set up to track 'origin/release/dy-aadhaar'.
File 'bitbucket-pipelines.yml' exists in repo: Pedagogy-frontend on branch: release/dy-aadhaar
************* Processing for branch: release/dy-patil *************
branch 'release/dy-patil' set up to track 'origin/release/dy-patil'.
File 'bitbucket-pipelines.yml' exists in repo: Pedagogy-frontend on branch: release/dy-patil
************* Processing for branch: release/dy-patil-1 *************
branch 'release/dy-patil-1' set up to track 'origin/release/dy-patil-1'.
File 'bitbucket-pipelines.yml' exists in repo: Pedagogy-frontend on branch: release/dy-patil-1
************* Processing for branch: release/dy-telegram *************
branch 'release/dy-telegram' set up to track 'origin/release/dy-telegram'.
File 'bitbucket-pipelines.yml' exists in repo: Pedagogy-frontend on branch: release/dy-telegram
************* Processing for branch: release/jain *************
branch 'release/jain' set up to track 'origin/release/jain'.
File 'bitbucket-pipelines.yml' exists in repo: Pedagogy-frontend on branch: release/jain
************* Processing for branch: release/jain-community-config *************
branch 'release/jain-community-config' set up to track 'origin/release/jain-community-config'.
File 'bitbucket-pipelines.yml' exists in repo: Pedagogy-frontend on branch: release/jain-community-config
************* Processing for branch: release/jnu *************
branch 'release/jnu' set up to track 'origin/release/jnu'.
File 'bitbucket-pipelines.yml' exists in repo: Pedagogy-frontend on branch: release/jnu
************* Processing for branch: release/jnu-1 *************
branch 'release/jnu-1' set up to track 'origin/release/jnu-1'.
File 'bitbucket-pipelines.yml' exists in repo: Pedagogy-frontend on branch: release/jnu-1
************* Processing for branch: release/kiit *************
branch 'release/kiit' set up to track 'origin/release/kiit'.
File 'bitbucket-pipelines.yml' exists in repo: Pedagogy-frontend on branch: release/kiit
************* Processing for branch: release/kiit-community-config *************
branch 'release/kiit-community-config' set up to track 'origin/release/kiit-community-config'.
File 'bitbucket-pipelines.yml' exists in repo: Pedagogy-frontend on branch: release/kiit-community-config
************* Processing for branch: release/kuk *************
branch 'release/kuk' set up to track 'origin/release/kuk'.
File 'bitbucket-pipelines.yml' exists in repo: Pedagogy-frontend on branch: release/kuk
************* Processing for branch: release/kuk-1 *************
branch 'release/kuk-1' set up to track 'origin/release/kuk-1'.
File 'bitbucket-pipelines.yml' exists in repo: Pedagogy-frontend on branch: release/kuk-1
************* Processing for branch: release/kuk-community-config *************
branch 'release/kuk-community-config' set up to track 'origin/release/kuk-community-config'.
File 'bitbucket-pipelines.yml' exists in repo: Pedagogy-frontend on branch: release/kuk-community-config
************* Processing for branch: release/lms-community-config *************
branch 'release/lms-community-config' set up to track 'origin/release/lms-community-config'.
File 'bitbucket-pipelines.yml' exists in repo: Pedagogy-frontend on branch: release/lms-community-config
************* Processing for branch: release/lms-ultimate *************
branch 'release/lms-ultimate' set up to track 'origin/release/lms-ultimate'.
File 'bitbucket-pipelines.yml' exists in repo: Pedagogy-frontend on branch: release/lms-ultimate
************* Processing for branch: release/masterFaculty-videoUpload *************
branch 'release/masterFaculty-videoUpload' set up to track 'origin/release/masterFaculty-videoUpload'.
File 'bitbucket-pipelines.yml' exists in repo: Pedagogy-frontend on branch: release/masterFaculty-videoUpload
************* Processing for branch: release/mgr *************
branch 'release/mgr' set up to track 'origin/release/mgr'.
File 'bitbucket-pipelines.yml' exists in repo: Pedagogy-frontend on branch: release/mgr
************* Processing for branch: release/mgr-community-config *************
branch 'release/mgr-community-config' set up to track 'origin/release/mgr-community-config'.
File 'bitbucket-pipelines.yml' exists in repo: Pedagogy-frontend on branch: release/mgr-community-config
************* Processing for branch: release/niu *************
branch 'release/niu' set up to track 'origin/release/niu'.
File 'bitbucket-pipelines.yml' exists in repo: Pedagogy-frontend on branch: release/niu
************* Processing for branch: release/niu-community-config *************
branch 'release/niu-community-config' set up to track 'origin/release/niu-community-config'.
File 'bitbucket-pipelines.yml' exists in repo: Pedagogy-frontend on branch: release/niu-community-config
************* Processing for branch: release/niu-telegram *************
branch 'release/niu-telegram' set up to track 'origin/release/niu-telegram'.
File 'bitbucket-pipelines.yml' exists in repo: Pedagogy-frontend on branch: release/niu-telegram
************* Processing for branch: release/revert-content-download *************
branch 'release/revert-content-download' set up to track 'origin/release/revert-content-download'.
File 'bitbucket-pipelines.yml' exists in repo: Pedagogy-frontend on branch: release/revert-content-download
************* Processing for branch: release/vgu *************
branch 'release/vgu' set up to track 'origin/release/vgu'.
File 'bitbucket-pipelines.yml' exists in repo: Pedagogy-frontend on branch: release/vgu
************* Processing for branch: release/vgu-community-config *************
branch 'release/vgu-community-config' set up to track 'origin/release/vgu-community-config'.
File 'bitbucket-pipelines.yml' exists in repo: Pedagogy-frontend on branch: release/vgu-community-config
************* Processing for branch: rk.fix/deploy-fix *************
branch 'rk.fix/deploy-fix' set up to track 'origin/rk.fix/deploy-fix'.
File 'bitbucket-pipelines.yml' exists in repo: Pedagogy-frontend on branch: rk.fix/deploy-fix
************* Processing for branch: rk/referral-changes *************
branch 'rk/referral-changes' set up to track 'origin/rk/referral-changes'.
File 'bitbucket-pipelines.yml' exists in repo: Pedagogy-frontend on branch: rk/referral-changes
************* Processing for branch: rr.telegram/integration *************
branch 'rr.telegram/integration' set up to track 'origin/rr.telegram/integration'.
File 'bitbucket-pipelines.yml' exists in repo: Pedagogy-frontend on branch: rr.telegram/integration
Cleanup completed... for Pedagogy-frontend
******************************-----------******************************
working on repo yourdegree-frontend ........ 
************* Processing for branch: Accredition-section *************
branch 'Accredition-section' set up to track 'origin/Accredition-section'.
File 'bitbucket-pipelines.yml' exists in repo: yourdegree-frontend on branch: Accredition-section
************* Processing for branch: Checkbox-Design *************
branch 'Checkbox-Design' set up to track 'origin/Checkbox-Design'.
File 'bitbucket-pipelines.yml' exists in repo: yourdegree-frontend on branch: Checkbox-Design
************* Processing for branch: Dropdown-Select *************
branch 'Dropdown-Select' set up to track 'origin/Dropdown-Select'.
File 'bitbucket-pipelines.yml' exists in repo: yourdegree-frontend on branch: Dropdown-Select
************* Processing for branch: FAQ *************
branch 'FAQ' set up to track 'origin/FAQ'.
File 'bitbucket-pipelines.yml' exists in repo: yourdegree-frontend on branch: FAQ
************* Processing for branch: Faculty *************
branch 'Faculty' set up to track 'origin/Faculty'.
File 'bitbucket-pipelines.yml' exists in repo: yourdegree-frontend on branch: Faculty
************* Processing for branch: Tag-Component *************
branch 'Tag-Component' set up to track 'origin/Tag-Component'.
File 'bitbucket-pipelines.yml' exists in repo: yourdegree-frontend on branch: Tag-Component
************* Processing for branch: Testimonials *************
branch 'Testimonials' set up to track 'origin/Testimonials'.
File 'bitbucket-pipelines.yml' exists in repo: yourdegree-frontend on branch: Testimonials
************* Processing for branch: about-university *************
branch 'about-university' set up to track 'origin/about-university'.
File 'bitbucket-pipelines.yml' exists in repo: yourdegree-frontend on branch: about-university
************* Processing for branch: add-chatbot *************
branch 'add-chatbot' set up to track 'origin/add-chatbot'.
File 'bitbucket-pipelines.yml' exists in repo: yourdegree-frontend on branch: add-chatbot
************* Processing for branch: add-rudder-stack *************
branch 'add-rudder-stack' set up to track 'origin/add-rudder-stack'.
File 'bitbucket-pipelines.yml' exists in repo: yourdegree-frontend on branch: add-rudder-stack
************* Processing for branch: analytics-fixes *************
branch 'analytics-fixes' set up to track 'origin/analytics-fixes'.
File 'bitbucket-pipelines.yml' exists in repo: yourdegree-frontend on branch: analytics-fixes
************* Processing for branch: analytics-fixes-2 *************
branch 'analytics-fixes-2' set up to track 'origin/analytics-fixes-2'.
File 'bitbucket-pipelines.yml' exists in repo: yourdegree-frontend on branch: analytics-fixes-2
************* Processing for branch: api-integration *************
branch 'api-integration' set up to track 'origin/api-integration'.
File 'bitbucket-pipelines.yml' exists in repo: yourdegree-frontend on branch: api-integration
************* Processing for branch: api-integration-branch *************
branch 'api-integration-branch' set up to track 'origin/api-integration-branch'.
File 'bitbucket-pipelines.yml' exists in repo: yourdegree-frontend on branch: api-integration-branch
************* Processing for branch: api-test-branch *************
branch 'api-test-branch' set up to track 'origin/api-test-branch'.
File 'bitbucket-pipelines.yml' exists in repo: yourdegree-frontend on branch: api-test-branch
************* Processing for branch: atoms-molecules *************
branch 'atoms-molecules' set up to track 'origin/atoms-molecules'.
File 'bitbucket-pipelines.yml' exists in repo: yourdegree-frontend on branch: atoms-molecules
************* Processing for branch: basic_changes *************
branch 'basic_changes' set up to track 'origin/basic_changes'.
File 'bitbucket-pipelines.yml' exists in repo: yourdegree-frontend on branch: basic_changes
************* Processing for branch: basic_changes_2 *************
branch 'basic_changes_2' set up to track 'origin/basic_changes_2'.
File 'bitbucket-pipelines.yml' exists in repo: yourdegree-frontend on branch: basic_changes_2
************* Processing for branch: benefits *************
branch 'benefits' set up to track 'origin/benefits'.
File 'bitbucket-pipelines.yml' exists in repo: yourdegree-frontend on branch: benefits
************* Processing for branch: blog *************
branch 'blog' set up to track 'origin/blog'.
File 'bitbucket-pipelines.yml' exists in repo: yourdegree-frontend on branch: blog
************* Processing for branch: certificate *************
branch 'certificate' set up to track 'origin/certificate'.
File 'bitbucket-pipelines.yml' exists in repo: yourdegree-frontend on branch: certificate
************* Processing for branch: compare-accordian-card *************
branch 'compare-accordian-card' set up to track 'origin/compare-accordian-card'.
File 'bitbucket-pipelines.yml' exists in repo: yourdegree-frontend on branch: compare-accordian-card
************* Processing for branch: create-modaol-component *************
branch 'create-modaol-component' set up to track 'origin/create-modaol-component'.
File 'bitbucket-pipelines.yml' exists in repo: yourdegree-frontend on branch: create-modaol-component
************* Processing for branch: demo *************
branch 'demo' set up to track 'origin/demo'.
File 'bitbucket-pipelines.yml' exists in repo: yourdegree-frontend on branch: demo
************* Processing for branch: demo-1 *************
branch 'demo-1' set up to track 'origin/demo-1'.
File 'bitbucket-pipelines.yml' exists in repo: yourdegree-frontend on branch: demo-1
************* Processing for branch: dev-release *************
branch 'dev-release' set up to track 'origin/dev-release'.
File 'bitbucket-pipelines.yml' exists in repo: yourdegree-frontend on branch: dev-release
************* Processing for branch: develop *************
Your branch is up to date with 'origin/develop'.
File 'bitbucket-pipelines.yml' does NOT exist in repo: yourdegree-frontend on branch: develop
************* Processing for branch: experts-and-compare *************
branch 'experts-and-compare' set up to track 'origin/experts-and-compare'.
File 'bitbucket-pipelines.yml' exists in repo: yourdegree-frontend on branch: experts-and-compare
************* Processing for branch: experts-section *************
branch 'experts-section' set up to track 'origin/experts-section'.
File 'bitbucket-pipelines.yml' exists in repo: yourdegree-frontend on branch: experts-section
************* Processing for branch: explore-options-card *************
branch 'explore-options-card' set up to track 'origin/explore-options-card'.
File 'bitbucket-pipelines.yml' exists in repo: yourdegree-frontend on branch: explore-options-card
************* Processing for branch: feature.hj/entry-exit-form *************
branch 'feature.hj/entry-exit-form' set up to track 'origin/feature.hj/entry-exit-form'.
File 'bitbucket-pipelines.yml' exists in repo: yourdegree-frontend on branch: feature.hj/entry-exit-form
************* Processing for branch: feature.rp/performance-improvement *************
branch 'feature.rp/performance-improvement' set up to track 'origin/feature.rp/performance-improvement'.
File 'bitbucket-pipelines.yml' exists in repo: yourdegree-frontend on branch: feature.rp/performance-improvement
************* Processing for branch: filter-section *************
branch 'filter-section' set up to track 'origin/filter-section'.
File 'bitbucket-pipelines.yml' exists in repo: yourdegree-frontend on branch: filter-section
************* Processing for branch: filter-tiles *************
branch 'filter-tiles' set up to track 'origin/filter-tiles'.
File 'bitbucket-pipelines.yml' exists in repo: yourdegree-frontend on branch: filter-tiles
************* Processing for branch: final-blog *************
branch 'final-blog' set up to track 'origin/final-blog'.
File 'bitbucket-pipelines.yml' exists in repo: yourdegree-frontend on branch: final-blog
************* Processing for branch: fix-lead-drop-modal *************
branch 'fix-lead-drop-modal' set up to track 'origin/fix-lead-drop-modal'.
File 'bitbucket-pipelines.yml' exists in repo: yourdegree-frontend on branch: fix-lead-drop-modal
************* Processing for branch: fix-sections *************
branch 'fix-sections' set up to track 'origin/fix-sections'.
File 'bitbucket-pipelines.yml' exists in repo: yourdegree-frontend on branch: fix-sections
************* Processing for branch: fix/sitemap *************
branch 'fix/sitemap' set up to track 'origin/fix/sitemap'.
File 'bitbucket-pipelines.yml' exists in repo: yourdegree-frontend on branch: fix/sitemap
************* Processing for branch: footer *************
branch 'footer' set up to track 'origin/footer'.
File 'bitbucket-pipelines.yml' exists in repo: yourdegree-frontend on branch: footer
************* Processing for branch: homepage-banner *************
branch 'homepage-banner' set up to track 'origin/homepage-banner'.
File 'bitbucket-pipelines.yml' exists in repo: yourdegree-frontend on branch: homepage-banner
************* Processing for branch: homepage-banner-carousel *************
branch 'homepage-banner-carousel' set up to track 'origin/homepage-banner-carousel'.
File 'bitbucket-pipelines.yml' exists in repo: yourdegree-frontend on branch: homepage-banner-carousel
************* Processing for branch: homepage-highlights *************
branch 'homepage-highlights' set up to track 'origin/homepage-highlights'.
File 'bitbucket-pipelines.yml' exists in repo: yourdegree-frontend on branch: homepage-highlights
************* Processing for branch: homepage-highlights-section *************
branch 'homepage-highlights-section' set up to track 'origin/homepage-highlights-section'.
File 'bitbucket-pipelines.yml' exists in repo: yourdegree-frontend on branch: homepage-highlights-section
************* Processing for branch: import-corrections *************
branch 'import-corrections' set up to track 'origin/import-corrections'.
File 'bitbucket-pipelines.yml' exists in repo: yourdegree-frontend on branch: import-corrections
************* Processing for branch: improve-psi *************
branch 'improve-psi' set up to track 'origin/improve-psi'.
File 'bitbucket-pipelines.yml' exists in repo: yourdegree-frontend on branch: improve-psi
************* Processing for branch: improvements *************
branch 'improvements' set up to track 'origin/improvements'.
File 'bitbucket-pipelines.yml' exists in repo: yourdegree-frontend on branch: improvements
************* Processing for branch: key-highlights *************
branch 'key-highlights' set up to track 'origin/key-highlights'.
File 'bitbucket-pipelines.yml' exists in repo: yourdegree-frontend on branch: key-highlights
************* Processing for branch: lead-drop *************
branch 'lead-drop' set up to track 'origin/lead-drop'.
File 'bitbucket-pipelines.yml' exists in repo: yourdegree-frontend on branch: lead-drop
************* Processing for branch: lead-drop-api-integration *************
branch 'lead-drop-api-integration' set up to track 'origin/lead-drop-api-integration'.
File 'bitbucket-pipelines.yml' exists in repo: yourdegree-frontend on branch: lead-drop-api-integration
************* Processing for branch: navigation-header *************
branch 'navigation-header' set up to track 'origin/navigation-header'.
File 'bitbucket-pipelines.yml' exists in repo: yourdegree-frontend on branch: navigation-header
************* Processing for branch: otp-input-field *************
branch 'otp-input-field' set up to track 'origin/otp-input-field'.
File 'bitbucket-pipelines.yml' exists in repo: yourdegree-frontend on branch: otp-input-field
************* Processing for branch: placement-stats-and-universities *************
branch 'placement-stats-and-universities' set up to track 'origin/placement-stats-and-universities'.
File 'bitbucket-pipelines.yml' exists in repo: yourdegree-frontend on branch: placement-stats-and-universities
************* Processing for branch: program-card *************
branch 'program-card' set up to track 'origin/program-card'.
File 'bitbucket-pipelines.yml' exists in repo: yourdegree-frontend on branch: program-card
************* Processing for branch: program-eligibility *************
branch 'program-eligibility' set up to track 'origin/program-eligibility'.
File 'bitbucket-pipelines.yml' exists in repo: yourdegree-frontend on branch: program-eligibility
************* Processing for branch: radio-input *************
branch 'radio-input' set up to track 'origin/radio-input'.
File 'bitbucket-pipelines.yml' exists in repo: yourdegree-frontend on branch: radio-input
************* Processing for branch: rearrange-pages *************
branch 'rearrange-pages' set up to track 'origin/rearrange-pages'.
File 'bitbucket-pipelines.yml' exists in repo: yourdegree-frontend on branch: rearrange-pages
************* Processing for branch: release.rp/psi-improvement *************
branch 'release.rp/psi-improvement' set up to track 'origin/release.rp/psi-improvement'.
File 'bitbucket-pipelines.yml' exists in repo: yourdegree-frontend on branch: release.rp/psi-improvement
************* Processing for branch: release/analytics-fixes *************
branch 'release/analytics-fixes' set up to track 'origin/release/analytics-fixes'.
File 'bitbucket-pipelines.yml' exists in repo: yourdegree-frontend on branch: release/analytics-fixes
************* Processing for branch: release/analytics-fixes-2 *************
branch 'release/analytics-fixes-2' set up to track 'origin/release/analytics-fixes-2'.
File 'bitbucket-pipelines.yml' exists in repo: yourdegree-frontend on branch: release/analytics-fixes-2
************* Processing for branch: release/analytics-fixes-kenyt *************
branch 'release/analytics-fixes-kenyt' set up to track 'origin/release/analytics-fixes-kenyt'.
File 'bitbucket-pipelines.yml' exists in repo: yourdegree-frontend on branch: release/analytics-fixes-kenyt
************* Processing for branch: release/api-integration-for-degree *************
branch 'release/api-integration-for-degree' set up to track 'origin/release/api-integration-for-degree'.
File 'bitbucket-pipelines.yml' exists in repo: yourdegree-frontend on branch: release/api-integration-for-degree
************* Processing for branch: release/aug-sept-changes *************
branch 'release/aug-sept-changes' set up to track 'origin/release/aug-sept-changes'.
File 'bitbucket-pipelines.yml' exists in repo: yourdegree-frontend on branch: release/aug-sept-changes
************* Processing for branch: release/blog-issue-fix *************
branch 'release/blog-issue-fix' set up to track 'origin/release/blog-issue-fix'.
File 'bitbucket-pipelines.yml' exists in repo: yourdegree-frontend on branch: release/blog-issue-fix
************* Processing for branch: release/bugfix-sign-up *************
branch 'release/bugfix-sign-up' set up to track 'origin/release/bugfix-sign-up'.
File 'bitbucket-pipelines.yml' exists in repo: yourdegree-frontend on branch: release/bugfix-sign-up
************* Processing for branch: release/chatbot *************
branch 'release/chatbot' set up to track 'origin/release/chatbot'.
File 'bitbucket-pipelines.yml' exists in repo: yourdegree-frontend on branch: release/chatbot
************* Processing for branch: release/dec *************
branch 'release/dec' set up to track 'origin/release/dec'.
File 'bitbucket-pipelines.yml' exists in repo: yourdegree-frontend on branch: release/dec
************* Processing for branch: release/dec-changes *************
branch 'release/dec-changes' set up to track 'origin/release/dec-changes'.
File 'bitbucket-pipelines.yml' exists in repo: yourdegree-frontend on branch: release/dec-changes
************* Processing for branch: release/disclaimer *************
branch 'release/disclaimer' set up to track 'origin/release/disclaimer'.
File 'bitbucket-pipelines.yml' exists in repo: yourdegree-frontend on branch: release/disclaimer
************* Processing for branch: release/dynamic-sitemap *************
branch 'release/dynamic-sitemap' set up to track 'origin/release/dynamic-sitemap'.
File 'bitbucket-pipelines.yml' exists in repo: yourdegree-frontend on branch: release/dynamic-sitemap
************* Processing for branch: release/fix-canonical *************
branch 'release/fix-canonical' set up to track 'origin/release/fix-canonical'.
File 'bitbucket-pipelines.yml' exists in repo: yourdegree-frontend on branch: release/fix-canonical
************* Processing for branch: release/kiit-blog-redirection *************
branch 'release/kiit-blog-redirection' set up to track 'origin/release/kiit-blog-redirection'.
File 'bitbucket-pipelines.yml' exists in repo: yourdegree-frontend on branch: release/kiit-blog-redirection
************* Processing for branch: release/new-infra-setup *************
branch 'release/new-infra-setup' set up to track 'origin/release/new-infra-setup'.
File 'bitbucket-pipelines.yml' exists in repo: yourdegree-frontend on branch: release/new-infra-setup
************* Processing for branch: release/new-pages *************
branch 'release/new-pages' set up to track 'origin/release/new-pages'.
File 'bitbucket-pipelines.yml' exists in repo: yourdegree-frontend on branch: release/new-pages
************* Processing for branch: release/optimization *************
branch 'release/optimization' set up to track 'origin/release/optimization'.
File 'bitbucket-pipelines.yml' exists in repo: yourdegree-frontend on branch: release/optimization
************* Processing for branch: release/privacy-policy-hotfix *************
branch 'release/privacy-policy-hotfix' set up to track 'origin/release/privacy-policy-hotfix'.
File 'bitbucket-pipelines.yml' exists in repo: yourdegree-frontend on branch: release/privacy-policy-hotfix
************* Processing for branch: release/production *************
branch 'release/production' set up to track 'origin/release/production'.
File 'bitbucket-pipelines.yml' exists in repo: yourdegree-frontend on branch: release/production
************* Processing for branch: release/rudder-stack *************
branch 'release/rudder-stack' set up to track 'origin/release/rudder-stack'.
File 'bitbucket-pipelines.yml' exists in repo: yourdegree-frontend on branch: release/rudder-stack
************* Processing for branch: release/seo-schemas *************
branch 'release/seo-schemas' set up to track 'origin/release/seo-schemas'.
File 'bitbucket-pipelines.yml' exists in repo: yourdegree-frontend on branch: release/seo-schemas
************* Processing for branch: release/sign-up-bug *************
branch 'release/sign-up-bug' set up to track 'origin/release/sign-up-bug'.
File 'bitbucket-pipelines.yml' exists in repo: yourdegree-frontend on branch: release/sign-up-bug
************* Processing for branch: release/sitemap-updated-22feb *************
branch 'release/sitemap-updated-22feb' set up to track 'origin/release/sitemap-updated-22feb'.
File 'bitbucket-pipelines.yml' exists in repo: yourdegree-frontend on branch: release/sitemap-updated-22feb
************* Processing for branch: release/ssrOptimizations *************
branch 'release/ssrOptimizations' set up to track 'origin/release/ssrOptimizations'.
File 'bitbucket-pipelines.yml' exists in repo: yourdegree-frontend on branch: release/ssrOptimizations
************* Processing for branch: release/staging *************
branch 'release/staging' set up to track 'origin/release/staging'.
File 'bitbucket-pipelines.yml' exists in repo: yourdegree-frontend on branch: release/staging
************* Processing for branch: release/staging-branch *************
branch 'release/staging-branch' set up to track 'origin/release/staging-branch'.
File 'bitbucket-pipelines.yml' exists in repo: yourdegree-frontend on branch: release/staging-branch
************* Processing for branch: release/tracking-events *************
branch 'release/tracking-events' set up to track 'origin/release/tracking-events'.
File 'bitbucket-pipelines.yml' exists in repo: yourdegree-frontend on branch: release/tracking-events
************* Processing for branch: release/update-bottom-navigation *************
branch 'release/update-bottom-navigation' set up to track 'origin/release/update-bottom-navigation'.
File 'bitbucket-pipelines.yml' exists in repo: yourdegree-frontend on branch: release/update-bottom-navigation
************* Processing for branch: release/updated-seo-schemas *************
branch 'release/updated-seo-schemas' set up to track 'origin/release/updated-seo-schemas'.
File 'bitbucket-pipelines.yml' exists in repo: yourdegree-frontend on branch: release/updated-seo-schemas
************* Processing for branch: release/updated-sitemap *************
branch 'release/updated-sitemap' set up to track 'origin/release/updated-sitemap'.
File 'bitbucket-pipelines.yml' exists in repo: yourdegree-frontend on branch: release/updated-sitemap
************* Processing for branch: release/upgrad-disha *************
branch 'release/upgrad-disha' set up to track 'origin/release/upgrad-disha'.
File 'bitbucket-pipelines.yml' exists in repo: yourdegree-frontend on branch: release/upgrad-disha
************* Processing for branch: segment-integration *************
branch 'segment-integration' set up to track 'origin/segment-integration'.
File 'bitbucket-pipelines.yml' exists in repo: yourdegree-frontend on branch: segment-integration
************* Processing for branch: seo-scripts *************
branch 'seo-scripts' set up to track 'origin/seo-scripts'.
File 'bitbucket-pipelines.yml' exists in repo: yourdegree-frontend on branch: seo-scripts
************* Processing for branch: staging *************
branch 'staging' set up to track 'origin/staging'.
File 'bitbucket-pipelines.yml' exists in repo: yourdegree-frontend on branch: staging
************* Processing for branch: syllabus *************
branch 'syllabus' set up to track 'origin/syllabus'.
File 'bitbucket-pipelines.yml' exists in repo: yourdegree-frontend on branch: syllabus
************* Processing for branch: top-notch-program *************
branch 'top-notch-program' set up to track 'origin/top-notch-program'.
File 'bitbucket-pipelines.yml' exists in repo: yourdegree-frontend on branch: top-notch-program
************* Processing for branch: top-notch-program-card *************
branch 'top-notch-program-card' set up to track 'origin/top-notch-program-card'.
File 'bitbucket-pipelines.yml' exists in repo: yourdegree-frontend on branch: top-notch-program-card
************* Processing for branch: top-notch-section *************
branch 'top-notch-section' set up to track 'origin/top-notch-section'.
File 'bitbucket-pipelines.yml' exists in repo: yourdegree-frontend on branch: top-notch-section
************* Processing for branch: update-bottom-navigation *************
branch 'update-bottom-navigation' set up to track 'origin/update-bottom-navigation'.
File 'bitbucket-pipelines.yml' exists in repo: yourdegree-frontend on branch: update-bottom-navigation
************* Processing for branch: user-choice-widget *************
branch 'user-choice-widget' set up to track 'origin/user-choice-widget'.
File 'bitbucket-pipelines.yml' exists in repo: yourdegree-frontend on branch: user-choice-widget
************* Processing for branch: user-choice-widget-section *************
branch 'user-choice-widget-section' set up to track 'origin/user-choice-widget-section'.
File 'bitbucket-pipelines.yml' exists in repo: yourdegree-frontend on branch: user-choice-widget-section
************* Processing for branch: video-player *************
branch 'video-player' set up to track 'origin/video-player'.
File 'bitbucket-pipelines.yml' exists in repo: yourdegree-frontend on branch: video-player
Cleanup completed... for yourdegree-frontend
******************************-----------******************************
working on repo yourdegree-backend ........ 
************* Processing for branch: cms-apis-bug-fixes *************
branch 'cms-apis-bug-fixes' set up to track 'origin/cms-apis-bug-fixes'.
File 'bitbucket-pipelines.yml' exists in repo: yourdegree-backend on branch: cms-apis-bug-fixes
************* Processing for branch: develop *************
branch 'develop' set up to track 'origin/develop'.
File 'bitbucket-pipelines.yml' does NOT exist in repo: yourdegree-backend on branch: develop
************* Processing for branch: feature.aa/degree-pages *************
branch 'feature.aa/degree-pages' set up to track 'origin/feature.aa/degree-pages'.
File 'bitbucket-pipelines.yml' exists in repo: yourdegree-backend on branch: feature.aa/degree-pages
************* Processing for branch: feature.aa/entities *************
branch 'feature.aa/entities' set up to track 'origin/feature.aa/entities'.
File 'bitbucket-pipelines.yml' exists in repo: yourdegree-backend on branch: feature.aa/entities
************* Processing for branch: feature.pm/add-university-mapping *************
branch 'feature.pm/add-university-mapping' set up to track 'origin/feature.pm/add-university-mapping'.
File 'bitbucket-pipelines.yml' exists in repo: yourdegree-backend on branch: feature.pm/add-university-mapping
************* Processing for branch: feature.rl/degree-page *************
branch 'feature.rl/degree-page' set up to track 'origin/feature.rl/degree-page'.
File 'bitbucket-pipelines.yml' exists in repo: yourdegree-backend on branch: feature.rl/degree-page
************* Processing for branch: feature.sk/fixes *************
branch 'feature.sk/fixes' set up to track 'origin/feature.sk/fixes'.
File 'bitbucket-pipelines.yml' exists in repo: yourdegree-backend on branch: feature.sk/fixes
************* Processing for branch: feature/cms-apis *************
branch 'feature/cms-apis' set up to track 'origin/feature/cms-apis'.
File 'bitbucket-pipelines.yml' exists in repo: yourdegree-backend on branch: feature/cms-apis
************* Processing for branch: feature/deg-93 *************
branch 'feature/deg-93' set up to track 'origin/feature/deg-93'.
File 'bitbucket-pipelines.yml' exists in repo: yourdegree-backend on branch: feature/deg-93
************* Processing for branch: feature/gradle-modules *************
branch 'feature/gradle-modules' set up to track 'origin/feature/gradle-modules'.
File 'bitbucket-pipelines.yml' exists in repo: yourdegree-backend on branch: feature/gradle-modules
************* Processing for branch: feature/lead-drop *************
branch 'feature/lead-drop' set up to track 'origin/feature/lead-drop'.
File 'bitbucket-pipelines.yml' exists in repo: yourdegree-backend on branch: feature/lead-drop
************* Processing for branch: feature/redis-cache-fixes *************
branch 'feature/redis-cache-fixes' set up to track 'origin/feature/redis-cache-fixes'.
File 'bitbucket-pipelines.yml' exists in repo: yourdegree-backend on branch: feature/redis-cache-fixes
************* Processing for branch: feature/refactor *************
branch 'feature/refactor' set up to track 'origin/feature/refactor'.
File 'bitbucket-pipelines.yml' exists in repo: yourdegree-backend on branch: feature/refactor
************* Processing for branch: gupshup-refactor *************
branch 'gupshup-refactor' set up to track 'origin/gupshup-refactor'.
File 'bitbucket-pipelines.yml' exists in repo: yourdegree-backend on branch: gupshup-refactor
************* Processing for branch: initial-project-setup *************
branch 'initial-project-setup' set up to track 'origin/initial-project-setup'.
File 'bitbucket-pipelines.yml' exists in repo: yourdegree-backend on branch: initial-project-setup
************* Processing for branch: lead-drop/createrepositories *************
branch 'lead-drop/createrepositories' set up to track 'origin/lead-drop/createrepositories'.
File 'bitbucket-pipelines.yml' exists in repo: yourdegree-backend on branch: lead-drop/createrepositories
************* Processing for branch: lead-drop/erpResponeDto *************
branch 'lead-drop/erpResponeDto' set up to track 'origin/lead-drop/erpResponeDto'.
File 'bitbucket-pipelines.yml' exists in repo: yourdegree-backend on branch: lead-drop/erpResponeDto
************* Processing for branch: lead-drop/otp-verification *************
branch 'lead-drop/otp-verification' set up to track 'origin/lead-drop/otp-verification'.
File 'bitbucket-pipelines.yml' exists in repo: yourdegree-backend on branch: lead-drop/otp-verification
************* Processing for branch: lead-drop/otp-verify *************
branch 'lead-drop/otp-verify' set up to track 'origin/lead-drop/otp-verify'.
File 'bitbucket-pipelines.yml' exists in repo: yourdegree-backend on branch: lead-drop/otp-verify
************* Processing for branch: lead-drop/otp-verify-bug-fix *************
branch 'lead-drop/otp-verify-bug-fix' set up to track 'origin/lead-drop/otp-verify-bug-fix'.
File 'bitbucket-pipelines.yml' exists in repo: yourdegree-backend on branch: lead-drop/otp-verify-bug-fix
************* Processing for branch: lead-drop/repositories *************
branch 'lead-drop/repositories' set up to track 'origin/lead-drop/repositories'.
File 'bitbucket-pipelines.yml' exists in repo: yourdegree-backend on branch: lead-drop/repositories
************* Processing for branch: modules *************
branch 'modules' set up to track 'origin/modules'.
File 'bitbucket-pipelines.yml' exists in repo: yourdegree-backend on branch: modules
************* Processing for branch: release.aa/bugs *************
branch 'release.aa/bugs' set up to track 'origin/release.aa/bugs'.
File 'bitbucket-pipelines.yml' exists in repo: yourdegree-backend on branch: release.aa/bugs
************* Processing for branch: release.aa/degree-pages *************
branch 'release.aa/degree-pages' set up to track 'origin/release.aa/degree-pages'.
File 'bitbucket-pipelines.yml' exists in repo: yourdegree-backend on branch: release.aa/degree-pages
************* Processing for branch: release.aa/fixes-routes *************
branch 'release.aa/fixes-routes' set up to track 'origin/release.aa/fixes-routes'.
File 'bitbucket-pipelines.yml' exists in repo: yourdegree-backend on branch: release.aa/fixes-routes
************* Processing for branch: release.aa/other-section-feature *************
branch 'release.aa/other-section-feature' set up to track 'origin/release.aa/other-section-feature'.
File 'bitbucket-pipelines.yml' exists in repo: yourdegree-backend on branch: release.aa/other-section-feature
************* Processing for branch: release.aa/redis-cache-fixes *************
branch 'release.aa/redis-cache-fixes' set up to track 'origin/release.aa/redis-cache-fixes'.
File 'bitbucket-pipelines.yml' exists in repo: yourdegree-backend on branch: release.aa/redis-cache-fixes
************* Processing for branch: release.aa/s3-url-fix *************
branch 'release.aa/s3-url-fix' set up to track 'origin/release.aa/s3-url-fix'.
File 'bitbucket-pipelines.yml' exists in repo: yourdegree-backend on branch: release.aa/s3-url-fix
************* Processing for branch: release.branch *************
branch 'release.branch' set up to track 'origin/release.branch'.
File 'bitbucket-pipelines.yml' exists in repo: yourdegree-backend on branch: release.branch
************* Processing for branch: release.develop *************
branch 'release.develop' set up to track 'origin/release.develop'.
File 'bitbucket-pipelines.yml' exists in repo: yourdegree-backend on branch: release.develop
************* Processing for branch: release.lead-drop/otp-verification *************
branch 'release.lead-drop/otp-verification' set up to track 'origin/release.lead-drop/otp-verification'.
File 'bitbucket-pipelines.yml' exists in repo: yourdegree-backend on branch: release.lead-drop/otp-verification
************* Processing for branch: release.rp/centurion-changes *************
branch 'release.rp/centurion-changes' set up to track 'origin/release.rp/centurion-changes'.
File 'bitbucket-pipelines.yml' exists in repo: yourdegree-backend on branch: release.rp/centurion-changes
************* Processing for branch: release/cms-apis *************
branch 'release/cms-apis' set up to track 'origin/release/cms-apis'.
File 'bitbucket-pipelines.yml' exists in repo: yourdegree-backend on branch: release/cms-apis
************* Processing for branch: release/devops *************
branch 'release/devops' set up to track 'origin/release/devops'.
File 'bitbucket-pipelines.yml' exists in repo: yourdegree-backend on branch: release/devops
************* Processing for branch: release/footer-links-changes *************
branch 'release/footer-links-changes' set up to track 'origin/release/footer-links-changes'.
File 'bitbucket-pipelines.yml' exists in repo: yourdegree-backend on branch: release/footer-links-changes
************* Processing for branch: release/footer-links-updated *************
branch 'release/footer-links-updated' set up to track 'origin/release/footer-links-updated'.
File 'bitbucket-pipelines.yml' exists in repo: yourdegree-backend on branch: release/footer-links-updated
************* Processing for branch: release/lead-drop *************
branch 'release/lead-drop' set up to track 'origin/release/lead-drop'.
File 'bitbucket-pipelines.yml' exists in repo: yourdegree-backend on branch: release/lead-drop
************* Processing for branch: release/lead-otp-fix *************
branch 'release/lead-otp-fix' set up to track 'origin/release/lead-otp-fix'.
File 'bitbucket-pipelines.yml' exists in repo: yourdegree-backend on branch: release/lead-otp-fix
************* Processing for branch: release/production *************
branch 'release/production' set up to track 'origin/release/production'.
File 'bitbucket-pipelines.yml' exists in repo: yourdegree-backend on branch: release/production
************* Processing for branch: release/release_develop_devops *************
branch 'release/release_develop_devops' set up to track 'origin/release/release_develop_devops'.
File 'bitbucket-pipelines.yml' exists in repo: yourdegree-backend on branch: release/release_develop_devops
************* Processing for branch: release/routes-api *************
branch 'release/routes-api' set up to track 'origin/release/routes-api'.
File 'bitbucket-pipelines.yml' exists in repo: yourdegree-backend on branch: release/routes-api
************* Processing for branch: release/yourdegree-changes *************
branch 'release/yourdegree-changes' set up to track 'origin/release/yourdegree-changes'.
File 'bitbucket-pipelines.yml' exists in repo: yourdegree-backend on branch: release/yourdegree-changes
************* Processing for branch: sanjiv/otp-verification *************
branch 'sanjiv/otp-verification' set up to track 'origin/sanjiv/otp-verification'.
File 'bitbucket-pipelines.yml' exists in repo: yourdegree-backend on branch: sanjiv/otp-verification
************* Processing for branch: test *************
branch 'test' set up to track 'origin/test'.
File 'bitbucket-pipelines.yml' exists in repo: yourdegree-backend on branch: test
Cleanup completed... for yourdegree-backend
******************************-----------******************************
working on repo yourdegree-cms ........ 
************* Processing for branch: Deployment_Dev *************
Your branch is up to date with 'origin/Deployment_Dev'.
File 'bitbucket-pipelines.yml' exists in repo: yourdegree-cms on branch: Deployment_Dev
************* Processing for branch: Deployment_Production *************
branch 'Deployment_Production' set up to track 'origin/Deployment_Production'.
File 'bitbucket-pipelines.yml' exists in repo: yourdegree-cms on branch: Deployment_Production
************* Processing for branch: Deployment_Staging *************
branch 'Deployment_Staging' set up to track 'origin/Deployment_Staging'.
File 'bitbucket-pipelines.yml' exists in repo: yourdegree-cms on branch: Deployment_Staging
************* Processing for branch: basic_changes *************
branch 'basic_changes' set up to track 'origin/basic_changes'.
File 'bitbucket-pipelines.yml' exists in repo: yourdegree-cms on branch: basic_changes
************* Processing for branch: edit-partner-issue-fix *************
branch 'edit-partner-issue-fix' set up to track 'origin/edit-partner-issue-fix'.
File 'bitbucket-pipelines.yml' exists in repo: yourdegree-cms on branch: edit-partner-issue-fix
************* Processing for branch: release/production *************
branch 'release/production' set up to track 'origin/release/production'.
File 'bitbucket-pipelines.yml' exists in repo: yourdegree-cms on branch: release/production
************* Processing for branch: release/staging *************
branch 'release/staging' set up to track 'origin/release/staging'.
File 'bitbucket-pipelines.yml' exists in repo: yourdegree-cms on branch: release/staging
************* Processing for branch: testing_changes *************
branch 'testing_changes' set up to track 'origin/testing_changes'.
File 'bitbucket-pipelines.yml' exists in repo: yourdegree-cms on branch: testing_changes
Cleanup completed... for yourdegree-cms
******************************-----------******************************
working on repo university_kiit ........ 
************* Processing for branch: Branch-Release-v1.0 *************
M	app/Vendor/Facebook/Facebook.php
M	app/webroot/img/Loader.gif
branch 'Branch-Release-v1.0' set up to track 'origin/Branch-Release-v1.0'.
File 'bitbucket-pipelines.yml' exists in repo: university_kiit on branch: Branch-Release-v1.0
************* Processing for branch: dev *************
M	app/Vendor/Facebook/Facebook.php
M	app/webroot/img/Loader.gif
branch 'dev' set up to track 'origin/dev'.
File 'bitbucket-pipelines.yml' exists in repo: university_kiit on branch: dev
************* Processing for branch: dev_1 *************
M	app/Vendor/Facebook/Facebook.php
M	app/webroot/img/Loader.gif
branch 'dev_1' set up to track 'origin/dev_1'.
File 'bitbucket-pipelines.yml' exists in repo: university_kiit on branch: dev_1
************* Processing for branch: dev_kapil *************
M	app/Vendor/Facebook/Facebook.php
M	app/webroot/img/Loader.gif
branch 'dev_kapil' set up to track 'origin/dev_kapil'.
File 'bitbucket-pipelines.yml' exists in repo: university_kiit on branch: dev_kapil
************* Processing for branch: feature/harsh-kiit *************
M	app/Vendor/Facebook/Facebook.php
M	app/webroot/img/Loader.gif
branch 'feature/harsh-kiit' set up to track 'origin/feature/harsh-kiit'.
File 'bitbucket-pipelines.yml' exists in repo: university_kiit on branch: feature/harsh-kiit
Cleanup completed... for university_kiit
******************************-----------******************************
working on repo data-pipeline ........ 
************* Processing for branch: staging *************
branch 'staging' set up to track 'origin/staging'.
File 'bitbucket-pipelines.yml' exists in repo: data-pipeline on branch: staging
Cleanup completed... for data-pipeline
******************************-----------******************************
working on repo pedagogy-learner-progress ........ 
************* Processing for branch: develop *************
branch 'develop' set up to track 'origin/develop'.
File 'bitbucket-pipelines.yml' does NOT exist in repo: pedagogy-learner-progress on branch: develop
************* Processing for branch: devops *************
branch 'devops' set up to track 'origin/devops'.
File 'bitbucket-pipelines.yml' exists in repo: pedagogy-learner-progress on branch: devops
************* Processing for branch: devops-test *************
branch 'devops-test' set up to track 'origin/devops-test'.
File 'bitbucket-pipelines.yml' exists in repo: pedagogy-learner-progress on branch: devops-test
************* Processing for branch: feature.aa/kafka *************
branch 'feature.aa/kafka' set up to track 'origin/feature.aa/kafka'.
File 'bitbucket-pipelines.yml' exists in repo: pedagogy-learner-progress on branch: feature.aa/kafka
************* Processing for branch: feature.aa/kafka-for-progress *************
branch 'feature.aa/kafka-for-progress' set up to track 'origin/feature.aa/kafka-for-progress'.
File 'bitbucket-pipelines.yml' exists in repo: pedagogy-learner-progress on branch: feature.aa/kafka-for-progress
************* Processing for branch: feature.ar/kafka-progress-update *************
branch 'feature.ar/kafka-progress-update' set up to track 'origin/feature.ar/kafka-progress-update'.
File 'bitbucket-pipelines.yml' exists in repo: pedagogy-learner-progress on branch: feature.ar/kafka-progress-update
************* Processing for branch: feature.ar/kafka-update *************
branch 'feature.ar/kafka-update' set up to track 'origin/feature.ar/kafka-update'.
File 'bitbucket-pipelines.yml' exists in repo: pedagogy-learner-progress on branch: feature.ar/kafka-update
************* Processing for branch: feature.ar/merge-prod-kafka *************
branch 'feature.ar/merge-prod-kafka' set up to track 'origin/feature.ar/merge-prod-kafka'.
File 'bitbucket-pipelines.yml' exists in repo: pedagogy-learner-progress on branch: feature.ar/merge-prod-kafka
************* Processing for branch: feature.ar/sem-progress *************
branch 'feature.ar/sem-progress' set up to track 'origin/feature.ar/sem-progress'.
File 'bitbucket-pipelines.yml' exists in repo: pedagogy-learner-progress on branch: feature.ar/sem-progress
************* Processing for branch: feature.ar/sem-progress-report *************
branch 'feature.ar/sem-progress-report' set up to track 'origin/feature.ar/sem-progress-report'.
File 'bitbucket-pipelines.yml' exists in repo: pedagogy-learner-progress on branch: feature.ar/sem-progress-report
************* Processing for branch: feature.ar/semester-progress *************
branch 'feature.ar/semester-progress' set up to track 'origin/feature.ar/semester-progress'.
File 'bitbucket-pipelines.yml' exists in repo: pedagogy-learner-progress on branch: feature.ar/semester-progress
************* Processing for branch: feature.bg/initial-setup *************
branch 'feature.bg/initial-setup' set up to track 'origin/feature.bg/initial-setup'.
File 'bitbucket-pipelines.yml' exists in repo: pedagogy-learner-progress on branch: feature.bg/initial-setup
************* Processing for branch: feature.bg/mongo-setup *************
branch 'feature.bg/mongo-setup' set up to track 'origin/feature.bg/mongo-setup'.
File 'bitbucket-pipelines.yml' exists in repo: pedagogy-learner-progress on branch: feature.bg/mongo-setup
************* Processing for branch: feature.sg/add-pedagogy-base-url *************
branch 'feature.sg/add-pedagogy-base-url' set up to track 'origin/feature.sg/add-pedagogy-base-url'.
File 'bitbucket-pipelines.yml' exists in repo: pedagogy-learner-progress on branch: feature.sg/add-pedagogy-base-url
************* Processing for branch: feature.sg/comment-cron-job *************
branch 'feature.sg/comment-cron-job' set up to track 'origin/feature.sg/comment-cron-job'.
File 'bitbucket-pipelines.yml' exists in repo: pedagogy-learner-progress on branch: feature.sg/comment-cron-job
************* Processing for branch: feature.sg/fixed-semester-progress-api *************
branch 'feature.sg/fixed-semester-progress-api' set up to track 'origin/feature.sg/fixed-semester-progress-api'.
File 'bitbucket-pipelines.yml' exists in repo: pedagogy-learner-progress on branch: feature.sg/fixed-semester-progress-api
************* Processing for branch: feature.sg/merge-prod *************
branch 'feature.sg/merge-prod' set up to track 'origin/feature.sg/merge-prod'.
File 'bitbucket-pipelines.yml' exists in repo: pedagogy-learner-progress on branch: feature.sg/merge-prod
************* Processing for branch: feature.sg/mobile-lms *************
branch 'feature.sg/mobile-lms' set up to track 'origin/feature.sg/mobile-lms'.
File 'bitbucket-pipelines.yml' exists in repo: pedagogy-learner-progress on branch: feature.sg/mobile-lms
************* Processing for branch: feature.sg/mobile-lms-temp *************
branch 'feature.sg/mobile-lms-temp' set up to track 'origin/feature.sg/mobile-lms-temp'.
File 'bitbucket-pipelines.yml' exists in repo: pedagogy-learner-progress on branch: feature.sg/mobile-lms-temp
************* Processing for branch: feature.sg/optimize-cron-job *************
branch 'feature.sg/optimize-cron-job' set up to track 'origin/feature.sg/optimize-cron-job'.
File 'bitbucket-pipelines.yml' exists in repo: pedagogy-learner-progress on branch: feature.sg/optimize-cron-job
************* Processing for branch: feature.sg/other-average-changes *************
branch 'feature.sg/other-average-changes' set up to track 'origin/feature.sg/other-average-changes'.
File 'bitbucket-pipelines.yml' exists in repo: pedagogy-learner-progress on branch: feature.sg/other-average-changes
************* Processing for branch: feature.sg/other-progess-api-changes *************
branch 'feature.sg/other-progess-api-changes' set up to track 'origin/feature.sg/other-progess-api-changes'.
File 'bitbucket-pipelines.yml' exists in repo: pedagogy-learner-progress on branch: feature.sg/other-progess-api-changes
************* Processing for branch: feature.sg/uncomment-job *************
branch 'feature.sg/uncomment-job' set up to track 'origin/feature.sg/uncomment-job'.
File 'bitbucket-pipelines.yml' exists in repo: pedagogy-learner-progress on branch: feature.sg/uncomment-job
************* Processing for branch: feature.sg/uncomment-job-2 *************
branch 'feature.sg/uncomment-job-2' set up to track 'origin/feature.sg/uncomment-job-2'.
File 'bitbucket-pipelines.yml' exists in repo: pedagogy-learner-progress on branch: feature.sg/uncomment-job-2
************* Processing for branch: feature.ss/api-getSubjProgressForSem-implementation *************
branch 'feature.ss/api-getSubjProgressForSem-implementation' set up to track 'origin/feature.ss/api-getSubjProgressForSem-implementation'.
File 'bitbucket-pipelines.yml' exists in repo: pedagogy-learner-progress on branch: feature.ss/api-getSubjProgressForSem-implementation
************* Processing for branch: feature.ss/bulk-update-api *************
branch 'feature.ss/bulk-update-api' set up to track 'origin/feature.ss/bulk-update-api'.
File 'bitbucket-pipelines.yml' exists in repo: pedagogy-learner-progress on branch: feature.ss/bulk-update-api
************* Processing for branch: feature.ss/continue-learning *************
branch 'feature.ss/continue-learning' set up to track 'origin/feature.ss/continue-learning'.
File 'bitbucket-pipelines.yml' exists in repo: pedagogy-learner-progress on branch: feature.ss/continue-learning
************* Processing for branch: feature.ss/log-impl *************
branch 'feature.ss/log-impl' set up to track 'origin/feature.ss/log-impl'.
File 'bitbucket-pipelines.yml' exists in repo: pedagogy-learner-progress on branch: feature.ss/log-impl
************* Processing for branch: feature.ss/program-progress *************
branch 'feature.ss/program-progress' set up to track 'origin/feature.ss/program-progress'.
File 'bitbucket-pipelines.yml' exists in repo: pedagogy-learner-progress on branch: feature.ss/program-progress
************* Processing for branch: feature.ss/users-progress *************
branch 'feature.ss/users-progress' set up to track 'origin/feature.ss/users-progress'.
File 'bitbucket-pipelines.yml' exists in repo: pedagogy-learner-progress on branch: feature.ss/users-progress
************* Processing for branch: first_branch *************
branch 'first_branch' set up to track 'origin/first_branch'.
File 'bitbucket-pipelines.yml' exists in repo: pedagogy-learner-progress on branch: first_branch
************* Processing for branch: fixes.aa *************
branch 'fixes.aa' set up to track 'origin/fixes.aa'.
File 'bitbucket-pipelines.yml' exists in repo: pedagogy-learner-progress on branch: fixes.aa
************* Processing for branch: fixes/progress *************
branch 'fixes/progress' set up to track 'origin/fixes/progress'.
File 'bitbucket-pipelines.yml' exists in repo: pedagogy-learner-progress on branch: fixes/progress
************* Processing for branch: mobile-app *************
branch 'mobile-app' set up to track 'origin/mobile-app'.
File 'bitbucket-pipelines.yml' exists in repo: pedagogy-learner-progress on branch: mobile-app
************* Processing for branch: release/devops *************
branch 'release/devops' set up to track 'origin/release/devops'.
File 'bitbucket-pipelines.yml' exists in repo: pedagogy-learner-progress on branch: release/devops
************* Processing for branch: release/devops-deployment *************
branch 'release/devops-deployment' set up to track 'origin/release/devops-deployment'.
File 'bitbucket-pipelines.yml' exists in repo: pedagogy-learner-progress on branch: release/devops-deployment
************* Processing for branch: sonarqube-test *************
branch 'sonarqube-test' set up to track 'origin/sonarqube-test'.
File 'bitbucket-pipelines.yml' exists in repo: pedagogy-learner-progress on branch: sonarqube-test
Cleanup completed... for pedagogy-learner-progress
******************************-----------******************************
working on repo ULS ........ 
************* Processing for branch: ak *************
M	app/Vendor/Facebook/Facebook.php
M	app/webroot/img/Loader.gif
branch 'ak' set up to track 'origin/ak'.
File 'bitbucket-pipelines.yml' exists in repo: ULS on branch: ak
************* Processing for branch: alg_dev *************
M	app/Vendor/Facebook/Facebook.php
M	app/webroot/img/Loader.gif
branch 'alg_dev' set up to track 'origin/alg_dev'.
File 'bitbucket-pipelines.yml' exists in repo: ULS on branch: alg_dev
************* Processing for branch: alg_dev_24_mar_2022 *************
M	app/Vendor/Facebook/Facebook.php
M	app/webroot/img/Loader.gif
branch 'alg_dev_24_mar_2022' set up to track 'origin/alg_dev_24_mar_2022'.
File 'bitbucket-pipelines.yml' exists in repo: ULS on branch: alg_dev_24_mar_2022
************* Processing for branch: alg_dev_ash *************
M	app/Vendor/Facebook/Facebook.php
M	app/webroot/img/Loader.gif
branch 'alg_dev_ash' set up to track 'origin/alg_dev_ash'.
File 'bitbucket-pipelines.yml' exists in repo: ULS on branch: alg_dev_ash
************* Processing for branch: alg_dev_design *************
M	app/Vendor/Facebook/Facebook.php
M	app/webroot/img/Loader.gif
branch 'alg_dev_design' set up to track 'origin/alg_dev_design'.
File 'bitbucket-pipelines.yml' exists in repo: ULS on branch: alg_dev_design
************* Processing for branch: alg_dev_design_merging_temp *************
M	app/Vendor/Facebook/Facebook.php
M	app/webroot/img/Loader.gif
branch 'alg_dev_design_merging_temp' set up to track 'origin/alg_dev_design_merging_temp'.
File 'bitbucket-pipelines.yml' exists in repo: ULS on branch: alg_dev_design_merging_temp
************* Processing for branch: alg_dev_merging_temp *************
branch 'alg_dev_merging_temp' set up to track 'origin/alg_dev_merging_temp'.
File 'bitbucket-pipelines.yml' exists in repo: ULS on branch: alg_dev_merging_temp
************* Processing for branch: alg_dev_shaira *************
M	app/Vendor/Facebook/Facebook.php
M	app/webroot/img/Loader.gif
branch 'alg_dev_shaira' set up to track 'origin/alg_dev_shaira'.
File 'bitbucket-pipelines.yml' exists in repo: ULS on branch: alg_dev_shaira
************* Processing for branch: alg_live_merging *************
M	app/Vendor/Facebook/Facebook.php
M	app/webroot/img/Loader.gif
branch 'alg_live_merging' set up to track 'origin/alg_live_merging'.
File 'bitbucket-pipelines.yml' exists in repo: ULS on branch: alg_live_merging
************* Processing for branch: alg_master *************
M	app/Vendor/Facebook/Facebook.php
M	app/webroot/img/Loader.gif
branch 'alg_master' set up to track 'origin/alg_master'.
File 'bitbucket-pipelines.yml' exists in repo: ULS on branch: alg_master
************* Processing for branch: alg_master_developer *************
M	app/Vendor/Facebook/Facebook.php
M	app/webroot/img/Loader.gif
branch 'alg_master_developer' set up to track 'origin/alg_master_developer'.
File 'bitbucket-pipelines.yml' exists in repo: ULS on branch: alg_master_developer
************* Processing for branch: alliance_dev *************
M	app/Vendor/Facebook/Facebook.php
M	app/webroot/img/Loader.gif
branch 'alliance_dev' set up to track 'origin/alliance_dev'.
File 'bitbucket-pipelines.yml' exists in repo: ULS on branch: alliance_dev
************* Processing for branch: alliance_master *************
M	app/Vendor/Facebook/Facebook.php
M	app/webroot/img/Loader.gif
branch 'alliance_master' set up to track 'origin/alliance_master'.
File 'bitbucket-pipelines.yml' exists in repo: ULS on branch: alliance_master
************* Processing for branch: andhra-referral-popup-harsh *************
M	app/Vendor/Facebook/Facebook.php
M	app/webroot/img/Loader.gif
branch 'andhra-referral-popup-harsh' set up to track 'origin/andhra-referral-popup-harsh'.
File 'bitbucket-pipelines.yml' exists in repo: ULS on branch: andhra-referral-popup-harsh
************* Processing for branch: andhra_dev *************
M	app/Vendor/Facebook/Facebook.php
M	app/webroot/img/Loader.gif
branch 'andhra_dev' set up to track 'origin/andhra_dev'.
File 'bitbucket-pipelines.yml' exists in repo: ULS on branch: andhra_dev
************* Processing for branch: andhra_dev1 *************
M	app/Vendor/Facebook/Facebook.php
M	app/webroot/img/Loader.gif
branch 'andhra_dev1' set up to track 'origin/andhra_dev1'.
File 'bitbucket-pipelines.yml' exists in repo: ULS on branch: andhra_dev1
************* Processing for branch: andhra_dev1_cancel_btn *************
M	app/Vendor/Facebook/Facebook.php
M	app/webroot/img/Loader.gif
branch 'andhra_dev1_cancel_btn' set up to track 'origin/andhra_dev1_cancel_btn'.
File 'bitbucket-pipelines.yml' exists in repo: ULS on branch: andhra_dev1_cancel_btn
************* Processing for branch: andhra_dev_assignment *************
M	app/Vendor/Facebook/Facebook.php
M	app/webroot/img/Loader.gif
branch 'andhra_dev_assignment' set up to track 'origin/andhra_dev_assignment'.
File 'bitbucket-pipelines.yml' exists in repo: ULS on branch: andhra_dev_assignment
************* Processing for branch: andhra_master *************
M	app/Vendor/Facebook/Facebook.php
M	app/webroot/img/Loader.gif
branch 'andhra_master' set up to track 'origin/andhra_master'.
File 'bitbucket-pipelines.yml' exists in repo: ULS on branch: andhra_master
************* Processing for branch: api *************
M	app/Vendor/Facebook/Facebook.php
M	app/webroot/img/Loader.gif
branch 'api' set up to track 'origin/api'.
File 'bitbucket-pipelines.yml' exists in repo: ULS on branch: api
************* Processing for branch: atulkumar *************
M	app/Vendor/Facebook/Facebook.php
M	app/webroot/img/Loader.gif
branch 'atulkumar' set up to track 'origin/atulkumar'.
File 'bitbucket-pipelines.yml' exists in repo: ULS on branch: atulkumar
************* Processing for branch: atulkumarnew *************
M	app/Vendor/Facebook/Facebook.php
M	app/webroot/img/Loader.gif
branch 'atulkumarnew' set up to track 'origin/atulkumarnew'.
File 'bitbucket-pipelines.yml' exists in repo: ULS on branch: atulkumarnew
************* Processing for branch: bamu_dev *************
M	app/Vendor/Facebook/Facebook.php
M	app/webroot/img/Loader.gif
branch 'bamu_dev' set up to track 'origin/bamu_dev'.
File 'bitbucket-pipelines.yml' exists in repo: ULS on branch: bamu_dev
************* Processing for branch: bamu_dev_master *************
M	app/Vendor/Facebook/Facebook.php
M	app/webroot/img/Loader.gif
branch 'bamu_dev_master' set up to track 'origin/bamu_dev_master'.
File 'bitbucket-pipelines.yml' exists in repo: ULS on branch: bamu_dev_master
************* Processing for branch: bamu_master *************
M	app/Vendor/Facebook/Facebook.php
M	app/webroot/img/Loader.gif
branch 'bamu_master' set up to track 'origin/bamu_master'.
File 'bitbucket-pipelines.yml' exists in repo: ULS on branch: bamu_master
************* Processing for branch: bdu-harsh *************
M	app/Vendor/Facebook/Facebook.php
M	app/webroot/img/Loader.gif
branch 'bdu-harsh' set up to track 'origin/bdu-harsh'.
File 'bitbucket-pipelines.yml' exists in repo: ULS on branch: bdu-harsh
************* Processing for branch: bdu_dev *************
M	app/Vendor/Facebook/Facebook.php
M	app/webroot/img/Loader.gif
branch 'bdu_dev' set up to track 'origin/bdu_dev'.
File 'bitbucket-pipelines.yml' exists in repo: ULS on branch: bdu_dev
************* Processing for branch: bdu_dev_design *************
File 'bitbucket-pipelines.yml' exists in repo: ULS on branch: bdu_dev_design
************* Processing for branch: bdu_dev_design_merging_temp *************
File 'bitbucket-pipelines.yml' exists in repo: ULS on branch: bdu_dev_design_merging_temp
************* Processing for branch: bdu_dev_design_shaira *************
File 'bitbucket-pipelines.yml' exists in repo: ULS on branch: bdu_dev_design_shaira
************* Processing for branch: bdu_dev_merging_temp *************
M	app/Vendor/Facebook/Facebook.php
M	app/webroot/img/Loader.gif
branch 'bdu_dev_merging_temp' set up to track 'origin/bdu_dev_merging_temp'.
File 'bitbucket-pipelines.yml' exists in repo: ULS on branch: bdu_dev_merging_temp
************* Processing for branch: bdu_live_merging *************
File 'bitbucket-pipelines.yml' exists in repo: ULS on branch: bdu_live_merging
************* Processing for branch: bdu_master *************
M	app/Vendor/Facebook/Facebook.php
M	app/webroot/img/Loader.gif
branch 'bdu_master' set up to track 'origin/bdu_master'.
File 'bitbucket-pipelines.yml' exists in repo: ULS on branch: bdu_master
************* Processing for branch: cent_dev *************
M	app/Vendor/Facebook/Facebook.php
M	app/webroot/img/Loader.gif
branch 'cent_dev' set up to track 'origin/cent_dev'.
File 'bitbucket-pipelines.yml' exists in repo: ULS on branch: cent_dev
************* Processing for branch: cent_dev_k *************
M	app/Vendor/Facebook/Facebook.php
M	app/webroot/img/Loader.gif
branch 'cent_dev_k' set up to track 'origin/cent_dev_k'.
File 'bitbucket-pipelines.yml' exists in repo: ULS on branch: cent_dev_k
************* Processing for branch: cent_master *************
M	app/Vendor/Facebook/Facebook.php
M	app/webroot/img/Loader.gif
branch 'cent_master' set up to track 'origin/cent_master'.
File 'bitbucket-pipelines.yml' exists in repo: ULS on branch: cent_master
************* Processing for branch: cent_master_k *************
M	app/Vendor/Facebook/Facebook.php
M	app/webroot/img/Loader.gif
branch 'cent_master_k' set up to track 'origin/cent_master_k'.
File 'bitbucket-pipelines.yml' exists in repo: ULS on branch: cent_master_k
************* Processing for branch: chdu_assignment *************
M	app/Vendor/Facebook/Facebook.php
M	app/webroot/img/Loader.gif
branch 'chdu_assignment' set up to track 'origin/chdu_assignment'.
File 'bitbucket-pipelines.yml' exists in repo: ULS on branch: chdu_assignment
************* Processing for branch: chdu_dev *************
M	app/Vendor/Facebook/Facebook.php
M	app/webroot/img/Loader.gif
branch 'chdu_dev' set up to track 'origin/chdu_dev'.
File 'bitbucket-pipelines.yml' exists in repo: ULS on branch: chdu_dev
************* Processing for branch: chdu_dev_kapil *************
M	app/Vendor/Facebook/Facebook.php
branch 'chdu_dev_kapil' set up to track 'origin/chdu_dev_kapil'.
File 'bitbucket-pipelines.yml' exists in repo: ULS on branch: chdu_dev_kapil
************* Processing for branch: chdu_master *************
M	app/Vendor/Facebook/Facebook.php
M	app/webroot/img/Loader.gif
branch 'chdu_master' set up to track 'origin/chdu_master'.
File 'bitbucket-pipelines.yml' exists in repo: ULS on branch: chdu_master
************* Processing for branch: development *************
M	app/Vendor/Facebook/Facebook.php
branch 'development' set up to track 'origin/development'.
File 'bitbucket-pipelines.yml' exists in repo: ULS on branch: development
************* Processing for branch: dy_master *************
M	app/Vendor/Facebook/Facebook.php
M	app/webroot/img/Loader.gif
branch 'dy_master' set up to track 'origin/dy_master'.
File 'bitbucket-pipelines.yml' exists in repo: ULS on branch: dy_master
************* Processing for branch: dy_patil_harsh *************
branch 'dy_patil_harsh' set up to track 'origin/dy_patil_harsh'.
File 'bitbucket-pipelines.yml' exists in repo: ULS on branch: dy_patil_harsh
************* Processing for branch: dypatil_dev *************
branch 'dypatil_dev' set up to track 'origin/dypatil_dev'.
File 'bitbucket-pipelines.yml' exists in repo: ULS on branch: dypatil_dev
************* Processing for branch: dypatil_dev1 *************
branch 'dypatil_dev1' set up to track 'origin/dypatil_dev1'.
File 'bitbucket-pipelines.yml' exists in repo: ULS on branch: dypatil_dev1
************* Processing for branch: dypatil_master *************
branch 'dypatil_master' set up to track 'origin/dypatil_master'.
File 'bitbucket-pipelines.yml' exists in repo: ULS on branch: dypatil_master
************* Processing for branch: dypatil_master_ *************
branch 'dypatil_master_' set up to track 'origin/dypatil_master_'.
File 'bitbucket-pipelines.yml' exists in repo: ULS on branch: dypatil_master_
************* Processing for branch: geu_dev *************
M	app/Vendor/Facebook/Facebook.php
M	app/webroot/img/Loader.gif
branch 'geu_dev' set up to track 'origin/geu_dev'.
File 'bitbucket-pipelines.yml' exists in repo: ULS on branch: geu_dev
************* Processing for branch: geu_master *************
M	app/Vendor/Facebook/Facebook.php
M	app/webroot/img/Loader.gif
branch 'geu_master' set up to track 'origin/geu_master'.
File 'bitbucket-pipelines.yml' exists in repo: ULS on branch: geu_master
************* Processing for branch: jain-dev-harsh *************
M	app/Vendor/Facebook/Facebook.php
M	app/webroot/img/Loader.gif
branch 'jain-dev-harsh' set up to track 'origin/jain-dev-harsh'.
File 'bitbucket-pipelines.yml' exists in repo: ULS on branch: jain-dev-harsh
************* Processing for branch: jain_dev *************
M	app/webroot/img/Loader.gif
branch 'jain_dev' set up to track 'origin/jain_dev'.
File 'bitbucket-pipelines.yml' exists in repo: ULS on branch: jain_dev
************* Processing for branch: jain_master *************
M	app/webroot/img/Loader.gif
branch 'jain_master' set up to track 'origin/jain_master'.
File 'bitbucket-pipelines.yml' exists in repo: ULS on branch: jain_master
************* Processing for branch: jain_master_ *************
File 'bitbucket-pipelines.yml' exists in repo: ULS on branch: jain_master_
************* Processing for branch: ju *************
M	app/webroot/img/Loader.gif
branch 'ju' set up to track 'origin/ju'.
File 'bitbucket-pipelines.yml' exists in repo: ULS on branch: ju
************* Processing for branch: ju_dev *************
M	app/Vendor/Facebook/Facebook.php
M	app/webroot/img/Loader.gif
branch 'ju_dev' set up to track 'origin/ju_dev'.
File 'bitbucket-pipelines.yml' exists in repo: ULS on branch: ju_dev
************* Processing for branch: ju_master *************
M	app/Vendor/Facebook/Facebook.php
M	app/webroot/img/Loader.gif
branch 'ju_master' set up to track 'origin/ju_master'.
File 'bitbucket-pipelines.yml' exists in repo: ULS on branch: ju_master
************* Processing for branch: klu-harsh *************
M	app/Vendor/Facebook/Facebook.php
M	app/webroot/img/Loader.gif
branch 'klu-harsh' set up to track 'origin/klu-harsh'.
File 'bitbucket-pipelines.yml' exists in repo: ULS on branch: klu-harsh
************* Processing for branch: klu_dev *************
M	app/Vendor/Facebook/Facebook.php
M	app/webroot/img/Loader.gif
branch 'klu_dev' set up to track 'origin/klu_dev'.
File 'bitbucket-pipelines.yml' exists in repo: ULS on branch: klu_dev
************* Processing for branch: klu_dev_design *************
M	app/Vendor/Facebook/Facebook.php
M	app/webroot/img/Loader.gif
branch 'klu_dev_design' set up to track 'origin/klu_dev_design'.
File 'bitbucket-pipelines.yml' exists in repo: ULS on branch: klu_dev_design
************* Processing for branch: klu_dev_design_merging_temp *************
branch 'klu_dev_design_merging_temp' set up to track 'origin/klu_dev_design_merging_temp'.
File 'bitbucket-pipelines.yml' exists in repo: ULS on branch: klu_dev_design_merging_temp
************* Processing for branch: klu_dev_design_shaira *************
branch 'klu_dev_design_shaira' set up to track 'origin/klu_dev_design_shaira'.
File 'bitbucket-pipelines.yml' exists in repo: ULS on branch: klu_dev_design_shaira
************* Processing for branch: klu_dev_master_admin *************
branch 'klu_dev_master_admin' set up to track 'origin/klu_dev_master_admin'.
File 'bitbucket-pipelines.yml' exists in repo: ULS on branch: klu_dev_master_admin
************* Processing for branch: klu_master *************
M	app/Vendor/Facebook/Facebook.php
M	app/webroot/img/Loader.gif
branch 'klu_master' set up to track 'origin/klu_master'.
File 'bitbucket-pipelines.yml' exists in repo: ULS on branch: klu_master
************* Processing for branch: klu_mtf *************
M	app/Vendor/Facebook/Facebook.php
M	app/webroot/img/Loader.gif
branch 'klu_mtf' set up to track 'origin/klu_mtf'.
File 'bitbucket-pipelines.yml' exists in repo: ULS on branch: klu_mtf
************* Processing for branch: ksou_dev *************
File 'bitbucket-pipelines.yml' exists in repo: ULS on branch: ksou_dev
************* Processing for branch: ksou_master *************
File 'bitbucket-pipelines.yml' exists in repo: ULS on branch: ksou_master
************* Processing for branch: kuk_dev *************
File 'bitbucket-pipelines.yml' exists in repo: ULS on branch: kuk_dev
************* Processing for branch: kuk_dev_course *************
File 'bitbucket-pipelines.yml' exists in repo: ULS on branch: kuk_dev_course
************* Processing for branch: kuk_dev_kapil *************
File 'bitbucket-pipelines.yml' exists in repo: ULS on branch: kuk_dev_kapil
************* Processing for branch: kuk_master *************
File 'bitbucket-pipelines.yml' exists in repo: ULS on branch: kuk_master
************* Processing for branch: linc_dev *************
File 'bitbucket-pipelines.yml' exists in repo: ULS on branch: linc_dev
************* Processing for branch: linc_master *************
File 'bitbucket-pipelines.yml' exists in repo: ULS on branch: linc_master
************* Processing for branch: mgr_dev *************
File 'bitbucket-pipelines.yml' exists in repo: ULS on branch: mgr_dev
************* Processing for branch: mgr_dev_design *************
File 'bitbucket-pipelines.yml' exists in repo: ULS on branch: mgr_dev_design
************* Processing for branch: mgr_dev_design_merging_temp *************
File 'bitbucket-pipelines.yml' exists in repo: ULS on branch: mgr_dev_design_merging_temp
************* Processing for branch: mgr_dev_filter *************
File 'bitbucket-pipelines.yml' exists in repo: ULS on branch: mgr_dev_filter
************* Processing for branch: mgr_dev_final *************
File 'bitbucket-pipelines.yml' exists in repo: ULS on branch: mgr_dev_final
************* Processing for branch: mgr_dev_harsh *************
File 'bitbucket-pipelines.yml' exists in repo: ULS on branch: mgr_dev_harsh
************* Processing for branch: mgr_dev_messaging *************
File 'bitbucket-pipelines.yml' exists in repo: ULS on branch: mgr_dev_messaging
************* Processing for branch: mgr_dev_reema *************
File 'bitbucket-pipelines.yml' exists in repo: ULS on branch: mgr_dev_reema
************* Processing for branch: mgr_dev_referral_popup *************
File 'bitbucket-pipelines.yml' exists in repo: ULS on branch: mgr_dev_referral_popup
************* Processing for branch: mgr_dev_sanjay *************
File 'bitbucket-pipelines.yml' exists in repo: ULS on branch: mgr_dev_sanjay
************* Processing for branch: mgr_dev_v1 *************
File 'bitbucket-pipelines.yml' exists in repo: ULS on branch: mgr_dev_v1
************* Processing for branch: mgr_master *************
File 'bitbucket-pipelines.yml' exists in repo: ULS on branch: mgr_master
************* Processing for branch: mgr_master_v1 *************
File 'bitbucket-pipelines.yml' exists in repo: ULS on branch: mgr_master_v1
************* Processing for branch: mgr_temp_ashwani *************
File 'bitbucket-pipelines.yml' exists in repo: ULS on branch: mgr_temp_ashwani
************* Processing for branch: mgr_v1 *************
File 'bitbucket-pipelines.yml' exists in repo: ULS on branch: mgr_v1
************* Processing for branch: new_design *************
File 'bitbucket-pipelines.yml' exists in repo: ULS on branch: new_design
************* Processing for branch: niu_dev *************
File 'bitbucket-pipelines.yml' exists in repo: ULS on branch: niu_dev
************* Processing for branch: niu_master *************
File 'bitbucket-pipelines.yml' exists in repo: ULS on branch: niu_master
************* Processing for branch: nls_dev *************
File 'bitbucket-pipelines.yml' exists in repo: ULS on branch: nls_dev
************* Processing for branch: nls_dev_ash *************
File 'bitbucket-pipelines.yml' exists in repo: ULS on branch: nls_dev_ash
************* Processing for branch: nls_dev_design *************
File 'bitbucket-pipelines.yml' exists in repo: ULS on branch: nls_dev_design
************* Processing for branch: nls_dev_new *************
File 'bitbucket-pipelines.yml' exists in repo: ULS on branch: nls_dev_new
************* Processing for branch: peri_dev_reema *************
File 'bitbucket-pipelines.yml' exists in repo: ULS on branch: peri_dev_reema
************* Processing for branch: peri_dev_rupesh *************
File 'bitbucket-pipelines.yml' exists in repo: ULS on branch: peri_dev_rupesh
************* Processing for branch: peri_dev_sanjay *************
File 'bitbucket-pipelines.yml' exists in repo: ULS on branch: peri_dev_sanjay
************* Processing for branch: periyar-harsh *************
File 'bitbucket-pipelines.yml' exists in repo: ULS on branch: periyar-harsh
************* Processing for branch: periyar_dev *************
File 'bitbucket-pipelines.yml' exists in repo: ULS on branch: periyar_dev
************* Processing for branch: periyar_dev_24_mar_2022 *************
File 'bitbucket-pipelines.yml' exists in repo: ULS on branch: periyar_dev_24_mar_2022
************* Processing for branch: periyar_dev_design *************
File 'bitbucket-pipelines.yml' exists in repo: ULS on branch: periyar_dev_design
************* Processing for branch: periyar_dev_design_merging_temp *************
File 'bitbucket-pipelines.yml' exists in repo: ULS on branch: periyar_dev_design_merging_temp
************* Processing for branch: periyar_dev_merging *************
File 'bitbucket-pipelines.yml' exists in repo: ULS on branch: periyar_dev_merging
************* Processing for branch: periyar_dev_merging_temp *************
File 'bitbucket-pipelines.yml' exists in repo: ULS on branch: periyar_dev_merging_temp
************* Processing for branch: periyar_dev_reema *************
File 'bitbucket-pipelines.yml' exists in repo: ULS on branch: periyar_dev_reema
************* Processing for branch: periyar_dev_sanjay *************
File 'bitbucket-pipelines.yml' exists in repo: ULS on branch: periyar_dev_sanjay
************* Processing for branch: periyar_master *************
File 'bitbucket-pipelines.yml' exists in repo: ULS on branch: periyar_master
************* Processing for branch: periyar_master_developer *************
File 'bitbucket-pipelines.yml' exists in repo: ULS on branch: periyar_master_developer
************* Processing for branch: periyar_v1 *************
File 'bitbucket-pipelines.yml' exists in repo: ULS on branch: periyar_v1
************* Processing for branch: query-fixes-harsh *************
File 'bitbucket-pipelines.yml' exists in repo: ULS on branch: query-fixes-harsh
************* Processing for branch: query-opt-harsh *************
File 'bitbucket-pipelines.yml' exists in repo: ULS on branch: query-opt-harsh
************* Processing for branch: query-opti-harsh *************
File 'bitbucket-pipelines.yml' exists in repo: ULS on branch: query-opti-harsh
************* Processing for branch: query-optimisation-harsh *************
File 'bitbucket-pipelines.yml' exists in repo: ULS on branch: query-optimisation-harsh
************* Processing for branch: scdl_dev *************
File 'bitbucket-pipelines.yml' exists in repo: ULS on branch: scdl_dev
************* Processing for branch: scdl_master *************
File 'bitbucket-pipelines.yml' exists in repo: ULS on branch: scdl_master
************* Processing for branch: scorm_player *************
File 'bitbucket-pipelines.yml' exists in repo: ULS on branch: scorm_player
************* Processing for branch: sgvu_dev *************
File 'bitbucket-pipelines.yml' exists in repo: ULS on branch: sgvu_dev
************* Processing for branch: sgvu_dev_himanshu *************
File 'bitbucket-pipelines.yml' exists in repo: ULS on branch: sgvu_dev_himanshu
************* Processing for branch: sgvu_master *************
File 'bitbucket-pipelines.yml' exists in repo: ULS on branch: sgvu_master
************* Processing for branch: sgvuonl_dev *************
File 'bitbucket-pipelines.yml' exists in repo: ULS on branch: sgvuonl_dev
************* Processing for branch: sgvuonl_dev_design *************
File 'bitbucket-pipelines.yml' exists in repo: ULS on branch: sgvuonl_dev_design
************* Processing for branch: sgvuonl_dev_merge_sanjay *************
File 'bitbucket-pipelines.yml' exists in repo: ULS on branch: sgvuonl_dev_merge_sanjay
************* Processing for branch: sgvuonl_dev_reema *************
File 'bitbucket-pipelines.yml' exists in repo: ULS on branch: sgvuonl_dev_reema
************* Processing for branch: sgvuonl_dev_sanjay *************
File 'bitbucket-pipelines.yml' exists in repo: ULS on branch: sgvuonl_dev_sanjay
************* Processing for branch: sgvuonl_dev_shaira *************
File 'bitbucket-pipelines.yml' exists in repo: ULS on branch: sgvuonl_dev_shaira
************* Processing for branch: sgvuonl_master *************
File 'bitbucket-pipelines.yml' exists in repo: ULS on branch: sgvuonl_master
************* Processing for branch: sync_erp_apis *************
File 'bitbucket-pipelines.yml' exists in repo: ULS on branch: sync_erp_apis
************* Processing for branch: uls_dev *************
File 'bitbucket-pipelines.yml' exists in repo: ULS on branch: uls_dev
************* Processing for branch: uls_development *************
File 'bitbucket-pipelines.yml' exists in repo: ULS on branch: uls_development
************* Processing for branch: uls_upgrade *************
File 'bitbucket-pipelines.yml' exists in repo: ULS on branch: uls_upgrade
************* Processing for branch: yene_dev *************
File 'bitbucket-pipelines.yml' exists in repo: ULS on branch: yene_dev
************* Processing for branch: yene_dev_design *************
File 'bitbucket-pipelines.yml' exists in repo: ULS on branch: yene_dev_design
************* Processing for branch: yene_dev_design_merging_temp *************
File 'bitbucket-pipelines.yml' exists in repo: ULS on branch: yene_dev_design_merging_temp
************* Processing for branch: yene_dev_sanjay *************
File 'bitbucket-pipelines.yml' exists in repo: ULS on branch: yene_dev_sanjay
************* Processing for branch: yene_dev_shaira *************
File 'bitbucket-pipelines.yml' exists in repo: ULS on branch: yene_dev_shaira
************* Processing for branch: yene_live_merging *************
File 'bitbucket-pipelines.yml' exists in repo: ULS on branch: yene_live_merging
************* Processing for branch: yene_master *************
File 'bitbucket-pipelines.yml' exists in repo: ULS on branch: yene_master
Cleanup completed... for ULS
******************************-----------******************************
working on repo career-planner ........ 
************* Processing for branch: Mailchimp *************
branch 'Mailchimp' set up to track 'origin/Mailchimp'.
File 'bitbucket-pipelines.yml' exists in repo: career-planner on branch: Mailchimp
************* Processing for branch: admin_mail_changes *************
branch 'admin_mail_changes' set up to track 'origin/admin_mail_changes'.
File 'bitbucket-pipelines.yml' exists in repo: career-planner on branch: admin_mail_changes
************* Processing for branch: color_change *************
branch 'color_change' set up to track 'origin/color_change'.
File 'bitbucket-pipelines.yml' exists in repo: career-planner on branch: color_change
************* Processing for branch: cron_email *************
branch 'cron_email' set up to track 'origin/cron_email'.
File 'bitbucket-pipelines.yml' exists in repo: career-planner on branch: cron_email
************* Processing for branch: email_cron *************
branch 'email_cron' set up to track 'origin/email_cron'.
File 'bitbucket-pipelines.yml' exists in repo: career-planner on branch: email_cron
************* Processing for branch: fix_issues *************
branch 'fix_issues' set up to track 'origin/fix_issues'.
File 'bitbucket-pipelines.yml' exists in repo: career-planner on branch: fix_issues
************* Processing for branch: link_pdf *************
branch 'link_pdf' set up to track 'origin/link_pdf'.
File 'bitbucket-pipelines.yml' exists in repo: career-planner on branch: link_pdf
************* Processing for branch: new_changes *************
branch 'new_changes' set up to track 'origin/new_changes'.
File 'bitbucket-pipelines.yml' exists in repo: career-planner on branch: new_changes
************* Processing for branch: new_changes_18_dec *************
branch 'new_changes_18_dec' set up to track 'origin/new_changes_18_dec'.
File 'bitbucket-pipelines.yml' exists in repo: career-planner on branch: new_changes_18_dec
************* Processing for branch: program-changes *************
branch 'program-changes' set up to track 'origin/program-changes'.
File 'bitbucket-pipelines.yml' exists in repo: career-planner on branch: program-changes
************* Processing for branch: r_1.0.0 *************
branch 'r_1.0.0' set up to track 'origin/r_1.0.0'.
File 'bitbucket-pipelines.yml' exists in repo: career-planner on branch: r_1.0.0
Cleanup completed... for career-planner
******************************-----------******************************
working on repo design ........ 
************* Processing for branch: design-shaira *************
branch 'design-shaira' set up to track 'origin/design-shaira'.
File 'bitbucket-pipelines.yml' exists in repo: design on branch: design-shaira
************* Processing for branch: design_ash *************
branch 'design_ash' set up to track 'origin/design_ash'.
File 'bitbucket-pipelines.yml' exists in repo: design on branch: design_ash
************* Processing for branch: design_ashwani *************
branch 'design_ashwani' set up to track 'origin/design_ashwani'.
File 'bitbucket-pipelines.yml' exists in repo: design on branch: design_ashwani
************* Processing for branch: design_sanjay *************
branch 'design_sanjay' set up to track 'origin/design_sanjay'.
File 'bitbucket-pipelines.yml' exists in repo: design on branch: design_sanjay
************* Processing for branch: design_shaira *************
branch 'design_shaira' set up to track 'origin/design_shaira'.
File 'bitbucket-pipelines.yml' exists in repo: design on branch: design_shaira
************* Processing for branch: master_design *************
branch 'master_design' set up to track 'origin/master_design'.
File 'bitbucket-pipelines.yml' exists in repo: design on branch: master_design
************* Processing for branch: payment_page *************
branch 'payment_page' set up to track 'origin/payment_page'.
File 'bitbucket-pipelines.yml' exists in repo: design on branch: payment_page
Cleanup completed... for design
******************************-----------******************************
working on repo loan-partners ........ 
************* Processing for branch: feature/loan_integration *************
branch 'feature/loan_integration' set up to track 'origin/feature/loan_integration'.
File 'bitbucket-pipelines.yml' exists in repo: loan-partners on branch: feature/loan_integration
************* Processing for branch: feature_SPAR-595 *************
branch 'feature_SPAR-595' set up to track 'origin/feature_SPAR-595'.
File 'bitbucket-pipelines.yml' exists in repo: loan-partners on branch: feature_SPAR-595
************* Processing for branch: feature_SPAR-598 *************
branch 'feature_SPAR-598' set up to track 'origin/feature_SPAR-598'.
File 'bitbucket-pipelines.yml' exists in repo: loan-partners on branch: feature_SPAR-598
************* Processing for branch: feature_SPAR-668 *************
branch 'feature_SPAR-668' set up to track 'origin/feature_SPAR-668'.
File 'bitbucket-pipelines.yml' exists in repo: loan-partners on branch: feature_SPAR-668
************* Processing for branch: feature_SPAR_595 *************
branch 'feature_SPAR_595' set up to track 'origin/feature_SPAR_595'.
File 'bitbucket-pipelines.yml' exists in repo: loan-partners on branch: feature_SPAR_595
Cleanup completed... for loan-partners
******************************-----------******************************
working on repo cre ........ 
************* Processing for branch: add_new_page_09_nov *************
branch 'add_new_page_09_nov' set up to track 'origin/add_new_page_09_nov'.
File 'bitbucket-pipelines.yml' exists in repo: cre on branch: add_new_page_09_nov
************* Processing for branch: feature_SPAR-725 *************
branch 'feature_SPAR-725' set up to track 'origin/feature_SPAR-725'.
File 'bitbucket-pipelines.yml' exists in repo: cre on branch: feature_SPAR-725
************* Processing for branch: feature_SPAR-733 *************
branch 'feature_SPAR-733' set up to track 'origin/feature_SPAR-733'.
File 'bitbucket-pipelines.yml' exists in repo: cre on branch: feature_SPAR-733
************* Processing for branch: feature_SPAR-734 *************
branch 'feature_SPAR-734' set up to track 'origin/feature_SPAR-734'.
File 'bitbucket-pipelines.yml' exists in repo: cre on branch: feature_SPAR-734
************* Processing for branch: feature_SPAR-758 *************
branch 'feature_SPAR-758' set up to track 'origin/feature_SPAR-758'.
File 'bitbucket-pipelines.yml' exists in repo: cre on branch: feature_SPAR-758
************* Processing for branch: featute_test *************
branch 'featute_test' set up to track 'origin/featute_test'.
File 'bitbucket-pipelines.yml' exists in repo: cre on branch: featute_test
************* Processing for branch: new_pdf_changes_13_nov *************
branch 'new_pdf_changes_13_nov' set up to track 'origin/new_pdf_changes_13_nov'.
File 'bitbucket-pipelines.yml' exists in repo: cre on branch: new_pdf_changes_13_nov
************* Processing for branch: new_pdf_changes_25Oct *************
branch 'new_pdf_changes_25Oct' set up to track 'origin/new_pdf_changes_25Oct'.
File 'bitbucket-pipelines.yml' exists in repo: cre on branch: new_pdf_changes_25Oct
************* Processing for branch: pdf_changes_27_oct *************
branch 'pdf_changes_27_oct' set up to track 'origin/pdf_changes_27_oct'.
File 'bitbucket-pipelines.yml' exists in repo: cre on branch: pdf_changes_27_oct
************* Processing for branch: push_code *************
branch 'push_code' set up to track 'origin/push_code'.
File 'bitbucket-pipelines.yml' exists in repo: cre on branch: push_code
************* Processing for branch: r_1.0.0 *************
branch 'r_1.0.0' set up to track 'origin/r_1.0.0'.
File 'bitbucket-pipelines.yml' exists in repo: cre on branch: r_1.0.0
************* Processing for branch: r_2.0.0 *************
branch 'r_2.0.0' set up to track 'origin/r_2.0.0'.
File 'bitbucket-pipelines.yml' exists in repo: cre on branch: r_2.0.0
************* Processing for branch: sanjay_r1.0.0 *************
branch 'sanjay_r1.0.0' set up to track 'origin/sanjay_r1.0.0'.
File 'bitbucket-pipelines.yml' exists in repo: cre on branch: sanjay_r1.0.0
Cleanup completed... for cre
******************************-----------******************************
working on repo pedagogy-auth ........ 
************* Processing for branch: feature.ss/auth-code *************
branch 'feature.ss/auth-code' set up to track 'origin/feature.ss/auth-code'.
File 'bitbucket-pipelines.yml' exists in repo: pedagogy-auth on branch: feature.ss/auth-code
Cleanup completed... for pedagogy-auth
******************************-----------******************************
working on repo python_data_migration ........ 
************* Processing for branch: feature/data_migration *************
branch 'feature/data_migration' set up to track 'origin/feature/data_migration'.
File 'bitbucket-pipelines.yml' exists in repo: python_data_migration on branch: feature/data_migration
Cleanup completed... for python_data_migration
******************************-----------******************************
working on repo reports ........ 
************* Processing for branch: dev *************
Your branch is up to date with 'origin/dev'.
File 'bitbucket-pipelines.yml' exists in repo: reports on branch: dev
Cleanup completed... for reports
******************************-----------******************************
working on repo ggn-sliq ........ 
************* Processing for branch: r_1.0.0 *************
branch 'r_1.0.0' set up to track 'origin/r_1.0.0'.
File 'bitbucket-pipelines.yml' exists in repo: ggn-sliq on branch: r_1.0.0
Cleanup completed... for ggn-sliq
******************************-----------******************************
working on repo LMS ........ 
************* Processing for branch: development *************
M	app/Vendor/Facebook/Facebook.php
branch 'development' set up to track 'origin/development'.
File 'bitbucket-pipelines.yml' exists in repo: LMS on branch: development
Cleanup completed... for LMS
******************************-----------******************************
working on repo url_shortner ........ 
************* Processing for branch: feature_SPAR-319 *************
branch 'feature_SPAR-319' set up to track 'origin/feature_SPAR-319'.
File 'bitbucket-pipelines.yml' exists in repo: url_shortner on branch: feature_SPAR-319
************* Processing for branch: r_1.0 *************
branch 'r_1.0' set up to track 'origin/r_1.0'.
File 'bitbucket-pipelines.yml' exists in repo: url_shortner on branch: r_1.0
Cleanup completed... for url_shortner
******************************-----------******************************
working on repo crm_v2 ........ 
************* Processing for branch: 2626 *************
branch '2626' set up to track 'origin/2626'.
File 'bitbucket-pipelines.yml' exists in repo: crm_v2 on branch: 2626
************* Processing for branch: 26dec22_live_spark *************
branch '26dec22_live_spark' set up to track 'origin/26dec22_live_spark'.
File 'bitbucket-pipelines.yml' exists in repo: crm_v2 on branch: 26dec22_live_spark
************* Processing for branch: account/payment_models *************
branch 'account/payment_models' set up to track 'origin/account/payment_models'.
File 'bitbucket-pipelines.yml' exists in repo: crm_v2 on branch: account/payment_models
************* Processing for branch: again_live_spark *************
branch 'again_live_spark' set up to track 'origin/again_live_spark'.
File 'bitbucket-pipelines.yml' exists in repo: crm_v2 on branch: again_live_spark
************* Processing for branch: application_push_lsq *************
branch 'application_push_lsq' set up to track 'origin/application_push_lsq'.
File 'bitbucket-pipelines.yml' exists in repo: crm_v2 on branch: application_push_lsq
************* Processing for branch: backup-16-01-2023 *************
branch 'backup-16-01-2023' set up to track 'origin/backup-16-01-2023'.
File 'bitbucket-pipelines.yml' exists in repo: crm_v2 on branch: backup-16-01-2023
************* Processing for branch: backup_06feb2023 *************
branch 'backup_06feb2023' set up to track 'origin/backup_06feb2023'.
File 'bitbucket-pipelines.yml' exists in repo: crm_v2 on branch: backup_06feb2023
************* Processing for branch: backup_lead_squared_09_09_2022 *************
branch 'backup_lead_squared_09_09_2022' set up to track 'origin/backup_lead_squared_09_09_2022'.
File 'bitbucket-pipelines.yml' exists in repo: crm_v2 on branch: backup_lead_squared_09_09_2022
************* Processing for branch: bugfix/d2d_1.0 *************
branch 'bugfix/d2d_1.0' set up to track 'origin/bugfix/d2d_1.0'.
File 'bitbucket-pipelines.yml' exists in repo: crm_v2 on branch: bugfix/d2d_1.0
************* Processing for branch: bugfix/marketing *************
branch 'bugfix/marketing' set up to track 'origin/bugfix/marketing'.
File 'bitbucket-pipelines.yml' exists in repo: crm_v2 on branch: bugfix/marketing
************* Processing for branch: bugfix/modules_classes *************
branch 'bugfix/modules_classes' set up to track 'origin/bugfix/modules_classes'.
File 'bitbucket-pipelines.yml' exists in repo: crm_v2 on branch: bugfix/modules_classes
************* Processing for branch: bulkleadupload *************
branch 'bulkleadupload' set up to track 'origin/bulkleadupload'.
File 'bitbucket-pipelines.yml' exists in repo: crm_v2 on branch: bulkleadupload
************* Processing for branch: category *************
branch 'category' set up to track 'origin/category'.
File 'bitbucket-pipelines.yml' exists in repo: crm_v2 on branch: category
************* Processing for branch: churn_lead_26_09_2022 *************
branch 'churn_lead_26_09_2022' set up to track 'origin/churn_lead_26_09_2022'.
File 'bitbucket-pipelines.yml' exists in repo: crm_v2 on branch: churn_lead_26_09_2022
************* Processing for branch: crmv2_backup_12_oct_2022 *************
branch 'crmv2_backup_12_oct_2022' set up to track 'origin/crmv2_backup_12_oct_2022'.
File 'bitbucket-pipelines.yml' exists in repo: crm_v2 on branch: crmv2_backup_12_oct_2022
************* Processing for branch: d2d *************
branch 'd2d' set up to track 'origin/d2d'.
File 'bitbucket-pipelines.yml' exists in repo: crm_v2 on branch: d2d
************* Processing for branch: d2dmainbranch *************
branch 'd2dmainbranch' set up to track 'origin/d2dmainbranch'.
File 'bitbucket-pipelines.yml' exists in repo: crm_v2 on branch: d2dmainbranch
************* Processing for branch: dev_crm_v2 *************
branch 'dev_crm_v2' set up to track 'origin/dev_crm_v2'.
File 'bitbucket-pipelines.yml' exists in repo: crm_v2 on branch: dev_crm_v2
************* Processing for branch: feature/add_lead_api_vendor *************
branch 'feature/add_lead_api_vendor' set up to track 'origin/feature/add_lead_api_vendor'.
File 'bitbucket-pipelines.yml' exists in repo: crm_v2 on branch: feature/add_lead_api_vendor
************* Processing for branch: feature/blog *************
branch 'feature/blog' set up to track 'origin/feature/blog'.
File 'bitbucket-pipelines.yml' exists in repo: crm_v2 on branch: feature/blog
************* Processing for branch: feature/d2d_changes *************
branch 'feature/d2d_changes' set up to track 'origin/feature/d2d_changes'.
File 'bitbucket-pipelines.yml' exists in repo: crm_v2 on branch: feature/d2d_changes
************* Processing for branch: feature/data_laravel_migration *************
branch 'feature/data_laravel_migration' set up to track 'origin/feature/data_laravel_migration'.
File 'bitbucket-pipelines.yml' exists in repo: crm_v2 on branch: feature/data_laravel_migration
************* Processing for branch: feature/design_landing_pages *************
branch 'feature/design_landing_pages' set up to track 'origin/feature/design_landing_pages'.
File 'bitbucket-pipelines.yml' exists in repo: crm_v2 on branch: feature/design_landing_pages
************* Processing for branch: feature/document *************
branch 'feature/document' set up to track 'origin/feature/document'.
File 'bitbucket-pipelines.yml' exists in repo: crm_v2 on branch: feature/document
************* Processing for branch: feature/dummy_deplyment *************
branch 'feature/dummy_deplyment' set up to track 'origin/feature/dummy_deplyment'.
File 'bitbucket-pipelines.yml' exists in repo: crm_v2 on branch: feature/dummy_deplyment
************* Processing for branch: feature/icon-setup *************
branch 'feature/icon-setup' set up to track 'origin/feature/icon-setup'.
File 'bitbucket-pipelines.yml' exists in repo: crm_v2 on branch: feature/icon-setup
************* Processing for branch: feature/landing_page *************
branch 'feature/landing_page' set up to track 'origin/feature/landing_page'.
File 'bitbucket-pipelines.yml' exists in repo: crm_v2 on branch: feature/landing_page
************* Processing for branch: feature/landing_pages *************
branch 'feature/landing_pages' set up to track 'origin/feature/landing_pages'.
File 'bitbucket-pipelines.yml' exists in repo: crm_v2 on branch: feature/landing_pages
************* Processing for branch: feature/lead_api *************
branch 'feature/lead_api' set up to track 'origin/feature/lead_api'.
File 'bitbucket-pipelines.yml' exists in repo: crm_v2 on branch: feature/lead_api
************* Processing for branch: feature/marketing *************
branch 'feature/marketing' set up to track 'origin/feature/marketing'.
File 'bitbucket-pipelines.yml' exists in repo: crm_v2 on branch: feature/marketing
************* Processing for branch: feature/myAccount *************
branch 'feature/myAccount' set up to track 'origin/feature/myAccount'.
File 'bitbucket-pipelines.yml' exists in repo: crm_v2 on branch: feature/myAccount
************* Processing for branch: feature/new_database_migrations *************
branch 'feature/new_database_migrations' set up to track 'origin/feature/new_database_migrations'.
File 'bitbucket-pipelines.yml' exists in repo: crm_v2 on branch: feature/new_database_migrations
************* Processing for branch: feature/optimizations *************
branch 'feature/optimizations' set up to track 'origin/feature/optimizations'.
File 'bitbucket-pipelines.yml' exists in repo: crm_v2 on branch: feature/optimizations
************* Processing for branch: feature/pages *************
branch 'feature/pages' set up to track 'origin/feature/pages'.
File 'bitbucket-pipelines.yml' exists in repo: crm_v2 on branch: feature/pages
************* Processing for branch: feature/question_attempts *************
branch 'feature/question_attempts' set up to track 'origin/feature/question_attempts'.
File 'bitbucket-pipelines.yml' exists in repo: crm_v2 on branch: feature/question_attempts
************* Processing for branch: feature/sanjay_d2d *************
branch 'feature/sanjay_d2d' set up to track 'origin/feature/sanjay_d2d'.
File 'bitbucket-pipelines.yml' exists in repo: crm_v2 on branch: feature/sanjay_d2d
************* Processing for branch: feature/vendor_lead_api *************
branch 'feature/vendor_lead_api' set up to track 'origin/feature/vendor_lead_api'.
File 'bitbucket-pipelines.yml' exists in repo: crm_v2 on branch: feature/vendor_lead_api
************* Processing for branch: feature/website_content_updation *************
branch 'feature/website_content_updation' set up to track 'origin/feature/website_content_updation'.
File 'bitbucket-pipelines.yml' exists in repo: crm_v2 on branch: feature/website_content_updation
************* Processing for branch: feature/website_home_page *************
branch 'feature/website_home_page' set up to track 'origin/feature/website_home_page'.
File 'bitbucket-pipelines.yml' exists in repo: crm_v2 on branch: feature/website_home_page
************* Processing for branch: feature/website_pages_sanjay *************
branch 'feature/website_pages_sanjay' set up to track 'origin/feature/website_pages_sanjay'.
File 'bitbucket-pipelines.yml' exists in repo: crm_v2 on branch: feature/website_pages_sanjay
************* Processing for branch: feature/website_pages_shaira *************
branch 'feature/website_pages_shaira' set up to track 'origin/feature/website_pages_shaira'.
File 'bitbucket-pipelines.yml' exists in repo: crm_v2 on branch: feature/website_pages_shaira
************* Processing for branch: feature_deploye_marketing *************
branch 'feature_deploye_marketing' set up to track 'origin/feature_deploye_marketing'.
File 'bitbucket-pipelines.yml' exists in repo: crm_v2 on branch: feature_deploye_marketing
************* Processing for branch: feature_inprogress_marketing *************
branch 'feature_inprogress_marketing' set up to track 'origin/feature_inprogress_marketing'.
File 'bitbucket-pipelines.yml' exists in repo: crm_v2 on branch: feature_inprogress_marketing
************* Processing for branch: featute/initial_api *************
branch 'featute/initial_api' set up to track 'origin/featute/initial_api'.
File 'bitbucket-pipelines.yml' exists in repo: crm_v2 on branch: featute/initial_api
************* Processing for branch: institute_courses *************
branch 'institute_courses' set up to track 'origin/institute_courses'.
File 'bitbucket-pipelines.yml' exists in repo: crm_v2 on branch: institute_courses
************* Processing for branch: institute_master *************
branch 'institute_master' set up to track 'origin/institute_master'.
File 'bitbucket-pipelines.yml' exists in repo: crm_v2 on branch: institute_master
************* Processing for branch: jobSchedulerTask *************
branch 'jobSchedulerTask' set up to track 'origin/jobSchedulerTask'.
File 'bitbucket-pipelines.yml' exists in repo: crm_v2 on branch: jobSchedulerTask
************* Processing for branch: landing_pages_by_ritesh *************
branch 'landing_pages_by_ritesh' set up to track 'origin/landing_pages_by_ritesh'.
File 'bitbucket-pipelines.yml' exists in repo: crm_v2 on branch: landing_pages_by_ritesh
************* Processing for branch: landing_template *************
branch 'landing_template' set up to track 'origin/landing_template'.
File 'bitbucket-pipelines.yml' exists in repo: crm_v2 on branch: landing_template
************* Processing for branch: lead_squared *************
branch 'lead_squared' set up to track 'origin/lead_squared'.
File 'bitbucket-pipelines.yml' exists in repo: crm_v2 on branch: lead_squared
************* Processing for branch: lead_squared_09_09_2022 *************
branch 'lead_squared_09_09_2022' set up to track 'origin/lead_squared_09_09_2022'.
File 'bitbucket-pipelines.yml' exists in repo: crm_v2 on branch: lead_squared_09_09_2022
************* Processing for branch: lead_squared_development_19_09_2022 *************
branch 'lead_squared_development_19_09_2022' set up to track 'origin/lead_squared_development_19_09_2022'.
File 'bitbucket-pipelines.yml' exists in repo: crm_v2 on branch: lead_squared_development_19_09_2022
************* Processing for branch: lead_squared_payment_transaction *************
branch 'lead_squared_payment_transaction' set up to track 'origin/lead_squared_payment_transaction'.
File 'bitbucket-pipelines.yml' exists in repo: crm_v2 on branch: lead_squared_payment_transaction
************* Processing for branch: live_spark *************
branch 'live_spark' set up to track 'origin/live_spark'.
File 'bitbucket-pipelines.yml' exists in repo: crm_v2 on branch: live_spark
************* Processing for branch: loan_applicationid *************
branch 'loan_applicationid' set up to track 'origin/loan_applicationid'.
File 'bitbucket-pipelines.yml' exists in repo: crm_v2 on branch: loan_applicationid
************* Processing for branch: login *************
branch 'login' set up to track 'origin/login'.
File 'bitbucket-pipelines.yml' exists in repo: crm_v2 on branch: login
************* Processing for branch: login_subdomain *************
branch 'login_subdomain' set up to track 'origin/login_subdomain'.
File 'bitbucket-pipelines.yml' exists in repo: crm_v2 on branch: login_subdomain
************* Processing for branch: lsqmain *************
branch 'lsqmain' set up to track 'origin/lsqmain'.
File 'bitbucket-pipelines.yml' exists in repo: crm_v2 on branch: lsqmain
************* Processing for branch: mainbranch *************
branch 'mainbranch' set up to track 'origin/mainbranch'.
File 'bitbucket-pipelines.yml' exists in repo: crm_v2 on branch: mainbranch
************* Processing for branch: marketing_migration *************
branch 'marketing_migration' set up to track 'origin/marketing_migration'.
File 'bitbucket-pipelines.yml' exists in repo: crm_v2 on branch: marketing_migration
************* Processing for branch: marketing_modification *************
branch 'marketing_modification' set up to track 'origin/marketing_modification'.
File 'bitbucket-pipelines.yml' exists in repo: crm_v2 on branch: marketing_modification
************* Processing for branch: mig *************
branch 'mig' set up to track 'origin/mig'.
File 'bitbucket-pipelines.yml' exists in repo: crm_v2 on branch: mig
************* Processing for branch: new_master *************
branch 'new_master' set up to track 'origin/new_master'.
File 'bitbucket-pipelines.yml' exists in repo: crm_v2 on branch: new_master
************* Processing for branch: prod_live_spark *************
branch 'prod_live_spark' set up to track 'origin/prod_live_spark'.
File 'bitbucket-pipelines.yml' exists in repo: crm_v2 on branch: prod_live_spark
************* Processing for branch: release_1.0 *************
branch 'release_1.0' set up to track 'origin/release_1.0'.
File 'bitbucket-pipelines.yml' exists in repo: crm_v2 on branch: release_1.0
************* Processing for branch: shaira_design_d2d *************
branch 'shaira_design_d2d' set up to track 'origin/shaira_design_d2d'.
File 'bitbucket-pipelines.yml' exists in repo: crm_v2 on branch: shaira_design_d2d
************* Processing for branch: shaira_design_srm *************
branch 'shaira_design_srm' set up to track 'origin/shaira_design_srm'.
File 'bitbucket-pipelines.yml' exists in repo: crm_v2 on branch: shaira_design_srm
************* Processing for branch: slack_notification *************
branch 'slack_notification' set up to track 'origin/slack_notification'.
File 'bitbucket-pipelines.yml' exists in repo: crm_v2 on branch: slack_notification
************* Processing for branch: srm *************
branch 'srm' set up to track 'origin/srm'.
File 'bitbucket-pipelines.yml' exists in repo: crm_v2 on branch: srm
************* Processing for branch: stage_spark *************
branch 'stage_spark' set up to track 'origin/stage_spark'.
File 'bitbucket-pipelines.yml' exists in repo: crm_v2 on branch: stage_spark
************* Processing for branch: v2_to_spark *************
branch 'v2_to_spark' set up to track 'origin/v2_to_spark'.
File 'bitbucket-pipelines.yml' exists in repo: crm_v2 on branch: v2_to_spark
************* Processing for branch: vijay_srm *************
branch 'vijay_srm' set up to track 'origin/vijay_srm'.
File 'bitbucket-pipelines.yml' exists in repo: crm_v2 on branch: vijay_srm
************* Processing for branch: vijay_srm_api *************
branch 'vijay_srm_api' set up to track 'origin/vijay_srm_api'.
File 'bitbucket-pipelines.yml' exists in repo: crm_v2 on branch: vijay_srm_api
Cleanup completed... for crm_v2
******************************-----------******************************
working on repo new_website ........ 
************* Processing for branch: Arm_Deployment *************
branch 'Arm_Deployment' set up to track 'origin/Arm_Deployment'.
File 'bitbucket-pipelines.yml' exists in repo: new_website on branch: Arm_Deployment
************* Processing for branch: Datatable *************
branch 'Datatable' set up to track 'origin/Datatable'.
File 'bitbucket-pipelines.yml' exists in repo: new_website on branch: Datatable
************* Processing for branch: Deployment_Main *************
branch 'Deployment_Main' set up to track 'origin/Deployment_Main'.
File 'bitbucket-pipelines.yml' exists in repo: new_website on branch: Deployment_Main
************* Processing for branch: Deployment_Paymentlink *************
branch 'Deployment_Paymentlink' set up to track 'origin/Deployment_Paymentlink'.
File 'bitbucket-pipelines.yml' exists in repo: new_website on branch: Deployment_Paymentlink
************* Processing for branch: Deployment_TE_Prod *************
branch 'Deployment_TE_Prod' set up to track 'origin/Deployment_TE_Prod'.
File 'bitbucket-pipelines.yml' exists in repo: new_website on branch: Deployment_TE_Prod
************* Processing for branch: Deployment_TE_Prod-4thMarch *************
branch 'Deployment_TE_Prod-4thMarch' set up to track 'origin/Deployment_TE_Prod-4thMarch'.
File 'bitbucket-pipelines.yml' exists in repo: new_website on branch: Deployment_TE_Prod-4thMarch
************* Processing for branch: Deployment_TE_Prod_22March2022 *************
branch 'Deployment_TE_Prod_22March2022' set up to track 'origin/Deployment_TE_Prod_22March2022'.
File 'bitbucket-pipelines.yml' exists in repo: new_website on branch: Deployment_TE_Prod_22March2022
************* Processing for branch: Main_Deployment *************
branch 'Main_Deployment' set up to track 'origin/Main_Deployment'.
File 'bitbucket-pipelines.yml' exists in repo: new_website on branch: Main_Deployment
************* Processing for branch: PAY_TE *************
branch 'PAY_TE' set up to track 'origin/PAY_TE'.
File 'bitbucket-pipelines.yml' exists in repo: new_website on branch: PAY_TE
************* Processing for branch: Ritesh_Alpha *************
branch 'Ritesh_Alpha' set up to track 'origin/Ritesh_Alpha'.
File 'bitbucket-pipelines.yml' exists in repo: new_website on branch: Ritesh_Alpha
************* Processing for branch: Ritesh_Deployment_TE_Prod *************
branch 'Ritesh_Deployment_TE_Prod' set up to track 'origin/Ritesh_Deployment_TE_Prod'.
File 'bitbucket-pipelines.yml' exists in repo: new_website on branch: Ritesh_Deployment_TE_Prod
************* Processing for branch: Ritesh_Main_Deployment *************
branch 'Ritesh_Main_Deployment' set up to track 'origin/Ritesh_Main_Deployment'.
File 'bitbucket-pipelines.yml' exists in repo: new_website on branch: Ritesh_Main_Deployment
************* Processing for branch: SMS_TE *************
branch 'SMS_TE' set up to track 'origin/SMS_TE'.
File 'bitbucket-pipelines.yml' exists in repo: new_website on branch: SMS_TE
************* Processing for branch: Sanjay_Main_Site_Changes *************
branch 'Sanjay_Main_Site_Changes' set up to track 'origin/Sanjay_Main_Site_Changes'.
File 'bitbucket-pipelines.yml' exists in repo: new_website on branch: Sanjay_Main_Site_Changes
************* Processing for branch: abandoned *************
branch 'abandoned' set up to track 'origin/abandoned'.
File 'bitbucket-pipelines.yml' exists in repo: new_website on branch: abandoned
************* Processing for branch: alpha-main *************
branch 'alpha-main' set up to track 'origin/alpha-main'.
File 'bitbucket-pipelines.yml' exists in repo: new_website on branch: alpha-main
************* Processing for branch: armdev *************
branch 'armdev' set up to track 'origin/armdev'.
File 'bitbucket-pipelines.yml' exists in repo: new_website on branch: armdev
************* Processing for branch: armpay *************
branch 'armpay' set up to track 'origin/armpay'.
File 'bitbucket-pipelines.yml' exists in repo: new_website on branch: armpay
************* Processing for branch: auto_logout *************
branch 'auto_logout' set up to track 'origin/auto_logout'.
File 'bitbucket-pipelines.yml' exists in repo: new_website on branch: auto_logout
************* Processing for branch: backup-15-09-2022 *************
branch 'backup-15-09-2022' set up to track 'origin/backup-15-09-2022'.
File 'bitbucket-pipelines.yml' exists in repo: new_website on branch: backup-15-09-2022
************* Processing for branch: backup-16-01-2023 *************
branch 'backup-16-01-2023' set up to track 'origin/backup-16-01-2023'.
File 'bitbucket-pipelines.yml' exists in repo: new_website on branch: backup-16-01-2023
************* Processing for branch: backup-16-09-2022 *************
branch 'backup-16-09-2022' set up to track 'origin/backup-16-09-2022'.
File 'bitbucket-pipelines.yml' exists in repo: new_website on branch: backup-16-09-2022
************* Processing for branch: backup-23jan23 *************
branch 'backup-23jan23' set up to track 'origin/backup-23jan23'.
File 'bitbucket-pipelines.yml' exists in repo: new_website on branch: backup-23jan23
************* Processing for branch: backup_17may_2022 *************
branch 'backup_17may_2022' set up to track 'origin/backup_17may_2022'.
File 'bitbucket-pipelines.yml' exists in repo: new_website on branch: backup_17may_2022
************* Processing for branch: batch_details_12_09_2022 *************
branch 'batch_details_12_09_2022' set up to track 'origin/batch_details_12_09_2022'.
File 'bitbucket-pipelines.yml' exists in repo: new_website on branch: batch_details_12_09_2022
************* Processing for branch: career *************
branch 'career' set up to track 'origin/career'.
File 'bitbucket-pipelines.yml' exists in repo: new_website on branch: career
************* Processing for branch: cdn_versioning_latest *************
branch 'cdn_versioning_latest' set up to track 'origin/cdn_versioning_latest'.
File 'bitbucket-pipelines.yml' exists in repo: new_website on branch: cdn_versioning_latest
************* Processing for branch: cdn_versoning *************
branch 'cdn_versoning' set up to track 'origin/cdn_versoning'.
File 'bitbucket-pipelines.yml' exists in repo: new_website on branch: cdn_versoning
************* Processing for branch: downloadbrouser *************
branch 'downloadbrouser' set up to track 'origin/downloadbrouser'.
File 'bitbucket-pipelines.yml' exists in repo: new_website on branch: downloadbrouser
************* Processing for branch: ecornell *************
branch 'ecornell' set up to track 'origin/ecornell'.
File 'bitbucket-pipelines.yml' exists in repo: new_website on branch: ecornell
************* Processing for branch: emi *************
branch 'emi' set up to track 'origin/emi'.
File 'bitbucket-pipelines.yml' exists in repo: new_website on branch: emi
************* Processing for branch: feature/grievance *************
branch 'feature/grievance' set up to track 'origin/feature/grievance'.
File 'bitbucket-pipelines.yml' exists in repo: new_website on branch: feature/grievance
************* Processing for branch: feature/liquiloan *************
branch 'feature/liquiloan' set up to track 'origin/feature/liquiloan'.
File 'bitbucket-pipelines.yml' exists in repo: new_website on branch: feature/liquiloan
************* Processing for branch: feature/website_pages *************
branch 'feature/website_pages' set up to track 'origin/feature/website_pages'.
File 'bitbucket-pipelines.yml' exists in repo: new_website on branch: feature/website_pages
************* Processing for branch: footerlink *************
branch 'footerlink' set up to track 'origin/footerlink'.
File 'bitbucket-pipelines.yml' exists in repo: new_website on branch: footerlink
************* Processing for branch: frontend *************
branch 'frontend' set up to track 'origin/frontend'.
File 'bitbucket-pipelines.yml' exists in repo: new_website on branch: frontend
************* Processing for branch: hotfix/new_payment *************
branch 'hotfix/new_payment' set up to track 'origin/hotfix/new_payment'.
File 'bitbucket-pipelines.yml' exists in repo: new_website on branch: hotfix/new_payment
************* Processing for branch: instalment *************
branch 'instalment' set up to track 'origin/instalment'.
File 'bitbucket-pipelines.yml' exists in repo: new_website on branch: instalment
************* Processing for branch: landing_pages *************
branch 'landing_pages' set up to track 'origin/landing_pages'.
File 'bitbucket-pipelines.yml' exists in repo: new_website on branch: landing_pages
************* Processing for branch: liquiloan_by_ritesh *************
branch 'liquiloan_by_ritesh' set up to track 'origin/liquiloan_by_ritesh'.
File 'bitbucket-pipelines.yml' exists in repo: new_website on branch: liquiloan_by_ritesh
************* Processing for branch: live_backup_01092022 *************
branch 'live_backup_01092022' set up to track 'origin/live_backup_01092022'.
File 'bitbucket-pipelines.yml' exists in repo: new_website on branch: live_backup_01092022
************* Processing for branch: local *************
branch 'local' set up to track 'origin/local'.
File 'bitbucket-pipelines.yml' exists in repo: new_website on branch: local
************* Processing for branch: local-staging *************
branch 'local-staging' set up to track 'origin/local-staging'.
File 'bitbucket-pipelines.yml' exists in repo: new_website on branch: local-staging
************* Processing for branch: lubu_local *************
branch 'lubu_local' set up to track 'origin/lubu_local'.
File 'bitbucket-pipelines.yml' exists in repo: new_website on branch: lubu_local
************* Processing for branch: maintenance *************
branch 'maintenance' set up to track 'origin/maintenance'.
File 'bitbucket-pipelines.yml' exists in repo: new_website on branch: maintenance
************* Processing for branch: migrate_batch_course_master *************
Your branch is up to date with 'origin/migrate_batch_course_master'.
File 'bitbucket-pipelines.yml' exists in repo: new_website on branch: migrate_batch_course_master
************* Processing for branch: multiple_database_connectivity *************
branch 'multiple_database_connectivity' set up to track 'origin/multiple_database_connectivity'.
File 'bitbucket-pipelines.yml' exists in repo: new_website on branch: multiple_database_connectivity
************* Processing for branch: new_homepage *************
branch 'new_homepage' set up to track 'origin/new_homepage'.
File 'bitbucket-pipelines.yml' exists in repo: new_website on branch: new_homepage
************* Processing for branch: payment_getway_ccavanue *************
branch 'payment_getway_ccavanue' set up to track 'origin/payment_getway_ccavanue'.
File 'bitbucket-pipelines.yml' exists in repo: new_website on branch: payment_getway_ccavanue
************* Processing for branch: paymentgateway_check *************
branch 'paymentgateway_check' set up to track 'origin/paymentgateway_check'.
File 'bitbucket-pipelines.yml' exists in repo: new_website on branch: paymentgateway_check
************* Processing for branch: paymentlink *************
branch 'paymentlink' set up to track 'origin/paymentlink'.
File 'bitbucket-pipelines.yml' exists in repo: new_website on branch: paymentlink
************* Processing for branch: popupform *************
branch 'popupform' set up to track 'origin/popupform'.
File 'bitbucket-pipelines.yml' exists in repo: new_website on branch: popupform
************* Processing for branch: quickfix *************
branch 'quickfix' set up to track 'origin/quickfix'.
File 'bitbucket-pipelines.yml' exists in repo: new_website on branch: quickfix
************* Processing for branch: redirect_url *************
branch 'redirect_url' set up to track 'origin/redirect_url'.
File 'bitbucket-pipelines.yml' exists in repo: new_website on branch: redirect_url
************* Processing for branch: referal *************
branch 'referal' set up to track 'origin/referal'.
File 'bitbucket-pipelines.yml' exists in repo: new_website on branch: referal
************* Processing for branch: report-download *************
branch 'report-download' set up to track 'origin/report-download'.
File 'bitbucket-pipelines.yml' exists in repo: new_website on branch: report-download
************* Processing for branch: s3_implementation *************
branch 's3_implementation' set up to track 'origin/s3_implementation'.
File 'bitbucket-pipelines.yml' exists in repo: new_website on branch: s3_implementation
************* Processing for branch: scheduler_cron *************
branch 'scheduler_cron' set up to track 'origin/scheduler_cron'.
File 'bitbucket-pipelines.yml' exists in repo: new_website on branch: scheduler_cron
************* Processing for branch: seopages *************
branch 'seopages' set up to track 'origin/seopages'.
File 'bitbucket-pipelines.yml' exists in repo: new_website on branch: seopages
************* Processing for branch: srm_student_dashboard *************
branch 'srm_student_dashboard' set up to track 'origin/srm_student_dashboard'.
File 'bitbucket-pipelines.yml' exists in repo: new_website on branch: srm_student_dashboard
************* Processing for branch: student_application_14_09_2022 *************
branch 'student_application_14_09_2022' set up to track 'origin/student_application_14_09_2022'.
File 'bitbucket-pipelines.yml' exists in repo: new_website on branch: student_application_14_09_2022
************* Processing for branch: t_local *************
branch 't_local' set up to track 'origin/t_local'.
File 'bitbucket-pipelines.yml' exists in repo: new_website on branch: t_local
************* Processing for branch: talentedge_stage *************
branch 'talentedge_stage' set up to track 'origin/talentedge_stage'.
File 'bitbucket-pipelines.yml' exists in repo: new_website on branch: talentedge_stage
************* Processing for branch: te_local *************
branch 'te_local' set up to track 'origin/te_local'.
File 'bitbucket-pipelines.yml' exists in repo: new_website on branch: te_local
************* Processing for branch: testimonial *************
branch 'testimonial' set up to track 'origin/testimonial'.
File 'bitbucket-pipelines.yml' exists in repo: new_website on branch: testimonial
************* Processing for branch: update_receipt *************
branch 'update_receipt' set up to track 'origin/update_receipt'.
File 'bitbucket-pipelines.yml' exists in repo: new_website on branch: update_receipt
************* Processing for branch: upgrade_redirect *************
branch 'upgrade_redirect' set up to track 'origin/upgrade_redirect'.
File 'bitbucket-pipelines.yml' exists in repo: new_website on branch: upgrade_redirect
************* Processing for branch: website_design *************
branch 'website_design' set up to track 'origin/website_design'.
File 'bitbucket-pipelines.yml' exists in repo: new_website on branch: website_design
************* Processing for branch: xlr *************
branch 'xlr' set up to track 'origin/xlr'.
File 'bitbucket-pipelines.yml' exists in repo: new_website on branch: xlr
Cleanup completed... for new_website
******************************-----------******************************
working on repo wp_website ........ 
************* Processing for branch: TEW-14 *************
branch 'TEW-14' set up to track 'origin/TEW-14'.
File 'bitbucket-pipelines.yml' exists in repo: wp_website on branch: TEW-14
************* Processing for branch: changetocom *************
branch 'changetocom' set up to track 'origin/changetocom'.
File 'bitbucket-pipelines.yml' exists in repo: wp_website on branch: changetocom
************* Processing for branch: demo_talentedge *************
branch 'demo_talentedge' set up to track 'origin/demo_talentedge'.
File 'bitbucket-pipelines.yml' exists in repo: wp_website on branch: demo_talentedge
************* Processing for branch: demotalentedge *************
branch 'demotalentedge' set up to track 'origin/demotalentedge'.
File 'bitbucket-pipelines.yml' exists in repo: wp_website on branch: demotalentedge
************* Processing for branch: master_in *************
branch 'master_in' set up to track 'origin/master_in'.
File 'bitbucket-pipelines.yml' exists in repo: wp_website on branch: master_in
************* Processing for branch: staging *************
branch 'staging' set up to track 'origin/staging'.
File 'bitbucket-pipelines.yml' exists in repo: wp_website on branch: staging
************* Processing for branch: talentedge_com *************
branch 'talentedge_com' set up to track 'origin/talentedge_com'.
File 'bitbucket-pipelines.yml' exists in repo: wp_website on branch: talentedge_com
************* Processing for branch: unified_api *************
branch 'unified_api' set up to track 'origin/unified_api'.
File 'bitbucket-pipelines.yml' exists in repo: wp_website on branch: unified_api
Cleanup completed... for wp_website
******************************-----------******************************
working on repo recording_server ........ 
************* Processing for branch: feature/mail_integration *************
branch 'feature/mail_integration' set up to track 'origin/feature/mail_integration'.
File 'bitbucket-pipelines.yml' exists in repo: recording_server on branch: feature/mail_integration
************* Processing for branch: feature/optimizations *************
Your branch is up to date with 'origin/feature/optimizations'.
File 'bitbucket-pipelines.yml' exists in repo: recording_server on branch: feature/optimizations
************* Processing for branch: staging *************
branch 'staging' set up to track 'origin/staging'.
File 'bitbucket-pipelines.yml' exists in repo: recording_server on branch: staging
Cleanup completed... for recording_server
******************************-----------******************************
working on repo mgr-laravel ........ 
Cleanup completed... for mgr-laravel
******************************-----------******************************
working on repo crm_production ........ 
************* Processing for branch: abc1512021 *************
branch 'abc1512021' set up to track 'origin/abc1512021'.
File 'bitbucket-pipelines.yml' exists in repo: crm_production on branch: abc1512021
************* Processing for branch: bhaya25112021 *************
branch 'bhaya25112021' set up to track 'origin/bhaya25112021'.
File 'bitbucket-pipelines.yml' exists in repo: crm_production on branch: bhaya25112021
************* Processing for branch: bky *************
branch 'bky' set up to track 'origin/bky'.
File 'bitbucket-pipelines.yml' exists in repo: crm_production on branch: bky
************* Processing for branch: dnaventuresVendor *************
branch 'dnaventuresVendor' set up to track 'origin/dnaventuresVendor'.
File 'bitbucket-pipelines.yml' exists in repo: crm_production on branch: dnaventuresVendor
************* Processing for branch: emailconfigSES *************
branch 'emailconfigSES' set up to track 'origin/emailconfigSES'.
File 'bitbucket-pipelines.yml' exists in repo: crm_production on branch: emailconfigSES
************* Processing for branch: lead_status_check *************
branch 'lead_status_check' set up to track 'origin/lead_status_check'.
File 'bitbucket-pipelines.yml' exists in repo: crm_production on branch: lead_status_check
************* Processing for branch: leads_reports *************
branch 'leads_reports' set up to track 'origin/leads_reports'.
File 'bitbucket-pipelines.yml' exists in repo: crm_production on branch: leads_reports
************* Processing for branch: local_production *************
branch 'local_production' set up to track 'origin/local_production'.
File 'bitbucket-pipelines.yml' exists in repo: crm_production on branch: local_production
************* Processing for branch: main_branch *************
branch 'main_branch' set up to track 'origin/main_branch'.
File 'bitbucket-pipelines.yml' exists in repo: crm_production on branch: main_branch
************* Processing for branch: numberCorrection *************
branch 'numberCorrection' set up to track 'origin/numberCorrection'.
File 'bitbucket-pipelines.yml' exists in repo: crm_production on branch: numberCorrection
************* Processing for branch: production_main *************
Your branch is up to date with 'origin/production_main'.
File 'bitbucket-pipelines.yml' exists in repo: crm_production on branch: production_main
************* Processing for branch: reenquired_conn *************
branch 'reenquired_conn' set up to track 'origin/reenquired_conn'.
File 'bitbucket-pipelines.yml' exists in repo: crm_production on branch: reenquired_conn
************* Processing for branch: sap-api *************
branch 'sap-api' set up to track 'origin/sap-api'.
File 'bitbucket-pipelines.yml' exists in repo: crm_production on branch: sap-api
************* Processing for branch: sendemail *************
branch 'sendemail' set up to track 'origin/sendemail'.
File 'bitbucket-pipelines.yml' exists in repo: crm_production on branch: sendemail
************* Processing for branch: staging_04122021 *************
branch 'staging_04122021' set up to track 'origin/staging_04122021'.
File 'bitbucket-pipelines.yml' exists in repo: crm_production on branch: staging_04122021
************* Processing for branch: test19012022 *************
branch 'test19012022' set up to track 'origin/test19012022'.
File 'bitbucket-pipelines.yml' exists in repo: crm_production on branch: test19012022
************* Processing for branch: test22112021 *************
branch 'test22112021' set up to track 'origin/test22112021'.
File 'bitbucket-pipelines.yml' exists in repo: crm_production on branch: test22112021
************* Processing for branch: vender_dashboard_17032021 *************
branch 'vender_dashboard_17032021' set up to track 'origin/vender_dashboard_17032021'.
File 'bitbucket-pipelines.yml' exists in repo: crm_production on branch: vender_dashboard_17032021
************* Processing for branch: vendor09032022 *************
branch 'vendor09032022' set up to track 'origin/vendor09032022'.
File 'bitbucket-pipelines.yml' exists in repo: crm_production on branch: vendor09032022
************* Processing for branch: vendorcreate *************
branch 'vendorcreate' set up to track 'origin/vendorcreate'.
File 'bitbucket-pipelines.yml' exists in repo: crm_production on branch: vendorcreate
Cleanup completed... for crm_production
******************************-----------******************************
working on repo Ciel_Els ........ 
************* Processing for branch: academy_dev *************
M	app/Vendor/Facebook/Facebook.php
M	app/webroot/img/Loader.gif
branch 'academy_dev' set up to track 'origin/academy_dev'.
File 'bitbucket-pipelines.yml' exists in repo: Ciel_Els on branch: academy_dev
************* Processing for branch: academy_master *************
M	app/Vendor/Facebook/Facebook.php
M	app/webroot/img/Loader.gif
branch 'academy_master' set up to track 'origin/academy_master'.
File 'bitbucket-pipelines.yml' exists in repo: Ciel_Els on branch: academy_master
************* Processing for branch: brit_dev *************
M	app/Vendor/Facebook/Facebook.php
M	app/webroot/img/Loader.gif
branch 'brit_dev' set up to track 'origin/brit_dev'.
File 'bitbucket-pipelines.yml' exists in repo: Ciel_Els on branch: brit_dev
************* Processing for branch: brit_dev_animated *************
M	app/Vendor/Facebook/Facebook.php
M	app/webroot/img/Loader.gif
branch 'brit_dev_animated' set up to track 'origin/brit_dev_animated'.
File 'bitbucket-pipelines.yml' exists in repo: Ciel_Els on branch: brit_dev_animated
************* Processing for branch: brit_master *************
M	app/Vendor/Facebook/Facebook.php
M	app/webroot/img/Loader.gif
branch 'brit_master' set up to track 'origin/brit_master'.
File 'bitbucket-pipelines.yml' exists in repo: Ciel_Els on branch: brit_master
************* Processing for branch: capita_dev *************
M	app/Vendor/Facebook/Facebook.php
M	app/webroot/img/Loader.gif
branch 'capita_dev' set up to track 'origin/capita_dev'.
File 'bitbucket-pipelines.yml' exists in repo: Ciel_Els on branch: capita_dev
************* Processing for branch: capita_master *************
M	app/Vendor/Facebook/Facebook.php
M	app/webroot/images/courses-ai-icon-IT.png
M	app/webroot/img/Loader.gif
branch 'capita_master' set up to track 'origin/capita_master'.
File 'bitbucket-pipelines.yml' exists in repo: Ciel_Els on branch: capita_master
************* Processing for branch: conf_dev *************
File 'bitbucket-pipelines.yml' exists in repo: Ciel_Els on branch: conf_dev
************* Processing for branch: conf_master *************
File 'bitbucket-pipelines.yml' exists in repo: Ciel_Els on branch: conf_master
************* Processing for branch: conneqt_dev *************
M	app/Vendor/Facebook/Facebook.php
M	app/webroot/images/courses-ai-icon-IT.png
M	app/webroot/img/Loader.gif
branch 'conneqt_dev' set up to track 'origin/conneqt_dev'.
File 'bitbucket-pipelines.yml' exists in repo: Ciel_Els on branch: conneqt_dev
************* Processing for branch: conneqt_master *************
M	app/Vendor/Facebook/Facebook.php
M	app/webroot/images/courses-ai-icon-IT.png
M	app/webroot/img/Loader.gif
branch 'conneqt_master' set up to track 'origin/conneqt_master'.
File 'bitbucket-pipelines.yml' exists in repo: Ciel_Els on branch: conneqt_master
************* Processing for branch: ctrix_dev *************
File 'bitbucket-pipelines.yml' exists in repo: Ciel_Els on branch: ctrix_dev
************* Processing for branch: ctrix_master *************
File 'bitbucket-pipelines.yml' exists in repo: Ciel_Els on branch: ctrix_master
************* Processing for branch: development *************
File 'bitbucket-pipelines.yml' exists in repo: Ciel_Els on branch: development
************* Processing for branch: edel_master *************
File 'bitbucket-pipelines.yml' exists in repo: Ciel_Els on branch: edel_master
************* Processing for branch: everest_dev *************
File 'bitbucket-pipelines.yml' exists in repo: Ciel_Els on branch: everest_dev
************* Processing for branch: everest_dev_new *************
File 'bitbucket-pipelines.yml' exists in repo: Ciel_Els on branch: everest_dev_new
************* Processing for branch: everest_master *************
File 'bitbucket-pipelines.yml' exists in repo: Ciel_Els on branch: everest_master
************* Processing for branch: hcah_dev *************
File 'bitbucket-pipelines.yml' exists in repo: Ciel_Els on branch: hcah_dev
************* Processing for branch: hcah_master *************
File 'bitbucket-pipelines.yml' exists in repo: Ciel_Els on branch: hcah_master
************* Processing for branch: hono_dev *************
File 'bitbucket-pipelines.yml' exists in repo: Ciel_Els on branch: hono_dev
************* Processing for branch: iocl_master *************
File 'bitbucket-pipelines.yml' exists in repo: Ciel_Els on branch: iocl_master
************* Processing for branch: khande2n-patch-1 *************
File 'bitbucket-pipelines.yml' exists in repo: Ciel_Els on branch: khande2n-patch-1
************* Processing for branch: kia_dev *************
File 'bitbucket-pipelines.yml' exists in repo: Ciel_Els on branch: kia_dev
************* Processing for branch: kia_ios_login *************
File 'bitbucket-pipelines.yml' exists in repo: Ciel_Els on branch: kia_ios_login
************* Processing for branch: kia_master *************
File 'bitbucket-pipelines.yml' exists in repo: Ciel_Els on branch: kia_master
************* Processing for branch: kia_theme_new *************
File 'bitbucket-pipelines.yml' exists in repo: Ciel_Els on branch: kia_theme_new
************* Processing for branch: klu *************
File 'bitbucket-pipelines.yml' exists in repo: Ciel_Els on branch: klu
************* Processing for branch: live_class_api *************
File 'bitbucket-pipelines.yml' exists in repo: Ciel_Els on branch: live_class_api
************* Processing for branch: omega_dev *************
M	app/Vendor/Facebook/Facebook.php
M	app/webroot/images/courses-ai-icon-IT.png
M	app/webroot/img/Loader.gif
branch 'omega_dev' set up to track 'origin/omega_dev'.
File 'bitbucket-pipelines.yml' exists in repo: Ciel_Els on branch: omega_dev
************* Processing for branch: omega_master *************
M	app/Vendor/Facebook/Facebook.php
M	app/webroot/images/courses-ai-icon-IT.png
M	app/webroot/img/Loader.gif
branch 'omega_master' set up to track 'origin/omega_master'.
File 'bitbucket-pipelines.yml' exists in repo: Ciel_Els on branch: omega_master
************* Processing for branch: perfetti_dev *************
File 'bitbucket-pipelines.yml' exists in repo: Ciel_Els on branch: perfetti_dev
************* Processing for branch: perfetti_master *************
File 'bitbucket-pipelines.yml' exists in repo: Ciel_Els on branch: perfetti_master
************* Processing for branch: philips_dev *************
File 'bitbucket-pipelines.yml' exists in repo: Ciel_Els on branch: philips_dev
************* Processing for branch: philips_master *************
File 'bitbucket-pipelines.yml' exists in repo: Ciel_Els on branch: philips_master
************* Processing for branch: revert-372-everest_dev_new *************
File 'bitbucket-pipelines.yml' exists in repo: Ciel_Els on branch: revert-372-everest_dev_new
************* Processing for branch: shrm_dev *************
File 'bitbucket-pipelines.yml' exists in repo: Ciel_Els on branch: shrm_dev
************* Processing for branch: shrm_master *************
File 'bitbucket-pipelines.yml' exists in repo: Ciel_Els on branch: shrm_master
************* Processing for branch: spj_dev *************
File 'bitbucket-pipelines.yml' exists in repo: Ciel_Els on branch: spj_dev
************* Processing for branch: spj_master *************
File 'bitbucket-pipelines.yml' exists in repo: Ciel_Els on branch: spj_master
************* Processing for branch: toc_player *************
File 'bitbucket-pipelines.yml' exists in repo: Ciel_Els on branch: toc_player
************* Processing for branch: ustglobal_dev *************
File 'bitbucket-pipelines.yml' exists in repo: Ciel_Els on branch: ustglobal_dev
************* Processing for branch: ustglobal_master *************
File 'bitbucket-pipelines.yml' exists in repo: Ciel_Els on branch: ustglobal_master
************* Processing for branch: valms_dev *************
File 'bitbucket-pipelines.yml' exists in repo: Ciel_Els on branch: valms_dev
************* Processing for branch: xlri_dev *************
File 'bitbucket-pipelines.yml' exists in repo: Ciel_Els on branch: xlri_dev
************* Processing for branch: xlri_master *************
File 'bitbucket-pipelines.yml' exists in repo: Ciel_Els on branch: xlri_master
Cleanup completed... for Ciel_Els
******************************-----------******************************
working on repo virtualclass ........ 
************* Processing for branch: development *************
branch 'development' set up to track 'origin/development'.
File 'bitbucket-pipelines.yml' exists in repo: virtualclass on branch: development
************* Processing for branch: feature-headless-recording *************
branch 'feature-headless-recording' set up to track 'origin/feature-headless-recording'.
File 'bitbucket-pipelines.yml' exists in repo: virtualclass on branch: feature-headless-recording
************* Processing for branch: janus-inegration *************
branch 'janus-inegration' set up to track 'origin/janus-inegration'.
File 'bitbucket-pipelines.yml' exists in repo: virtualclass on branch: janus-inegration
************* Processing for branch: staging *************
branch 'staging' set up to track 'origin/staging'.
File 'bitbucket-pipelines.yml' exists in repo: virtualclass on branch: staging
************* Processing for branch: studio-view *************
branch 'studio-view' set up to track 'origin/studio-view'.
File 'bitbucket-pipelines.yml' exists in repo: virtualclass on branch: studio-view
Cleanup completed... for virtualclass
******************************-----------******************************
working on repo ELS ........ 
************* Processing for branch: development *************
branch 'development' set up to track 'origin/development'.
File 'bitbucket-pipelines.yml' exists in repo: ELS on branch: development
************* Processing for branch: els_newdesign *************
branch 'els_newdesign' set up to track 'origin/els_newdesign'.
File 'bitbucket-pipelines.yml' exists in repo: ELS on branch: els_newdesign
************* Processing for branch: els_training *************
M	app/Vendor/Facebook/facebook.php
branch 'els_training' set up to track 'origin/els_training'.
File 'bitbucket-pipelines.yml' exists in repo: ELS on branch: els_training
************* Processing for branch: feature-lc-api *************
branch 'feature-lc-api' set up to track 'origin/feature-lc-api'.
File 'bitbucket-pipelines.yml' exists in repo: ELS on branch: feature-lc-api
************* Processing for branch: old-development *************
branch 'old-development' set up to track 'origin/old-development'.
File 'bitbucket-pipelines.yml' exists in repo: ELS on branch: old-development
************* Processing for branch: spectraverse *************
branch 'spectraverse' set up to track 'origin/spectraverse'.
File 'bitbucket-pipelines.yml' exists in repo: ELS on branch: spectraverse
************* Processing for branch: spectraverse_dev *************
branch 'spectraverse_dev' set up to track 'origin/spectraverse_dev'.
File 'bitbucket-pipelines.yml' exists in repo: ELS on branch: spectraverse_dev
Cleanup completed... for ELS
******************************-----------******************************
working on repo cieu ........ 
************* Processing for branch: bhag17022021 *************
branch 'bhag17022021' set up to track 'origin/bhag17022021'.
File 'bitbucket-pipelines.yml' exists in repo: cieu on branch: bhag17022021
Cleanup completed... for cieu
******************************-----------******************************
working on repo PVR ........ 
************* Processing for branch: development *************
M	app/Vendor/Facebook/Facebook.php
M	app/webroot/img/Loader.gif
branch 'development' set up to track 'origin/development'.
File 'bitbucket-pipelines.yml' exists in repo: PVR on branch: development
************* Processing for branch: optimize *************
M	app/Vendor/Facebook/Facebook.php
M	app/webroot/img/Loader.gif
branch 'optimize' set up to track 'origin/optimize'.
File 'bitbucket-pipelines.yml' exists in repo: PVR on branch: optimize
************* Processing for branch: revamp *************
M	app/Vendor/Facebook/Facebook.php
M	app/webroot/img/Loader.gif
branch 'revamp' set up to track 'origin/revamp'.
File 'bitbucket-pipelines.yml' exists in repo: PVR on branch: revamp
************* Processing for branch: survey *************
M	app/Vendor/Facebook/Facebook.php
D	app/webroot/img/Loader.gif
branch 'survey' set up to track 'origin/survey'.
File 'bitbucket-pipelines.yml' exists in repo: PVR on branch: survey
Cleanup completed... for PVR
******************************-----------******************************
working on repo talentedge-CRM-Pune ........ 
************* Processing for branch: 12oct *************
branch '12oct' set up to track 'origin/12oct'.
File 'bitbucket-pipelines.yml' exists in repo: talentedge-CRM-Pune on branch: 12oct
************* Processing for branch: 19sep *************
branch '19sep' set up to track 'origin/19sep'.
File 'bitbucket-pipelines.yml' exists in repo: talentedge-CRM-Pune on branch: 19sep
************* Processing for branch: 2oct *************
branch '2oct' set up to track 'origin/2oct'.
File 'bitbucket-pipelines.yml' exists in repo: talentedge-CRM-Pune on branch: 2oct
************* Processing for branch: Dashboard *************
branch 'Dashboard' set up to track 'origin/Dashboard'.
File 'bitbucket-pipelines.yml' exists in repo: talentedge-CRM-Pune on branch: Dashboard
************* Processing for branch: HUB1API03FEB *************
branch 'HUB1API03FEB' set up to track 'origin/HUB1API03FEB'.
File 'bitbucket-pipelines.yml' exists in repo: talentedge-CRM-Pune on branch: HUB1API03FEB
************* Processing for branch: ODC-DASHBOARD *************
branch 'ODC-DASHBOARD' set up to track 'origin/ODC-DASHBOARD'.
File 'bitbucket-pipelines.yml' exists in repo: talentedge-CRM-Pune on branch: ODC-DASHBOARD
************* Processing for branch: ODCS-100 *************
branch 'ODCS-100' set up to track 'origin/ODCS-100'.
File 'bitbucket-pipelines.yml' exists in repo: talentedge-CRM-Pune on branch: ODCS-100
************* Processing for branch: ODCS-106 *************
branch 'ODCS-106' set up to track 'origin/ODCS-106'.
File 'bitbucket-pipelines.yml' exists in repo: talentedge-CRM-Pune on branch: ODCS-106
************* Processing for branch: ODCS-110 *************
branch 'ODCS-110' set up to track 'origin/ODCS-110'.
File 'bitbucket-pipelines.yml' exists in repo: talentedge-CRM-Pune on branch: ODCS-110
************* Processing for branch: ODCS-111 *************
branch 'ODCS-111' set up to track 'origin/ODCS-111'.
File 'bitbucket-pipelines.yml' exists in repo: talentedge-CRM-Pune on branch: ODCS-111
************* Processing for branch: ODCS-112 *************
branch 'ODCS-112' set up to track 'origin/ODCS-112'.
File 'bitbucket-pipelines.yml' exists in repo: talentedge-CRM-Pune on branch: ODCS-112
************* Processing for branch: ODCS-117 *************
branch 'ODCS-117' set up to track 'origin/ODCS-117'.
File 'bitbucket-pipelines.yml' exists in repo: talentedge-CRM-Pune on branch: ODCS-117
************* Processing for branch: ODCS-123 *************
branch 'ODCS-123' set up to track 'origin/ODCS-123'.
File 'bitbucket-pipelines.yml' exists in repo: talentedge-CRM-Pune on branch: ODCS-123
************* Processing for branch: ODCS-135 *************
branch 'ODCS-135' set up to track 'origin/ODCS-135'.
File 'bitbucket-pipelines.yml' exists in repo: talentedge-CRM-Pune on branch: ODCS-135
************* Processing for branch: ODCS-138 *************
branch 'ODCS-138' set up to track 'origin/ODCS-138'.
File 'bitbucket-pipelines.yml' exists in repo: talentedge-CRM-Pune on branch: ODCS-138
************* Processing for branch: ODCS-142 *************
branch 'ODCS-142' set up to track 'origin/ODCS-142'.
File 'bitbucket-pipelines.yml' exists in repo: talentedge-CRM-Pune on branch: ODCS-142
************* Processing for branch: ODCS-144 *************
branch 'ODCS-144' set up to track 'origin/ODCS-144'.
File 'bitbucket-pipelines.yml' exists in repo: talentedge-CRM-Pune on branch: ODCS-144
************* Processing for branch: ODCS-145 *************
branch 'ODCS-145' set up to track 'origin/ODCS-145'.
File 'bitbucket-pipelines.yml' exists in repo: talentedge-CRM-Pune on branch: ODCS-145
************* Processing for branch: ODCS-145d *************
branch 'ODCS-145d' set up to track 'origin/ODCS-145d'.
File 'bitbucket-pipelines.yml' exists in repo: talentedge-CRM-Pune on branch: ODCS-145d
************* Processing for branch: ODCS-156 *************
branch 'ODCS-156' set up to track 'origin/ODCS-156'.
File 'bitbucket-pipelines.yml' exists in repo: talentedge-CRM-Pune on branch: ODCS-156
************* Processing for branch: ODCS-158 *************
branch 'ODCS-158' set up to track 'origin/ODCS-158'.
File 'bitbucket-pipelines.yml' exists in repo: talentedge-CRM-Pune on branch: ODCS-158
************* Processing for branch: ODCS-159 *************
branch 'ODCS-159' set up to track 'origin/ODCS-159'.
File 'bitbucket-pipelines.yml' exists in repo: talentedge-CRM-Pune on branch: ODCS-159
************* Processing for branch: ODCS-160 *************
branch 'ODCS-160' set up to track 'origin/ODCS-160'.
File 'bitbucket-pipelines.yml' exists in repo: talentedge-CRM-Pune on branch: ODCS-160
************* Processing for branch: ODCS-163 *************
branch 'ODCS-163' set up to track 'origin/ODCS-163'.
File 'bitbucket-pipelines.yml' exists in repo: talentedge-CRM-Pune on branch: ODCS-163
************* Processing for branch: ODCS-164 *************
branch 'ODCS-164' set up to track 'origin/ODCS-164'.
File 'bitbucket-pipelines.yml' exists in repo: talentedge-CRM-Pune on branch: ODCS-164
************* Processing for branch: ODCS-165 *************
branch 'ODCS-165' set up to track 'origin/ODCS-165'.
File 'bitbucket-pipelines.yml' exists in repo: talentedge-CRM-Pune on branch: ODCS-165
************* Processing for branch: ODCS-167 *************
branch 'ODCS-167' set up to track 'origin/ODCS-167'.
File 'bitbucket-pipelines.yml' exists in repo: talentedge-CRM-Pune on branch: ODCS-167
************* Processing for branch: ODCS-172 *************
branch 'ODCS-172' set up to track 'origin/ODCS-172'.
File 'bitbucket-pipelines.yml' exists in repo: talentedge-CRM-Pune on branch: ODCS-172
************* Processing for branch: ODCS-173 *************
branch 'ODCS-173' set up to track 'origin/ODCS-173'.
File 'bitbucket-pipelines.yml' exists in repo: talentedge-CRM-Pune on branch: ODCS-173
************* Processing for branch: ODCS-174 *************
branch 'ODCS-174' set up to track 'origin/ODCS-174'.
File 'bitbucket-pipelines.yml' exists in repo: talentedge-CRM-Pune on branch: ODCS-174
************* Processing for branch: ODCS-175 *************
branch 'ODCS-175' set up to track 'origin/ODCS-175'.
File 'bitbucket-pipelines.yml' exists in repo: talentedge-CRM-Pune on branch: ODCS-175
************* Processing for branch: ODCS-176 *************
branch 'ODCS-176' set up to track 'origin/ODCS-176'.
File 'bitbucket-pipelines.yml' exists in repo: talentedge-CRM-Pune on branch: ODCS-176
************* Processing for branch: ODCS-179 *************
branch 'ODCS-179' set up to track 'origin/ODCS-179'.
File 'bitbucket-pipelines.yml' exists in repo: talentedge-CRM-Pune on branch: ODCS-179
************* Processing for branch: ODCS-181 *************
branch 'ODCS-181' set up to track 'origin/ODCS-181'.
File 'bitbucket-pipelines.yml' exists in repo: talentedge-CRM-Pune on branch: ODCS-181
************* Processing for branch: ODCS-185 *************
branch 'ODCS-185' set up to track 'origin/ODCS-185'.
File 'bitbucket-pipelines.yml' exists in repo: talentedge-CRM-Pune on branch: ODCS-185
************* Processing for branch: ODCS-187 *************
branch 'ODCS-187' set up to track 'origin/ODCS-187'.
File 'bitbucket-pipelines.yml' exists in repo: talentedge-CRM-Pune on branch: ODCS-187
************* Processing for branch: ODCS-188 *************
branch 'ODCS-188' set up to track 'origin/ODCS-188'.
File 'bitbucket-pipelines.yml' exists in repo: talentedge-CRM-Pune on branch: ODCS-188
************* Processing for branch: ODCS-19 *************
branch 'ODCS-19' set up to track 'origin/ODCS-19'.
File 'bitbucket-pipelines.yml' exists in repo: talentedge-CRM-Pune on branch: ODCS-19
************* Processing for branch: ODCS-197 *************
branch 'ODCS-197' set up to track 'origin/ODCS-197'.
File 'bitbucket-pipelines.yml' exists in repo: talentedge-CRM-Pune on branch: ODCS-197
************* Processing for branch: ODCS-199 *************
branch 'ODCS-199' set up to track 'origin/ODCS-199'.
File 'bitbucket-pipelines.yml' exists in repo: talentedge-CRM-Pune on branch: ODCS-199
************* Processing for branch: ODCS-201 *************
branch 'ODCS-201' set up to track 'origin/ODCS-201'.
File 'bitbucket-pipelines.yml' exists in repo: talentedge-CRM-Pune on branch: ODCS-201
************* Processing for branch: ODCS-202 *************
branch 'ODCS-202' set up to track 'origin/ODCS-202'.
File 'bitbucket-pipelines.yml' exists in repo: talentedge-CRM-Pune on branch: ODCS-202
************* Processing for branch: ODCS-205 *************
branch 'ODCS-205' set up to track 'origin/ODCS-205'.
File 'bitbucket-pipelines.yml' exists in repo: talentedge-CRM-Pune on branch: ODCS-205
************* Processing for branch: ODCS-206 *************
branch 'ODCS-206' set up to track 'origin/ODCS-206'.
File 'bitbucket-pipelines.yml' exists in repo: talentedge-CRM-Pune on branch: ODCS-206
************* Processing for branch: ODCS-208 *************
branch 'ODCS-208' set up to track 'origin/ODCS-208'.
File 'bitbucket-pipelines.yml' exists in repo: talentedge-CRM-Pune on branch: ODCS-208
************* Processing for branch: ODCS-21 *************
branch 'ODCS-21' set up to track 'origin/ODCS-21'.
File 'bitbucket-pipelines.yml' exists in repo: talentedge-CRM-Pune on branch: ODCS-21
************* Processing for branch: ODCS-214 *************
branch 'ODCS-214' set up to track 'origin/ODCS-214'.
File 'bitbucket-pipelines.yml' exists in repo: talentedge-CRM-Pune on branch: ODCS-214
************* Processing for branch: ODCS-221 *************
branch 'ODCS-221' set up to track 'origin/ODCS-221'.
File 'bitbucket-pipelines.yml' exists in repo: talentedge-CRM-Pune on branch: ODCS-221
************* Processing for branch: ODCS-222 *************
branch 'ODCS-222' set up to track 'origin/ODCS-222'.
File 'bitbucket-pipelines.yml' exists in repo: talentedge-CRM-Pune on branch: ODCS-222
************* Processing for branch: ODCS-224 *************
branch 'ODCS-224' set up to track 'origin/ODCS-224'.
File 'bitbucket-pipelines.yml' exists in repo: talentedge-CRM-Pune on branch: ODCS-224
************* Processing for branch: ODCS-225 *************
branch 'ODCS-225' set up to track 'origin/ODCS-225'.
File 'bitbucket-pipelines.yml' exists in repo: talentedge-CRM-Pune on branch: ODCS-225
************* Processing for branch: ODCS-235 *************
branch 'ODCS-235' set up to track 'origin/ODCS-235'.
File 'bitbucket-pipelines.yml' exists in repo: talentedge-CRM-Pune on branch: ODCS-235
************* Processing for branch: ODCS-238 *************
branch 'ODCS-238' set up to track 'origin/ODCS-238'.
File 'bitbucket-pipelines.yml' exists in repo: talentedge-CRM-Pune on branch: ODCS-238
************* Processing for branch: ODCS-240 *************
branch 'ODCS-240' set up to track 'origin/ODCS-240'.
File 'bitbucket-pipelines.yml' exists in repo: talentedge-CRM-Pune on branch: ODCS-240
************* Processing for branch: ODCS-241 *************
branch 'ODCS-241' set up to track 'origin/ODCS-241'.
File 'bitbucket-pipelines.yml' exists in repo: talentedge-CRM-Pune on branch: ODCS-241
************* Processing for branch: ODCS-252 *************
branch 'ODCS-252' set up to track 'origin/ODCS-252'.
File 'bitbucket-pipelines.yml' exists in repo: talentedge-CRM-Pune on branch: ODCS-252
************* Processing for branch: ODCS-254 *************
branch 'ODCS-254' set up to track 'origin/ODCS-254'.
File 'bitbucket-pipelines.yml' exists in repo: talentedge-CRM-Pune on branch: ODCS-254
************* Processing for branch: ODCS-258 *************
branch 'ODCS-258' set up to track 'origin/ODCS-258'.
File 'bitbucket-pipelines.yml' exists in repo: talentedge-CRM-Pune on branch: ODCS-258
************* Processing for branch: ODCS-259 *************
branch 'ODCS-259' set up to track 'origin/ODCS-259'.
File 'bitbucket-pipelines.yml' exists in repo: talentedge-CRM-Pune on branch: ODCS-259
************* Processing for branch: ODCS-26 *************
branch 'ODCS-26' set up to track 'origin/ODCS-26'.
File 'bitbucket-pipelines.yml' exists in repo: talentedge-CRM-Pune on branch: ODCS-26
************* Processing for branch: ODCS-260 *************
branch 'ODCS-260' set up to track 'origin/ODCS-260'.
File 'bitbucket-pipelines.yml' exists in repo: talentedge-CRM-Pune on branch: ODCS-260
************* Processing for branch: ODCS-261 *************
branch 'ODCS-261' set up to track 'origin/ODCS-261'.
File 'bitbucket-pipelines.yml' exists in repo: talentedge-CRM-Pune on branch: ODCS-261
************* Processing for branch: ODCS-263 *************
branch 'ODCS-263' set up to track 'origin/ODCS-263'.
File 'bitbucket-pipelines.yml' exists in repo: talentedge-CRM-Pune on branch: ODCS-263
************* Processing for branch: ODCS-264new *************
branch 'ODCS-264new' set up to track 'origin/ODCS-264new'.
File 'bitbucket-pipelines.yml' exists in repo: talentedge-CRM-Pune on branch: ODCS-264new
************* Processing for branch: ODCS-269 *************
branch 'ODCS-269' set up to track 'origin/ODCS-269'.
File 'bitbucket-pipelines.yml' exists in repo: talentedge-CRM-Pune on branch: ODCS-269
************* Processing for branch: ODCS-270 *************
branch 'ODCS-270' set up to track 'origin/ODCS-270'.
File 'bitbucket-pipelines.yml' exists in repo: talentedge-CRM-Pune on branch: ODCS-270
************* Processing for branch: ODCS-271 *************
branch 'ODCS-271' set up to track 'origin/ODCS-271'.
File 'bitbucket-pipelines.yml' exists in repo: talentedge-CRM-Pune on branch: ODCS-271
************* Processing for branch: ODCS-272 *************
branch 'ODCS-272' set up to track 'origin/ODCS-272'.
File 'bitbucket-pipelines.yml' exists in repo: talentedge-CRM-Pune on branch: ODCS-272
************* Processing for branch: ODCS-275 *************
branch 'ODCS-275' set up to track 'origin/ODCS-275'.
File 'bitbucket-pipelines.yml' exists in repo: talentedge-CRM-Pune on branch: ODCS-275
************* Processing for branch: ODCS-282 *************
branch 'ODCS-282' set up to track 'origin/ODCS-282'.
File 'bitbucket-pipelines.yml' exists in repo: talentedge-CRM-Pune on branch: ODCS-282
************* Processing for branch: ODCS-283 *************
branch 'ODCS-283' set up to track 'origin/ODCS-283'.
File 'bitbucket-pipelines.yml' exists in repo: talentedge-CRM-Pune on branch: ODCS-283
************* Processing for branch: ODCS-285 *************
branch 'ODCS-285' set up to track 'origin/ODCS-285'.
File 'bitbucket-pipelines.yml' exists in repo: talentedge-CRM-Pune on branch: ODCS-285
************* Processing for branch: ODCS-289 *************
branch 'ODCS-289' set up to track 'origin/ODCS-289'.
File 'bitbucket-pipelines.yml' exists in repo: talentedge-CRM-Pune on branch: ODCS-289
************* Processing for branch: ODCS-292 *************
branch 'ODCS-292' set up to track 'origin/ODCS-292'.
File 'bitbucket-pipelines.yml' exists in repo: talentedge-CRM-Pune on branch: ODCS-292
************* Processing for branch: ODCS-294 *************
branch 'ODCS-294' set up to track 'origin/ODCS-294'.
File 'bitbucket-pipelines.yml' exists in repo: talentedge-CRM-Pune on branch: ODCS-294
************* Processing for branch: ODCS-30 *************
branch 'ODCS-30' set up to track 'origin/ODCS-30'.
File 'bitbucket-pipelines.yml' exists in repo: talentedge-CRM-Pune on branch: ODCS-30
************* Processing for branch: ODCS-301 *************
branch 'ODCS-301' set up to track 'origin/ODCS-301'.
File 'bitbucket-pipelines.yml' exists in repo: talentedge-CRM-Pune on branch: ODCS-301
************* Processing for branch: ODCS-306 *************
branch 'ODCS-306' set up to track 'origin/ODCS-306'.
File 'bitbucket-pipelines.yml' exists in repo: talentedge-CRM-Pune on branch: ODCS-306
************* Processing for branch: ODCS-316 *************
branch 'ODCS-316' set up to track 'origin/ODCS-316'.
File 'bitbucket-pipelines.yml' exists in repo: talentedge-CRM-Pune on branch: ODCS-316
************* Processing for branch: ODCS-319 *************
branch 'ODCS-319' set up to track 'origin/ODCS-319'.
File 'bitbucket-pipelines.yml' exists in repo: talentedge-CRM-Pune on branch: ODCS-319
************* Processing for branch: ODCS-331 *************
branch 'ODCS-331' set up to track 'origin/ODCS-331'.
File 'bitbucket-pipelines.yml' exists in repo: talentedge-CRM-Pune on branch: ODCS-331
************* Processing for branch: ODCS-335 *************
branch 'ODCS-335' set up to track 'origin/ODCS-335'.
File 'bitbucket-pipelines.yml' exists in repo: talentedge-CRM-Pune on branch: ODCS-335
************* Processing for branch: ODCS-337 *************
branch 'ODCS-337' set up to track 'origin/ODCS-337'.
File 'bitbucket-pipelines.yml' exists in repo: talentedge-CRM-Pune on branch: ODCS-337
************* Processing for branch: ODCS-339 *************
branch 'ODCS-339' set up to track 'origin/ODCS-339'.
File 'bitbucket-pipelines.yml' exists in repo: talentedge-CRM-Pune on branch: ODCS-339
************* Processing for branch: ODCS-339-new *************
branch 'ODCS-339-new' set up to track 'origin/ODCS-339-new'.
File 'bitbucket-pipelines.yml' exists in repo: talentedge-CRM-Pune on branch: ODCS-339-new
************* Processing for branch: ODCS-341 *************
branch 'ODCS-341' set up to track 'origin/ODCS-341'.
File 'bitbucket-pipelines.yml' exists in repo: talentedge-CRM-Pune on branch: ODCS-341
************* Processing for branch: ODCS-345 *************
branch 'ODCS-345' set up to track 'origin/ODCS-345'.
File 'bitbucket-pipelines.yml' exists in repo: talentedge-CRM-Pune on branch: ODCS-345
************* Processing for branch: ODCS-346 *************
branch 'ODCS-346' set up to track 'origin/ODCS-346'.
File 'bitbucket-pipelines.yml' exists in repo: talentedge-CRM-Pune on branch: ODCS-346
************* Processing for branch: ODCS-348 *************
branch 'ODCS-348' set up to track 'origin/ODCS-348'.
File 'bitbucket-pipelines.yml' exists in repo: talentedge-CRM-Pune on branch: ODCS-348
************* Processing for branch: ODCS-350 *************
branch 'ODCS-350' set up to track 'origin/ODCS-350'.
File 'bitbucket-pipelines.yml' exists in repo: talentedge-CRM-Pune on branch: ODCS-350
************* Processing for branch: ODCS-352 *************
branch 'ODCS-352' set up to track 'origin/ODCS-352'.
File 'bitbucket-pipelines.yml' exists in repo: talentedge-CRM-Pune on branch: ODCS-352
************* Processing for branch: ODCS-355 *************
branch 'ODCS-355' set up to track 'origin/ODCS-355'.
File 'bitbucket-pipelines.yml' exists in repo: talentedge-CRM-Pune on branch: ODCS-355
************* Processing for branch: ODCS-356 *************
branch 'ODCS-356' set up to track 'origin/ODCS-356'.
File 'bitbucket-pipelines.yml' exists in repo: talentedge-CRM-Pune on branch: ODCS-356
************* Processing for branch: ODCS-357 *************
branch 'ODCS-357' set up to track 'origin/ODCS-357'.
File 'bitbucket-pipelines.yml' exists in repo: talentedge-CRM-Pune on branch: ODCS-357
************* Processing for branch: ODCS-358 *************
branch 'ODCS-358' set up to track 'origin/ODCS-358'.
File 'bitbucket-pipelines.yml' exists in repo: talentedge-CRM-Pune on branch: ODCS-358
************* Processing for branch: ODCS-365 *************
branch 'ODCS-365' set up to track 'origin/ODCS-365'.
File 'bitbucket-pipelines.yml' exists in repo: talentedge-CRM-Pune on branch: ODCS-365
************* Processing for branch: ODCS-366 *************
branch 'ODCS-366' set up to track 'origin/ODCS-366'.
File 'bitbucket-pipelines.yml' exists in repo: talentedge-CRM-Pune on branch: ODCS-366
************* Processing for branch: ODCS-367 *************
branch 'ODCS-367' set up to track 'origin/ODCS-367'.
File 'bitbucket-pipelines.yml' exists in repo: talentedge-CRM-Pune on branch: ODCS-367
************* Processing for branch: ODCS-370 *************
branch 'ODCS-370' set up to track 'origin/ODCS-370'.
File 'bitbucket-pipelines.yml' exists in repo: talentedge-CRM-Pune on branch: ODCS-370
************* Processing for branch: ODCS-373 *************
branch 'ODCS-373' set up to track 'origin/ODCS-373'.
File 'bitbucket-pipelines.yml' exists in repo: talentedge-CRM-Pune on branch: ODCS-373
************* Processing for branch: ODCS-374 *************
branch 'ODCS-374' set up to track 'origin/ODCS-374'.
File 'bitbucket-pipelines.yml' exists in repo: talentedge-CRM-Pune on branch: ODCS-374
************* Processing for branch: ODCS-375 *************
branch 'ODCS-375' set up to track 'origin/ODCS-375'.
File 'bitbucket-pipelines.yml' exists in repo: talentedge-CRM-Pune on branch: ODCS-375
************* Processing for branch: ODCS-377 *************
branch 'ODCS-377' set up to track 'origin/ODCS-377'.
File 'bitbucket-pipelines.yml' exists in repo: talentedge-CRM-Pune on branch: ODCS-377
************* Processing for branch: ODCS-378 *************
branch 'ODCS-378' set up to track 'origin/ODCS-378'.
File 'bitbucket-pipelines.yml' exists in repo: talentedge-CRM-Pune on branch: ODCS-378
************* Processing for branch: ODCS-38 *************
branch 'ODCS-38' set up to track 'origin/ODCS-38'.
File 'bitbucket-pipelines.yml' exists in repo: talentedge-CRM-Pune on branch: ODCS-38
************* Processing for branch: ODCS-381 *************
branch 'ODCS-381' set up to track 'origin/ODCS-381'.
File 'bitbucket-pipelines.yml' exists in repo: talentedge-CRM-Pune on branch: ODCS-381
************* Processing for branch: ODCS-384n *************
branch 'ODCS-384n' set up to track 'origin/ODCS-384n'.
File 'bitbucket-pipelines.yml' exists in repo: talentedge-CRM-Pune on branch: ODCS-384n
************* Processing for branch: ODCS-386 *************
branch 'ODCS-386' set up to track 'origin/ODCS-386'.
File 'bitbucket-pipelines.yml' exists in repo: talentedge-CRM-Pune on branch: ODCS-386
************* Processing for branch: ODCS-390 *************
branch 'ODCS-390' set up to track 'origin/ODCS-390'.
File 'bitbucket-pipelines.yml' exists in repo: talentedge-CRM-Pune on branch: ODCS-390
************* Processing for branch: ODCS-394 *************
branch 'ODCS-394' set up to track 'origin/ODCS-394'.
File 'bitbucket-pipelines.yml' exists in repo: talentedge-CRM-Pune on branch: ODCS-394
************* Processing for branch: ODCS-396 *************
branch 'ODCS-396' set up to track 'origin/ODCS-396'.
File 'bitbucket-pipelines.yml' exists in repo: talentedge-CRM-Pune on branch: ODCS-396
************* Processing for branch: ODCS-397 *************
branch 'ODCS-397' set up to track 'origin/ODCS-397'.
File 'bitbucket-pipelines.yml' exists in repo: talentedge-CRM-Pune on branch: ODCS-397
************* Processing for branch: ODCS-404 *************
branch 'ODCS-404' set up to track 'origin/ODCS-404'.
File 'bitbucket-pipelines.yml' exists in repo: talentedge-CRM-Pune on branch: ODCS-404
************* Processing for branch: ODCS-408 *************
branch 'ODCS-408' set up to track 'origin/ODCS-408'.
File 'bitbucket-pipelines.yml' exists in repo: talentedge-CRM-Pune on branch: ODCS-408
************* Processing for branch: ODCS-409 *************
branch 'ODCS-409' set up to track 'origin/ODCS-409'.
File 'bitbucket-pipelines.yml' exists in repo: talentedge-CRM-Pune on branch: ODCS-409
************* Processing for branch: ODCS-411 *************
branch 'ODCS-411' set up to track 'origin/ODCS-411'.
File 'bitbucket-pipelines.yml' exists in repo: talentedge-CRM-Pune on branch: ODCS-411
************* Processing for branch: ODCS-412 *************
branch 'ODCS-412' set up to track 'origin/ODCS-412'.
File 'bitbucket-pipelines.yml' exists in repo: talentedge-CRM-Pune on branch: ODCS-412
************* Processing for branch: ODCS-415 *************
branch 'ODCS-415' set up to track 'origin/ODCS-415'.
File 'bitbucket-pipelines.yml' exists in repo: talentedge-CRM-Pune on branch: ODCS-415
************* Processing for branch: ODCS-418 *************
branch 'ODCS-418' set up to track 'origin/ODCS-418'.
File 'bitbucket-pipelines.yml' exists in repo: talentedge-CRM-Pune on branch: ODCS-418
************* Processing for branch: ODCS-420 *************
branch 'ODCS-420' set up to track 'origin/ODCS-420'.
File 'bitbucket-pipelines.yml' exists in repo: talentedge-CRM-Pune on branch: ODCS-420
************* Processing for branch: ODCS-422 *************
branch 'ODCS-422' set up to track 'origin/ODCS-422'.
File 'bitbucket-pipelines.yml' exists in repo: talentedge-CRM-Pune on branch: ODCS-422
************* Processing for branch: ODCS-423 *************
branch 'ODCS-423' set up to track 'origin/ODCS-423'.
File 'bitbucket-pipelines.yml' exists in repo: talentedge-CRM-Pune on branch: ODCS-423
************* Processing for branch: ODCS-424 *************
branch 'ODCS-424' set up to track 'origin/ODCS-424'.
File 'bitbucket-pipelines.yml' exists in repo: talentedge-CRM-Pune on branch: ODCS-424
************* Processing for branch: ODCS-430 *************
branch 'ODCS-430' set up to track 'origin/ODCS-430'.
File 'bitbucket-pipelines.yml' exists in repo: talentedge-CRM-Pune on branch: ODCS-430
************* Processing for branch: ODCS-432 *************
branch 'ODCS-432' set up to track 'origin/ODCS-432'.
File 'bitbucket-pipelines.yml' exists in repo: talentedge-CRM-Pune on branch: ODCS-432
************* Processing for branch: ODCS-433 *************
branch 'ODCS-433' set up to track 'origin/ODCS-433'.
File 'bitbucket-pipelines.yml' exists in repo: talentedge-CRM-Pune on branch: ODCS-433
************* Processing for branch: ODCS-434 *************
branch 'ODCS-434' set up to track 'origin/ODCS-434'.
File 'bitbucket-pipelines.yml' exists in repo: talentedge-CRM-Pune on branch: ODCS-434
************* Processing for branch: ODCS-435 *************
branch 'ODCS-435' set up to track 'origin/ODCS-435'.
File 'bitbucket-pipelines.yml' exists in repo: talentedge-CRM-Pune on branch: ODCS-435
************* Processing for branch: ODCS-436 *************
branch 'ODCS-436' set up to track 'origin/ODCS-436'.
File 'bitbucket-pipelines.yml' exists in repo: talentedge-CRM-Pune on branch: ODCS-436
************* Processing for branch: ODCS-439 *************
branch 'ODCS-439' set up to track 'origin/ODCS-439'.
File 'bitbucket-pipelines.yml' exists in repo: talentedge-CRM-Pune on branch: ODCS-439
************* Processing for branch: ODCS-44 *************
branch 'ODCS-44' set up to track 'origin/ODCS-44'.
File 'bitbucket-pipelines.yml' exists in repo: talentedge-CRM-Pune on branch: ODCS-44
************* Processing for branch: ODCS-440 *************
branch 'ODCS-440' set up to track 'origin/ODCS-440'.
File 'bitbucket-pipelines.yml' exists in repo: talentedge-CRM-Pune on branch: ODCS-440
************* Processing for branch: ODCS-443 *************
branch 'ODCS-443' set up to track 'origin/ODCS-443'.
File 'bitbucket-pipelines.yml' exists in repo: talentedge-CRM-Pune on branch: ODCS-443
************* Processing for branch: ODCS-444 *************
branch 'ODCS-444' set up to track 'origin/ODCS-444'.
File 'bitbucket-pipelines.yml' exists in repo: talentedge-CRM-Pune on branch: ODCS-444
************* Processing for branch: ODCS-445 *************
branch 'ODCS-445' set up to track 'origin/ODCS-445'.
File 'bitbucket-pipelines.yml' exists in repo: talentedge-CRM-Pune on branch: ODCS-445
************* Processing for branch: ODCS-447 *************
branch 'ODCS-447' set up to track 'origin/ODCS-447'.
File 'bitbucket-pipelines.yml' exists in repo: talentedge-CRM-Pune on branch: ODCS-447
************* Processing for branch: ODCS-450 *************
branch 'ODCS-450' set up to track 'origin/ODCS-450'.
File 'bitbucket-pipelines.yml' exists in repo: talentedge-CRM-Pune on branch: ODCS-450
************* Processing for branch: ODCS-451 *************
branch 'ODCS-451' set up to track 'origin/ODCS-451'.
File 'bitbucket-pipelines.yml' exists in repo: talentedge-CRM-Pune on branch: ODCS-451
************* Processing for branch: ODCS-452 *************
branch 'ODCS-452' set up to track 'origin/ODCS-452'.
File 'bitbucket-pipelines.yml' exists in repo: talentedge-CRM-Pune on branch: ODCS-452
************* Processing for branch: ODCS-452uat *************
branch 'ODCS-452uat' set up to track 'origin/ODCS-452uat'.
File 'bitbucket-pipelines.yml' exists in repo: talentedge-CRM-Pune on branch: ODCS-452uat
************* Processing for branch: ODCS-454 *************
branch 'ODCS-454' set up to track 'origin/ODCS-454'.
File 'bitbucket-pipelines.yml' exists in repo: talentedge-CRM-Pune on branch: ODCS-454
************* Processing for branch: ODCS-456 *************
branch 'ODCS-456' set up to track 'origin/ODCS-456'.
File 'bitbucket-pipelines.yml' exists in repo: talentedge-CRM-Pune on branch: ODCS-456
************* Processing for branch: ODCS-457 *************
branch 'ODCS-457' set up to track 'origin/ODCS-457'.
File 'bitbucket-pipelines.yml' exists in repo: talentedge-CRM-Pune on branch: ODCS-457
************* Processing for branch: ODCS-457uat *************
branch 'ODCS-457uat' set up to track 'origin/ODCS-457uat'.
File 'bitbucket-pipelines.yml' exists in repo: talentedge-CRM-Pune on branch: ODCS-457uat
************* Processing for branch: ODCS-461uat *************
branch 'ODCS-461uat' set up to track 'origin/ODCS-461uat'.
File 'bitbucket-pipelines.yml' exists in repo: talentedge-CRM-Pune on branch: ODCS-461uat
************* Processing for branch: ODCS-462uat *************
branch 'ODCS-462uat' set up to track 'origin/ODCS-462uat'.
File 'bitbucket-pipelines.yml' exists in repo: talentedge-CRM-Pune on branch: ODCS-462uat
************* Processing for branch: ODCS-463 *************
branch 'ODCS-463' set up to track 'origin/ODCS-463'.
File 'bitbucket-pipelines.yml' exists in repo: talentedge-CRM-Pune on branch: ODCS-463
************* Processing for branch: ODCS-463uat *************
branch 'ODCS-463uat' set up to track 'origin/ODCS-463uat'.
File 'bitbucket-pipelines.yml' exists in repo: talentedge-CRM-Pune on branch: ODCS-463uat
************* Processing for branch: ODCS-464 *************
branch 'ODCS-464' set up to track 'origin/ODCS-464'.
File 'bitbucket-pipelines.yml' exists in repo: talentedge-CRM-Pune on branch: ODCS-464
************* Processing for branch: ODCS-465 *************
branch 'ODCS-465' set up to track 'origin/ODCS-465'.
File 'bitbucket-pipelines.yml' exists in repo: talentedge-CRM-Pune on branch: ODCS-465
************* Processing for branch: ODCS-465uat *************
branch 'ODCS-465uat' set up to track 'origin/ODCS-465uat'.
File 'bitbucket-pipelines.yml' exists in repo: talentedge-CRM-Pune on branch: ODCS-465uat
************* Processing for branch: ODCS-466 *************
branch 'ODCS-466' set up to track 'origin/ODCS-466'.
File 'bitbucket-pipelines.yml' exists in repo: talentedge-CRM-Pune on branch: ODCS-466
************* Processing for branch: ODCS-468 *************
branch 'ODCS-468' set up to track 'origin/ODCS-468'.
File 'bitbucket-pipelines.yml' exists in repo: talentedge-CRM-Pune on branch: ODCS-468
************* Processing for branch: ODCS-468uat *************
branch 'ODCS-468uat' set up to track 'origin/ODCS-468uat'.
File 'bitbucket-pipelines.yml' exists in repo: talentedge-CRM-Pune on branch: ODCS-468uat
************* Processing for branch: ODCS-469 *************
branch 'ODCS-469' set up to track 'origin/ODCS-469'.
File 'bitbucket-pipelines.yml' exists in repo: talentedge-CRM-Pune on branch: ODCS-469
************* Processing for branch: ODCS-469uat *************
branch 'ODCS-469uat' set up to track 'origin/ODCS-469uat'.
File 'bitbucket-pipelines.yml' exists in repo: talentedge-CRM-Pune on branch: ODCS-469uat
************* Processing for branch: ODCS-47 *************
branch 'ODCS-47' set up to track 'origin/ODCS-47'.
File 'bitbucket-pipelines.yml' exists in repo: talentedge-CRM-Pune on branch: ODCS-47
************* Processing for branch: ODCS-470 *************
branch 'ODCS-470' set up to track 'origin/ODCS-470'.
File 'bitbucket-pipelines.yml' exists in repo: talentedge-CRM-Pune on branch: ODCS-470
************* Processing for branch: ODCS-471 *************
branch 'ODCS-471' set up to track 'origin/ODCS-471'.
File 'bitbucket-pipelines.yml' exists in repo: talentedge-CRM-Pune on branch: ODCS-471
************* Processing for branch: ODCS-471-uat *************
branch 'ODCS-471-uat' set up to track 'origin/ODCS-471-uat'.
File 'bitbucket-pipelines.yml' exists in repo: talentedge-CRM-Pune on branch: ODCS-471-uat
************* Processing for branch: ODCS-472 *************
branch 'ODCS-472' set up to track 'origin/ODCS-472'.
File 'bitbucket-pipelines.yml' exists in repo: talentedge-CRM-Pune on branch: ODCS-472
************* Processing for branch: ODCS-473 *************
branch 'ODCS-473' set up to track 'origin/ODCS-473'.
File 'bitbucket-pipelines.yml' exists in repo: talentedge-CRM-Pune on branch: ODCS-473
************* Processing for branch: ODCS-474 *************
branch 'ODCS-474' set up to track 'origin/ODCS-474'.
File 'bitbucket-pipelines.yml' exists in repo: talentedge-CRM-Pune on branch: ODCS-474
************* Processing for branch: ODCS-475 *************
branch 'ODCS-475' set up to track 'origin/ODCS-475'.
File 'bitbucket-pipelines.yml' exists in repo: talentedge-CRM-Pune on branch: ODCS-475
************* Processing for branch: ODCS-476 *************
branch 'ODCS-476' set up to track 'origin/ODCS-476'.
File 'bitbucket-pipelines.yml' exists in repo: talentedge-CRM-Pune on branch: ODCS-476
************* Processing for branch: ODCS-476-uat *************
branch 'ODCS-476-uat' set up to track 'origin/ODCS-476-uat'.
File 'bitbucket-pipelines.yml' exists in repo: talentedge-CRM-Pune on branch: ODCS-476-uat
************* Processing for branch: ODCS-477 *************
branch 'ODCS-477' set up to track 'origin/ODCS-477'.
File 'bitbucket-pipelines.yml' exists in repo: talentedge-CRM-Pune on branch: ODCS-477
************* Processing for branch: ODCS-478 *************
branch 'ODCS-478' set up to track 'origin/ODCS-478'.
File 'bitbucket-pipelines.yml' exists in repo: talentedge-CRM-Pune on branch: ODCS-478
************* Processing for branch: ODCS-479 *************
branch 'ODCS-479' set up to track 'origin/ODCS-479'.
File 'bitbucket-pipelines.yml' exists in repo: talentedge-CRM-Pune on branch: ODCS-479
************* Processing for branch: ODCS-48 *************
branch 'ODCS-48' set up to track 'origin/ODCS-48'.
File 'bitbucket-pipelines.yml' exists in repo: talentedge-CRM-Pune on branch: ODCS-48
************* Processing for branch: ODCS-481 *************
branch 'ODCS-481' set up to track 'origin/ODCS-481'.
File 'bitbucket-pipelines.yml' exists in repo: talentedge-CRM-Pune on branch: ODCS-481
************* Processing for branch: ODCS-482 *************
branch 'ODCS-482' set up to track 'origin/ODCS-482'.
File 'bitbucket-pipelines.yml' exists in repo: talentedge-CRM-Pune on branch: ODCS-482
************* Processing for branch: ODCS-482-uat *************
branch 'ODCS-482-uat' set up to track 'origin/ODCS-482-uat'.
File 'bitbucket-pipelines.yml' exists in repo: talentedge-CRM-Pune on branch: ODCS-482-uat
************* Processing for branch: ODCS-488 *************
branch 'ODCS-488' set up to track 'origin/ODCS-488'.
File 'bitbucket-pipelines.yml' exists in repo: talentedge-CRM-Pune on branch: ODCS-488
************* Processing for branch: ODCS-488-uat *************
branch 'ODCS-488-uat' set up to track 'origin/ODCS-488-uat'.
File 'bitbucket-pipelines.yml' exists in repo: talentedge-CRM-Pune on branch: ODCS-488-uat
************* Processing for branch: ODCS-489 *************
branch 'ODCS-489' set up to track 'origin/ODCS-489'.
File 'bitbucket-pipelines.yml' exists in repo: talentedge-CRM-Pune on branch: ODCS-489
************* Processing for branch: ODCS-491 *************
branch 'ODCS-491' set up to track 'origin/ODCS-491'.
File 'bitbucket-pipelines.yml' exists in repo: talentedge-CRM-Pune on branch: ODCS-491
************* Processing for branch: ODCS-491-uat *************
branch 'ODCS-491-uat' set up to track 'origin/ODCS-491-uat'.
File 'bitbucket-pipelines.yml' exists in repo: talentedge-CRM-Pune on branch: ODCS-491-uat
************* Processing for branch: ODCS-492 *************
branch 'ODCS-492' set up to track 'origin/ODCS-492'.
File 'bitbucket-pipelines.yml' exists in repo: talentedge-CRM-Pune on branch: ODCS-492
************* Processing for branch: ODCS-495 *************
branch 'ODCS-495' set up to track 'origin/ODCS-495'.
File 'bitbucket-pipelines.yml' exists in repo: talentedge-CRM-Pune on branch: ODCS-495
************* Processing for branch: ODCS-496 *************
branch 'ODCS-496' set up to track 'origin/ODCS-496'.
File 'bitbucket-pipelines.yml' exists in repo: talentedge-CRM-Pune on branch: ODCS-496
************* Processing for branch: ODCS-497 *************
branch 'ODCS-497' set up to track 'origin/ODCS-497'.
File 'bitbucket-pipelines.yml' exists in repo: talentedge-CRM-Pune on branch: ODCS-497
************* Processing for branch: ODCS-501 *************
branch 'ODCS-501' set up to track 'origin/ODCS-501'.
File 'bitbucket-pipelines.yml' exists in repo: talentedge-CRM-Pune on branch: ODCS-501
************* Processing for branch: ODCS-502 *************
branch 'ODCS-502' set up to track 'origin/ODCS-502'.
File 'bitbucket-pipelines.yml' exists in repo: talentedge-CRM-Pune on branch: ODCS-502
************* Processing for branch: ODCS-503 *************
branch 'ODCS-503' set up to track 'origin/ODCS-503'.
File 'bitbucket-pipelines.yml' exists in repo: talentedge-CRM-Pune on branch: ODCS-503
************* Processing for branch: ODCS-504 *************
branch 'ODCS-504' set up to track 'origin/ODCS-504'.
File 'bitbucket-pipelines.yml' exists in repo: talentedge-CRM-Pune on branch: ODCS-504
************* Processing for branch: ODCS-505 *************
branch 'ODCS-505' set up to track 'origin/ODCS-505'.
File 'bitbucket-pipelines.yml' exists in repo: talentedge-CRM-Pune on branch: ODCS-505
************* Processing for branch: ODCS-506 *************
branch 'ODCS-506' set up to track 'origin/ODCS-506'.
File 'bitbucket-pipelines.yml' exists in repo: talentedge-CRM-Pune on branch: ODCS-506
************* Processing for branch: ODCS-507 *************
branch 'ODCS-507' set up to track 'origin/ODCS-507'.
File 'bitbucket-pipelines.yml' exists in repo: talentedge-CRM-Pune on branch: ODCS-507
************* Processing for branch: ODCS-508 *************
branch 'ODCS-508' set up to track 'origin/ODCS-508'.
File 'bitbucket-pipelines.yml' exists in repo: talentedge-CRM-Pune on branch: ODCS-508
************* Processing for branch: ODCS-510 *************
branch 'ODCS-510' set up to track 'origin/ODCS-510'.
File 'bitbucket-pipelines.yml' exists in repo: talentedge-CRM-Pune on branch: ODCS-510
************* Processing for branch: ODCS-511 *************
branch 'ODCS-511' set up to track 'origin/ODCS-511'.
File 'bitbucket-pipelines.yml' exists in repo: talentedge-CRM-Pune on branch: ODCS-511
************* Processing for branch: ODCS-512 *************
branch 'ODCS-512' set up to track 'origin/ODCS-512'.
File 'bitbucket-pipelines.yml' exists in repo: talentedge-CRM-Pune on branch: ODCS-512
************* Processing for branch: ODCS-513 *************
branch 'ODCS-513' set up to track 'origin/ODCS-513'.
File 'bitbucket-pipelines.yml' exists in repo: talentedge-CRM-Pune on branch: ODCS-513
************* Processing for branch: ODCS-514 *************
branch 'ODCS-514' set up to track 'origin/ODCS-514'.
File 'bitbucket-pipelines.yml' exists in repo: talentedge-CRM-Pune on branch: ODCS-514
************* Processing for branch: ODCS-516 *************
branch 'ODCS-516' set up to track 'origin/ODCS-516'.
File 'bitbucket-pipelines.yml' exists in repo: talentedge-CRM-Pune on branch: ODCS-516
************* Processing for branch: ODCS-517 *************
branch 'ODCS-517' set up to track 'origin/ODCS-517'.
File 'bitbucket-pipelines.yml' exists in repo: talentedge-CRM-Pune on branch: ODCS-517
************* Processing for branch: ODCS-518 *************
branch 'ODCS-518' set up to track 'origin/ODCS-518'.
File 'bitbucket-pipelines.yml' exists in repo: talentedge-CRM-Pune on branch: ODCS-518
************* Processing for branch: ODCS-519 *************
branch 'ODCS-519' set up to track 'origin/ODCS-519'.
File 'bitbucket-pipelines.yml' exists in repo: talentedge-CRM-Pune on branch: ODCS-519
************* Processing for branch: ODCS-520 *************
branch 'ODCS-520' set up to track 'origin/ODCS-520'.
File 'bitbucket-pipelines.yml' exists in repo: talentedge-CRM-Pune on branch: ODCS-520
************* Processing for branch: ODCS-521 *************
branch 'ODCS-521' set up to track 'origin/ODCS-521'.
File 'bitbucket-pipelines.yml' exists in repo: talentedge-CRM-Pune on branch: ODCS-521
************* Processing for branch: ODCS-522 *************
branch 'ODCS-522' set up to track 'origin/ODCS-522'.
File 'bitbucket-pipelines.yml' exists in repo: talentedge-CRM-Pune on branch: ODCS-522
************* Processing for branch: ODCS-523 *************
branch 'ODCS-523' set up to track 'origin/ODCS-523'.
File 'bitbucket-pipelines.yml' exists in repo: talentedge-CRM-Pune on branch: ODCS-523
************* Processing for branch: ODCS-524 *************
branch 'ODCS-524' set up to track 'origin/ODCS-524'.
File 'bitbucket-pipelines.yml' exists in repo: talentedge-CRM-Pune on branch: ODCS-524
************* Processing for branch: ODCS-525 *************
branch 'ODCS-525' set up to track 'origin/ODCS-525'.
File 'bitbucket-pipelines.yml' exists in repo: talentedge-CRM-Pune on branch: ODCS-525
************* Processing for branch: ODCS-526 *************
branch 'ODCS-526' set up to track 'origin/ODCS-526'.
File 'bitbucket-pipelines.yml' exists in repo: talentedge-CRM-Pune on branch: ODCS-526
************* Processing for branch: ODCS-527 *************
branch 'ODCS-527' set up to track 'origin/ODCS-527'.
File 'bitbucket-pipelines.yml' exists in repo: talentedge-CRM-Pune on branch: ODCS-527
************* Processing for branch: ODCS-528 *************
branch 'ODCS-528' set up to track 'origin/ODCS-528'.
File 'bitbucket-pipelines.yml' exists in repo: talentedge-CRM-Pune on branch: ODCS-528
************* Processing for branch: ODCS-529 *************
branch 'ODCS-529' set up to track 'origin/ODCS-529'.
File 'bitbucket-pipelines.yml' exists in repo: talentedge-CRM-Pune on branch: ODCS-529
************* Processing for branch: ODCS-53 *************
branch 'ODCS-53' set up to track 'origin/ODCS-53'.
File 'bitbucket-pipelines.yml' exists in repo: talentedge-CRM-Pune on branch: ODCS-53
************* Processing for branch: ODCS-530 *************
branch 'ODCS-530' set up to track 'origin/ODCS-530'.
File 'bitbucket-pipelines.yml' exists in repo: talentedge-CRM-Pune on branch: ODCS-530
************* Processing for branch: ODCS-531 *************
branch 'ODCS-531' set up to track 'origin/ODCS-531'.
File 'bitbucket-pipelines.yml' exists in repo: talentedge-CRM-Pune on branch: ODCS-531
************* Processing for branch: ODCS-531-c *************
branch 'ODCS-531-c' set up to track 'origin/ODCS-531-c'.
File 'bitbucket-pipelines.yml' exists in repo: talentedge-CRM-Pune on branch: ODCS-531-c
************* Processing for branch: ODCS-532 *************
branch 'ODCS-532' set up to track 'origin/ODCS-532'.
File 'bitbucket-pipelines.yml' exists in repo: talentedge-CRM-Pune on branch: ODCS-532
************* Processing for branch: ODCS-533 *************
branch 'ODCS-533' set up to track 'origin/ODCS-533'.
File 'bitbucket-pipelines.yml' exists in repo: talentedge-CRM-Pune on branch: ODCS-533
************* Processing for branch: ODCS-535 *************
branch 'ODCS-535' set up to track 'origin/ODCS-535'.
File 'bitbucket-pipelines.yml' exists in repo: talentedge-CRM-Pune on branch: ODCS-535
************* Processing for branch: ODCS-536 *************
branch 'ODCS-536' set up to track 'origin/ODCS-536'.
File 'bitbucket-pipelines.yml' exists in repo: talentedge-CRM-Pune on branch: ODCS-536
************* Processing for branch: ODCS-537 *************
branch 'ODCS-537' set up to track 'origin/ODCS-537'.
File 'bitbucket-pipelines.yml' exists in repo: talentedge-CRM-Pune on branch: ODCS-537
************* Processing for branch: ODCS-538 *************
branch 'ODCS-538' set up to track 'origin/ODCS-538'.
File 'bitbucket-pipelines.yml' exists in repo: talentedge-CRM-Pune on branch: ODCS-538
************* Processing for branch: ODCS-539 *************
branch 'ODCS-539' set up to track 'origin/ODCS-539'.
File 'bitbucket-pipelines.yml' exists in repo: talentedge-CRM-Pune on branch: ODCS-539
************* Processing for branch: ODCS-54 *************
branch 'ODCS-54' set up to track 'origin/ODCS-54'.
File 'bitbucket-pipelines.yml' exists in repo: talentedge-CRM-Pune on branch: ODCS-54
************* Processing for branch: ODCS-540 *************
branch 'ODCS-540' set up to track 'origin/ODCS-540'.
File 'bitbucket-pipelines.yml' exists in repo: talentedge-CRM-Pune on branch: ODCS-540
************* Processing for branch: ODCS-542 *************
branch 'ODCS-542' set up to track 'origin/ODCS-542'.
File 'bitbucket-pipelines.yml' exists in repo: talentedge-CRM-Pune on branch: ODCS-542
************* Processing for branch: ODCS-543 *************
branch 'ODCS-543' set up to track 'origin/ODCS-543'.
File 'bitbucket-pipelines.yml' exists in repo: talentedge-CRM-Pune on branch: ODCS-543
************* Processing for branch: ODCS-544 *************
branch 'ODCS-544' set up to track 'origin/ODCS-544'.
File 'bitbucket-pipelines.yml' exists in repo: talentedge-CRM-Pune on branch: ODCS-544
************* Processing for branch: ODCS-545 *************
branch 'ODCS-545' set up to track 'origin/ODCS-545'.
File 'bitbucket-pipelines.yml' exists in repo: talentedge-CRM-Pune on branch: ODCS-545
************* Processing for branch: ODCS-546 *************
branch 'ODCS-546' set up to track 'origin/ODCS-546'.
File 'bitbucket-pipelines.yml' exists in repo: talentedge-CRM-Pune on branch: ODCS-546
************* Processing for branch: ODCS-547 *************
branch 'ODCS-547' set up to track 'origin/ODCS-547'.
File 'bitbucket-pipelines.yml' exists in repo: talentedge-CRM-Pune on branch: ODCS-547
************* Processing for branch: ODCS-549 *************
branch 'ODCS-549' set up to track 'origin/ODCS-549'.
File 'bitbucket-pipelines.yml' exists in repo: talentedge-CRM-Pune on branch: ODCS-549
************* Processing for branch: ODCS-551 *************
branch 'ODCS-551' set up to track 'origin/ODCS-551'.
File 'bitbucket-pipelines.yml' exists in repo: talentedge-CRM-Pune on branch: ODCS-551
************* Processing for branch: ODCS-552 *************
branch 'ODCS-552' set up to track 'origin/ODCS-552'.
File 'bitbucket-pipelines.yml' exists in repo: talentedge-CRM-Pune on branch: ODCS-552
************* Processing for branch: ODCS-553 *************
branch 'ODCS-553' set up to track 'origin/ODCS-553'.
File 'bitbucket-pipelines.yml' exists in repo: talentedge-CRM-Pune on branch: ODCS-553
************* Processing for branch: ODCS-554 *************
branch 'ODCS-554' set up to track 'origin/ODCS-554'.
File 'bitbucket-pipelines.yml' exists in repo: talentedge-CRM-Pune on branch: ODCS-554
************* Processing for branch: ODCS-554_v1 *************
branch 'ODCS-554_v1' set up to track 'origin/ODCS-554_v1'.
File 'bitbucket-pipelines.yml' exists in repo: talentedge-CRM-Pune on branch: ODCS-554_v1
************* Processing for branch: ODCS-555 *************
branch 'ODCS-555' set up to track 'origin/ODCS-555'.
File 'bitbucket-pipelines.yml' exists in repo: talentedge-CRM-Pune on branch: ODCS-555
************* Processing for branch: ODCS-558 *************
branch 'ODCS-558' set up to track 'origin/ODCS-558'.
File 'bitbucket-pipelines.yml' exists in repo: talentedge-CRM-Pune on branch: ODCS-558
************* Processing for branch: ODCS-559 *************
branch 'ODCS-559' set up to track 'origin/ODCS-559'.
File 'bitbucket-pipelines.yml' exists in repo: talentedge-CRM-Pune on branch: ODCS-559
************* Processing for branch: ODCS-560 *************
branch 'ODCS-560' set up to track 'origin/ODCS-560'.
File 'bitbucket-pipelines.yml' exists in repo: talentedge-CRM-Pune on branch: ODCS-560
************* Processing for branch: ODCS-561 *************
branch 'ODCS-561' set up to track 'origin/ODCS-561'.
File 'bitbucket-pipelines.yml' exists in repo: talentedge-CRM-Pune on branch: ODCS-561
************* Processing for branch: ODCS-562 *************
branch 'ODCS-562' set up to track 'origin/ODCS-562'.
File 'bitbucket-pipelines.yml' exists in repo: talentedge-CRM-Pune on branch: ODCS-562
************* Processing for branch: ODCS-563 *************
branch 'ODCS-563' set up to track 'origin/ODCS-563'.
File 'bitbucket-pipelines.yml' exists in repo: talentedge-CRM-Pune on branch: ODCS-563
************* Processing for branch: ODCS-565 *************
branch 'ODCS-565' set up to track 'origin/ODCS-565'.
File 'bitbucket-pipelines.yml' exists in repo: talentedge-CRM-Pune on branch: ODCS-565
************* Processing for branch: ODCS-568 *************
branch 'ODCS-568' set up to track 'origin/ODCS-568'.
File 'bitbucket-pipelines.yml' exists in repo: talentedge-CRM-Pune on branch: ODCS-568
************* Processing for branch: ODCS-569 *************
branch 'ODCS-569' set up to track 'origin/ODCS-569'.
File 'bitbucket-pipelines.yml' exists in repo: talentedge-CRM-Pune on branch: ODCS-569
************* Processing for branch: ODCS-573 *************
branch 'ODCS-573' set up to track 'origin/ODCS-573'.
File 'bitbucket-pipelines.yml' exists in repo: talentedge-CRM-Pune on branch: ODCS-573
************* Processing for branch: ODCS-575 *************
branch 'ODCS-575' set up to track 'origin/ODCS-575'.
File 'bitbucket-pipelines.yml' exists in repo: talentedge-CRM-Pune on branch: ODCS-575
************* Processing for branch: ODCS-584 *************
branch 'ODCS-584' set up to track 'origin/ODCS-584'.
File 'bitbucket-pipelines.yml' exists in repo: talentedge-CRM-Pune on branch: ODCS-584
************* Processing for branch: ODCS-585 *************
branch 'ODCS-585' set up to track 'origin/ODCS-585'.
File 'bitbucket-pipelines.yml' exists in repo: talentedge-CRM-Pune on branch: ODCS-585
************* Processing for branch: ODCS-586 *************
branch 'ODCS-586' set up to track 'origin/ODCS-586'.
File 'bitbucket-pipelines.yml' exists in repo: talentedge-CRM-Pune on branch: ODCS-586
************* Processing for branch: ODCS-587 *************
branch 'ODCS-587' set up to track 'origin/ODCS-587'.
File 'bitbucket-pipelines.yml' exists in repo: talentedge-CRM-Pune on branch: ODCS-587
************* Processing for branch: ODCS-588 *************
branch 'ODCS-588' set up to track 'origin/ODCS-588'.
File 'bitbucket-pipelines.yml' exists in repo: talentedge-CRM-Pune on branch: ODCS-588
************* Processing for branch: ODCS-589 *************
branch 'ODCS-589' set up to track 'origin/ODCS-589'.
File 'bitbucket-pipelines.yml' exists in repo: talentedge-CRM-Pune on branch: ODCS-589
************* Processing for branch: ODCS-591 *************
branch 'ODCS-591' set up to track 'origin/ODCS-591'.
File 'bitbucket-pipelines.yml' exists in repo: talentedge-CRM-Pune on branch: ODCS-591
************* Processing for branch: ODCS-592 *************
branch 'ODCS-592' set up to track 'origin/ODCS-592'.
File 'bitbucket-pipelines.yml' exists in repo: talentedge-CRM-Pune on branch: ODCS-592
************* Processing for branch: ODCS-594 *************
branch 'ODCS-594' set up to track 'origin/ODCS-594'.
File 'bitbucket-pipelines.yml' exists in repo: talentedge-CRM-Pune on branch: ODCS-594
************* Processing for branch: ODCS-597 *************
branch 'ODCS-597' set up to track 'origin/ODCS-597'.
File 'bitbucket-pipelines.yml' exists in repo: talentedge-CRM-Pune on branch: ODCS-597
************* Processing for branch: ODCS-598 *************
branch 'ODCS-598' set up to track 'origin/ODCS-598'.
File 'bitbucket-pipelines.yml' exists in repo: talentedge-CRM-Pune on branch: ODCS-598
************* Processing for branch: ODCS-599 *************
branch 'ODCS-599' set up to track 'origin/ODCS-599'.
File 'bitbucket-pipelines.yml' exists in repo: talentedge-CRM-Pune on branch: ODCS-599
************* Processing for branch: ODCS-600 *************
branch 'ODCS-600' set up to track 'origin/ODCS-600'.
File 'bitbucket-pipelines.yml' exists in repo: talentedge-CRM-Pune on branch: ODCS-600
************* Processing for branch: ODCS-601 *************
branch 'ODCS-601' set up to track 'origin/ODCS-601'.
File 'bitbucket-pipelines.yml' exists in repo: talentedge-CRM-Pune on branch: ODCS-601
************* Processing for branch: ODCS-603 *************
branch 'ODCS-603' set up to track 'origin/ODCS-603'.
File 'bitbucket-pipelines.yml' exists in repo: talentedge-CRM-Pune on branch: ODCS-603
************* Processing for branch: ODCS-604 *************
branch 'ODCS-604' set up to track 'origin/ODCS-604'.
File 'bitbucket-pipelines.yml' exists in repo: talentedge-CRM-Pune on branch: ODCS-604
************* Processing for branch: ODCS-608 *************
branch 'ODCS-608' set up to track 'origin/ODCS-608'.
File 'bitbucket-pipelines.yml' exists in repo: talentedge-CRM-Pune on branch: ODCS-608
************* Processing for branch: ODCS-609 *************
branch 'ODCS-609' set up to track 'origin/ODCS-609'.
File 'bitbucket-pipelines.yml' exists in repo: talentedge-CRM-Pune on branch: ODCS-609
************* Processing for branch: ODCS-610 *************
branch 'ODCS-610' set up to track 'origin/ODCS-610'.
File 'bitbucket-pipelines.yml' exists in repo: talentedge-CRM-Pune on branch: ODCS-610
************* Processing for branch: ODCS-612 *************
branch 'ODCS-612' set up to track 'origin/ODCS-612'.
File 'bitbucket-pipelines.yml' exists in repo: talentedge-CRM-Pune on branch: ODCS-612
************* Processing for branch: ODCS-613 *************
branch 'ODCS-613' set up to track 'origin/ODCS-613'.
File 'bitbucket-pipelines.yml' exists in repo: talentedge-CRM-Pune on branch: ODCS-613
************* Processing for branch: ODCS-618 *************
branch 'ODCS-618' set up to track 'origin/ODCS-618'.
File 'bitbucket-pipelines.yml' exists in repo: talentedge-CRM-Pune on branch: ODCS-618
************* Processing for branch: ODCS-619 *************
branch 'ODCS-619' set up to track 'origin/ODCS-619'.
File 'bitbucket-pipelines.yml' exists in repo: talentedge-CRM-Pune on branch: ODCS-619
************* Processing for branch: ODCS-620 *************
branch 'ODCS-620' set up to track 'origin/ODCS-620'.
File 'bitbucket-pipelines.yml' exists in repo: talentedge-CRM-Pune on branch: ODCS-620
************* Processing for branch: ODCS-621 *************
branch 'ODCS-621' set up to track 'origin/ODCS-621'.
File 'bitbucket-pipelines.yml' exists in repo: talentedge-CRM-Pune on branch: ODCS-621
************* Processing for branch: ODCS-622 *************
branch 'ODCS-622' set up to track 'origin/ODCS-622'.
File 'bitbucket-pipelines.yml' exists in repo: talentedge-CRM-Pune on branch: ODCS-622
************* Processing for branch: ODCS-624 *************
branch 'ODCS-624' set up to track 'origin/ODCS-624'.
File 'bitbucket-pipelines.yml' exists in repo: talentedge-CRM-Pune on branch: ODCS-624
************* Processing for branch: ODCS-625 *************
branch 'ODCS-625' set up to track 'origin/ODCS-625'.
File 'bitbucket-pipelines.yml' exists in repo: talentedge-CRM-Pune on branch: ODCS-625
************* Processing for branch: ODCS-628 *************
branch 'ODCS-628' set up to track 'origin/ODCS-628'.
File 'bitbucket-pipelines.yml' exists in repo: talentedge-CRM-Pune on branch: ODCS-628
************* Processing for branch: ODCS-630 *************
branch 'ODCS-630' set up to track 'origin/ODCS-630'.
File 'bitbucket-pipelines.yml' exists in repo: talentedge-CRM-Pune on branch: ODCS-630
************* Processing for branch: ODCS-636 *************
branch 'ODCS-636' set up to track 'origin/ODCS-636'.
File 'bitbucket-pipelines.yml' exists in repo: talentedge-CRM-Pune on branch: ODCS-636
************* Processing for branch: ODCS-637 *************
branch 'ODCS-637' set up to track 'origin/ODCS-637'.
File 'bitbucket-pipelines.yml' exists in repo: talentedge-CRM-Pune on branch: ODCS-637
************* Processing for branch: ODCS-638 *************
branch 'ODCS-638' set up to track 'origin/ODCS-638'.
File 'bitbucket-pipelines.yml' exists in repo: talentedge-CRM-Pune on branch: ODCS-638
************* Processing for branch: ODCS-639 *************
branch 'ODCS-639' set up to track 'origin/ODCS-639'.
File 'bitbucket-pipelines.yml' exists in repo: talentedge-CRM-Pune on branch: ODCS-639
************* Processing for branch: ODCS-640 *************
branch 'ODCS-640' set up to track 'origin/ODCS-640'.
File 'bitbucket-pipelines.yml' exists in repo: talentedge-CRM-Pune on branch: ODCS-640
************* Processing for branch: ODCS-644 *************
branch 'ODCS-644' set up to track 'origin/ODCS-644'.
File 'bitbucket-pipelines.yml' exists in repo: talentedge-CRM-Pune on branch: ODCS-644
************* Processing for branch: ODCS-646 *************
branch 'ODCS-646' set up to track 'origin/ODCS-646'.
File 'bitbucket-pipelines.yml' exists in repo: talentedge-CRM-Pune on branch: ODCS-646
************* Processing for branch: ODCS-647 *************
branch 'ODCS-647' set up to track 'origin/ODCS-647'.
File 'bitbucket-pipelines.yml' exists in repo: talentedge-CRM-Pune on branch: ODCS-647
************* Processing for branch: ODCS-648 *************
branch 'ODCS-648' set up to track 'origin/ODCS-648'.
File 'bitbucket-pipelines.yml' exists in repo: talentedge-CRM-Pune on branch: ODCS-648
************* Processing for branch: ODCS-65 *************
branch 'ODCS-65' set up to track 'origin/ODCS-65'.
File 'bitbucket-pipelines.yml' exists in repo: talentedge-CRM-Pune on branch: ODCS-65
************* Processing for branch: ODCS-655 *************
branch 'ODCS-655' set up to track 'origin/ODCS-655'.
File 'bitbucket-pipelines.yml' exists in repo: talentedge-CRM-Pune on branch: ODCS-655
************* Processing for branch: ODCS-66 *************
branch 'ODCS-66' set up to track 'origin/ODCS-66'.
File 'bitbucket-pipelines.yml' exists in repo: talentedge-CRM-Pune on branch: ODCS-66
************* Processing for branch: ODCS-660 *************
branch 'ODCS-660' set up to track 'origin/ODCS-660'.
File 'bitbucket-pipelines.yml' exists in repo: talentedge-CRM-Pune on branch: ODCS-660
************* Processing for branch: ODCS-665 *************
branch 'ODCS-665' set up to track 'origin/ODCS-665'.
File 'bitbucket-pipelines.yml' exists in repo: talentedge-CRM-Pune on branch: ODCS-665
************* Processing for branch: ODCS-666 *************
branch 'ODCS-666' set up to track 'origin/ODCS-666'.
File 'bitbucket-pipelines.yml' exists in repo: talentedge-CRM-Pune on branch: ODCS-666
************* Processing for branch: ODCS-667 *************
branch 'ODCS-667' set up to track 'origin/ODCS-667'.
File 'bitbucket-pipelines.yml' exists in repo: talentedge-CRM-Pune on branch: ODCS-667
************* Processing for branch: ODCS-668 *************
branch 'ODCS-668' set up to track 'origin/ODCS-668'.
File 'bitbucket-pipelines.yml' exists in repo: talentedge-CRM-Pune on branch: ODCS-668
************* Processing for branch: ODCS-669 *************
branch 'ODCS-669' set up to track 'origin/ODCS-669'.
File 'bitbucket-pipelines.yml' exists in repo: talentedge-CRM-Pune on branch: ODCS-669
************* Processing for branch: ODCS-67 *************
branch 'ODCS-67' set up to track 'origin/ODCS-67'.
File 'bitbucket-pipelines.yml' exists in repo: talentedge-CRM-Pune on branch: ODCS-67
************* Processing for branch: ODCS-672 *************
branch 'ODCS-672' set up to track 'origin/ODCS-672'.
File 'bitbucket-pipelines.yml' exists in repo: talentedge-CRM-Pune on branch: ODCS-672
************* Processing for branch: ODCS-674 *************
branch 'ODCS-674' set up to track 'origin/ODCS-674'.
File 'bitbucket-pipelines.yml' exists in repo: talentedge-CRM-Pune on branch: ODCS-674
************* Processing for branch: ODCS-677 *************
branch 'ODCS-677' set up to track 'origin/ODCS-677'.
File 'bitbucket-pipelines.yml' exists in repo: talentedge-CRM-Pune on branch: ODCS-677
************* Processing for branch: ODCS-678 *************
branch 'ODCS-678' set up to track 'origin/ODCS-678'.
File 'bitbucket-pipelines.yml' exists in repo: talentedge-CRM-Pune on branch: ODCS-678
************* Processing for branch: ODCS-679 *************
branch 'ODCS-679' set up to track 'origin/ODCS-679'.
File 'bitbucket-pipelines.yml' exists in repo: talentedge-CRM-Pune on branch: ODCS-679
************* Processing for branch: ODCS-68 *************
branch 'ODCS-68' set up to track 'origin/ODCS-68'.
File 'bitbucket-pipelines.yml' exists in repo: talentedge-CRM-Pune on branch: ODCS-68
************* Processing for branch: ODCS-681 *************
branch 'ODCS-681' set up to track 'origin/ODCS-681'.
File 'bitbucket-pipelines.yml' exists in repo: talentedge-CRM-Pune on branch: ODCS-681
************* Processing for branch: ODCS-683 *************
branch 'ODCS-683' set up to track 'origin/ODCS-683'.
File 'bitbucket-pipelines.yml' exists in repo: talentedge-CRM-Pune on branch: ODCS-683
************* Processing for branch: ODCS-684 *************
branch 'ODCS-684' set up to track 'origin/ODCS-684'.
File 'bitbucket-pipelines.yml' exists in repo: talentedge-CRM-Pune on branch: ODCS-684
************* Processing for branch: ODCS-686 *************
branch 'ODCS-686' set up to track 'origin/ODCS-686'.
File 'bitbucket-pipelines.yml' exists in repo: talentedge-CRM-Pune on branch: ODCS-686
************* Processing for branch: ODCS-688 *************
branch 'ODCS-688' set up to track 'origin/ODCS-688'.
File 'bitbucket-pipelines.yml' exists in repo: talentedge-CRM-Pune on branch: ODCS-688
************* Processing for branch: ODCS-690 *************
branch 'ODCS-690' set up to track 'origin/ODCS-690'.
File 'bitbucket-pipelines.yml' exists in repo: talentedge-CRM-Pune on branch: ODCS-690
************* Processing for branch: ODCS-691 *************
branch 'ODCS-691' set up to track 'origin/ODCS-691'.
File 'bitbucket-pipelines.yml' exists in repo: talentedge-CRM-Pune on branch: ODCS-691
************* Processing for branch: ODCS-72 *************
branch 'ODCS-72' set up to track 'origin/ODCS-72'.
File 'bitbucket-pipelines.yml' exists in repo: talentedge-CRM-Pune on branch: ODCS-72
************* Processing for branch: ODCS-73 *************
branch 'ODCS-73' set up to track 'origin/ODCS-73'.
File 'bitbucket-pipelines.yml' exists in repo: talentedge-CRM-Pune on branch: ODCS-73
************* Processing for branch: ODCS-74 *************
branch 'ODCS-74' set up to track 'origin/ODCS-74'.
File 'bitbucket-pipelines.yml' exists in repo: talentedge-CRM-Pune on branch: ODCS-74
************* Processing for branch: ODCS-79 *************
branch 'ODCS-79' set up to track 'origin/ODCS-79'.
File 'bitbucket-pipelines.yml' exists in repo: talentedge-CRM-Pune on branch: ODCS-79
************* Processing for branch: ODCS-81 *************
branch 'ODCS-81' set up to track 'origin/ODCS-81'.
File 'bitbucket-pipelines.yml' exists in repo: talentedge-CRM-Pune on branch: ODCS-81
************* Processing for branch: ODCS-85 *************
branch 'ODCS-85' set up to track 'origin/ODCS-85'.
File 'bitbucket-pipelines.yml' exists in repo: talentedge-CRM-Pune on branch: ODCS-85
************* Processing for branch: ODCS-92 *************
branch 'ODCS-92' set up to track 'origin/ODCS-92'.
File 'bitbucket-pipelines.yml' exists in repo: talentedge-CRM-Pune on branch: ODCS-92
************* Processing for branch: ODCS-99 *************
branch 'ODCS-99' set up to track 'origin/ODCS-99'.
File 'bitbucket-pipelines.yml' exists in repo: talentedge-CRM-Pune on branch: ODCS-99
************* Processing for branch: ODCS-leadassignment *************
branch 'ODCS-leadassignment' set up to track 'origin/ODCS-leadassignment'.
File 'bitbucket-pipelines.yml' exists in repo: talentedge-CRM-Pune on branch: ODCS-leadassignment
************* Processing for branch: ODCS-leadchange *************
branch 'ODCS-leadchange' set up to track 'origin/ODCS-leadchange'.
File 'bitbucket-pipelines.yml' exists in repo: talentedge-CRM-Pune on branch: ODCS-leadchange
************* Processing for branch: ODCS-lumpsum *************
branch 'ODCS-lumpsum' set up to track 'origin/ODCS-lumpsum'.
File 'bitbucket-pipelines.yml' exists in repo: talentedge-CRM-Pune on branch: ODCS-lumpsum
************* Processing for branch: ODCS-vvc *************
branch 'ODCS-vvc' set up to track 'origin/ODCS-vvc'.
File 'bitbucket-pipelines.yml' exists in repo: talentedge-CRM-Pune on branch: ODCS-vvc
************* Processing for branch: ODCS0162 *************
branch 'ODCS0162' set up to track 'origin/ODCS0162'.
File 'bitbucket-pipelines.yml' exists in repo: talentedge-CRM-Pune on branch: ODCS0162
************* Processing for branch: ODCS_213 *************
branch 'ODCS_213' set up to track 'origin/ODCS_213'.
File 'bitbucket-pipelines.yml' exists in repo: talentedge-CRM-Pune on branch: ODCS_213
************* Processing for branch: ODCS_564 *************
branch 'ODCS_564' set up to track 'origin/ODCS_564'.
File 'bitbucket-pipelines.yml' exists in repo: talentedge-CRM-Pune on branch: ODCS_564
************* Processing for branch: ODXS-671 *************
branch 'ODXS-671' set up to track 'origin/ODXS-671'.
File 'bitbucket-pipelines.yml' exists in repo: talentedge-CRM-Pune on branch: ODXS-671
************* Processing for branch: StudentListing *************
branch 'StudentListing' set up to track 'origin/StudentListing'.
File 'bitbucket-pipelines.yml' exists in repo: talentedge-CRM-Pune on branch: StudentListing
************* Processing for branch: UCGL-104 *************
branch 'UCGL-104' set up to track 'origin/UCGL-104'.
File 'bitbucket-pipelines.yml' exists in repo: talentedge-CRM-Pune on branch: UCGL-104
************* Processing for branch: UCGL-105 *************
branch 'UCGL-105' set up to track 'origin/UCGL-105'.
File 'bitbucket-pipelines.yml' exists in repo: talentedge-CRM-Pune on branch: UCGL-105
************* Processing for branch: UCGL-118 *************
branch 'UCGL-118' set up to track 'origin/UCGL-118'.
File 'bitbucket-pipelines.yml' exists in repo: talentedge-CRM-Pune on branch: UCGL-118
************* Processing for branch: UCGL-119 *************
branch 'UCGL-119' set up to track 'origin/UCGL-119'.
File 'bitbucket-pipelines.yml' exists in repo: talentedge-CRM-Pune on branch: UCGL-119
************* Processing for branch: UCGL-11n *************
branch 'UCGL-11n' set up to track 'origin/UCGL-11n'.
File 'bitbucket-pipelines.yml' exists in repo: talentedge-CRM-Pune on branch: UCGL-11n
************* Processing for branch: UCGL-123 *************
branch 'UCGL-123' set up to track 'origin/UCGL-123'.
File 'bitbucket-pipelines.yml' exists in repo: talentedge-CRM-Pune on branch: UCGL-123
************* Processing for branch: UCGL-124 *************
branch 'UCGL-124' set up to track 'origin/UCGL-124'.
File 'bitbucket-pipelines.yml' exists in repo: talentedge-CRM-Pune on branch: UCGL-124
************* Processing for branch: UCGL-125 *************
branch 'UCGL-125' set up to track 'origin/UCGL-125'.
File 'bitbucket-pipelines.yml' exists in repo: talentedge-CRM-Pune on branch: UCGL-125
************* Processing for branch: UCGL-127 *************
branch 'UCGL-127' set up to track 'origin/UCGL-127'.
File 'bitbucket-pipelines.yml' exists in repo: talentedge-CRM-Pune on branch: UCGL-127
************* Processing for branch: UCGL-140 *************
branch 'UCGL-140' set up to track 'origin/UCGL-140'.
File 'bitbucket-pipelines.yml' exists in repo: talentedge-CRM-Pune on branch: UCGL-140
************* Processing for branch: UCGL-141 *************
branch 'UCGL-141' set up to track 'origin/UCGL-141'.
File 'bitbucket-pipelines.yml' exists in repo: talentedge-CRM-Pune on branch: UCGL-141
************* Processing for branch: UCGL-142 *************
branch 'UCGL-142' set up to track 'origin/UCGL-142'.
File 'bitbucket-pipelines.yml' exists in repo: talentedge-CRM-Pune on branch: UCGL-142
************* Processing for branch: UCGL-144 *************
branch 'UCGL-144' set up to track 'origin/UCGL-144'.
File 'bitbucket-pipelines.yml' exists in repo: talentedge-CRM-Pune on branch: UCGL-144
************* Processing for branch: UCGL-146 *************
branch 'UCGL-146' set up to track 'origin/UCGL-146'.
File 'bitbucket-pipelines.yml' exists in repo: talentedge-CRM-Pune on branch: UCGL-146
************* Processing for branch: UCGL-147 *************
branch 'UCGL-147' set up to track 'origin/UCGL-147'.
File 'bitbucket-pipelines.yml' exists in repo: talentedge-CRM-Pune on branch: UCGL-147
************* Processing for branch: UCGL-152 *************
branch 'UCGL-152' set up to track 'origin/UCGL-152'.
File 'bitbucket-pipelines.yml' exists in repo: talentedge-CRM-Pune on branch: UCGL-152
************* Processing for branch: UCGL-153 *************
branch 'UCGL-153' set up to track 'origin/UCGL-153'.
File 'bitbucket-pipelines.yml' exists in repo: talentedge-CRM-Pune on branch: UCGL-153
************* Processing for branch: UCGL-154 *************
branch 'UCGL-154' set up to track 'origin/UCGL-154'.
File 'bitbucket-pipelines.yml' exists in repo: talentedge-CRM-Pune on branch: UCGL-154
************* Processing for branch: UCGL-155 *************
branch 'UCGL-155' set up to track 'origin/UCGL-155'.
File 'bitbucket-pipelines.yml' exists in repo: talentedge-CRM-Pune on branch: UCGL-155
************* Processing for branch: UCGL-15M *************
branch 'UCGL-15M' set up to track 'origin/UCGL-15M'.
File 'bitbucket-pipelines.yml' exists in repo: talentedge-CRM-Pune on branch: UCGL-15M
************* Processing for branch: UCGL-162 *************
branch 'UCGL-162' set up to track 'origin/UCGL-162'.
File 'bitbucket-pipelines.yml' exists in repo: talentedge-CRM-Pune on branch: UCGL-162
************* Processing for branch: UCGL-166 *************
branch 'UCGL-166' set up to track 'origin/UCGL-166'.
File 'bitbucket-pipelines.yml' exists in repo: talentedge-CRM-Pune on branch: UCGL-166
************* Processing for branch: UCGL-168 *************
branch 'UCGL-168' set up to track 'origin/UCGL-168'.
File 'bitbucket-pipelines.yml' exists in repo: talentedge-CRM-Pune on branch: UCGL-168
************* Processing for branch: UCGL-170 *************
branch 'UCGL-170' set up to track 'origin/UCGL-170'.
File 'bitbucket-pipelines.yml' exists in repo: talentedge-CRM-Pune on branch: UCGL-170
************* Processing for branch: UCGL-173 *************
branch 'UCGL-173' set up to track 'origin/UCGL-173'.
File 'bitbucket-pipelines.yml' exists in repo: talentedge-CRM-Pune on branch: UCGL-173
************* Processing for branch: UCGL-174 *************
branch 'UCGL-174' set up to track 'origin/UCGL-174'.
File 'bitbucket-pipelines.yml' exists in repo: talentedge-CRM-Pune on branch: UCGL-174
************* Processing for branch: UCGL-175 *************
branch 'UCGL-175' set up to track 'origin/UCGL-175'.
File 'bitbucket-pipelines.yml' exists in repo: talentedge-CRM-Pune on branch: UCGL-175
************* Processing for branch: UCGL-181 *************
branch 'UCGL-181' set up to track 'origin/UCGL-181'.
File 'bitbucket-pipelines.yml' exists in repo: talentedge-CRM-Pune on branch: UCGL-181
************* Processing for branch: UCGL-183 *************
branch 'UCGL-183' set up to track 'origin/UCGL-183'.
File 'bitbucket-pipelines.yml' exists in repo: talentedge-CRM-Pune on branch: UCGL-183
************* Processing for branch: UCGL-184 *************
branch 'UCGL-184' set up to track 'origin/UCGL-184'.
File 'bitbucket-pipelines.yml' exists in repo: talentedge-CRM-Pune on branch: UCGL-184
************* Processing for branch: UCGL-186 *************
branch 'UCGL-186' set up to track 'origin/UCGL-186'.
File 'bitbucket-pipelines.yml' exists in repo: talentedge-CRM-Pune on branch: UCGL-186
************* Processing for branch: UCGL-192 *************
branch 'UCGL-192' set up to track 'origin/UCGL-192'.
File 'bitbucket-pipelines.yml' exists in repo: talentedge-CRM-Pune on branch: UCGL-192
************* Processing for branch: UCGL-199 *************
branch 'UCGL-199' set up to track 'origin/UCGL-199'.
File 'bitbucket-pipelines.yml' exists in repo: talentedge-CRM-Pune on branch: UCGL-199
************* Processing for branch: UCGL-207 *************
branch 'UCGL-207' set up to track 'origin/UCGL-207'.
File 'bitbucket-pipelines.yml' exists in repo: talentedge-CRM-Pune on branch: UCGL-207
************* Processing for branch: UCGL-209 *************
branch 'UCGL-209' set up to track 'origin/UCGL-209'.
File 'bitbucket-pipelines.yml' exists in repo: talentedge-CRM-Pune on branch: UCGL-209
************* Processing for branch: UCGL-213 *************
branch 'UCGL-213' set up to track 'origin/UCGL-213'.
File 'bitbucket-pipelines.yml' exists in repo: talentedge-CRM-Pune on branch: UCGL-213
************* Processing for branch: UCGL-214 *************
branch 'UCGL-214' set up to track 'origin/UCGL-214'.
File 'bitbucket-pipelines.yml' exists in repo: talentedge-CRM-Pune on branch: UCGL-214
************* Processing for branch: UCGL-216 *************
branch 'UCGL-216' set up to track 'origin/UCGL-216'.
File 'bitbucket-pipelines.yml' exists in repo: talentedge-CRM-Pune on branch: UCGL-216
************* Processing for branch: UCGL-218 *************
branch 'UCGL-218' set up to track 'origin/UCGL-218'.
File 'bitbucket-pipelines.yml' exists in repo: talentedge-CRM-Pune on branch: UCGL-218
************* Processing for branch: UCGL-218-1908 *************
branch 'UCGL-218-1908' set up to track 'origin/UCGL-218-1908'.
File 'bitbucket-pipelines.yml' exists in repo: talentedge-CRM-Pune on branch: UCGL-218-1908
************* Processing for branch: UCGL-218-2208 *************
branch 'UCGL-218-2208' set up to track 'origin/UCGL-218-2208'.
File 'bitbucket-pipelines.yml' exists in repo: talentedge-CRM-Pune on branch: UCGL-218-2208
************* Processing for branch: UCGL-220 *************
branch 'UCGL-220' set up to track 'origin/UCGL-220'.
File 'bitbucket-pipelines.yml' exists in repo: talentedge-CRM-Pune on branch: UCGL-220
************* Processing for branch: UCGL-223 *************
branch 'UCGL-223' set up to track 'origin/UCGL-223'.
File 'bitbucket-pipelines.yml' exists in repo: talentedge-CRM-Pune on branch: UCGL-223
************* Processing for branch: UCGL-226 *************
branch 'UCGL-226' set up to track 'origin/UCGL-226'.
File 'bitbucket-pipelines.yml' exists in repo: talentedge-CRM-Pune on branch: UCGL-226
************* Processing for branch: UCGL-24 *************
branch 'UCGL-24' set up to track 'origin/UCGL-24'.
File 'bitbucket-pipelines.yml' exists in repo: talentedge-CRM-Pune on branch: UCGL-24
************* Processing for branch: UCGL-29 *************
branch 'UCGL-29' set up to track 'origin/UCGL-29'.
File 'bitbucket-pipelines.yml' exists in repo: talentedge-CRM-Pune on branch: UCGL-29
************* Processing for branch: UCGL-29fn *************
branch 'UCGL-29fn' set up to track 'origin/UCGL-29fn'.
File 'bitbucket-pipelines.yml' exists in repo: talentedge-CRM-Pune on branch: UCGL-29fn
************* Processing for branch: UCGL-36 *************
branch 'UCGL-36' set up to track 'origin/UCGL-36'.
File 'bitbucket-pipelines.yml' exists in repo: talentedge-CRM-Pune on branch: UCGL-36
************* Processing for branch: UCGL-37 *************
branch 'UCGL-37' set up to track 'origin/UCGL-37'.
File 'bitbucket-pipelines.yml' exists in repo: talentedge-CRM-Pune on branch: UCGL-37
************* Processing for branch: UCGL-40 *************
branch 'UCGL-40' set up to track 'origin/UCGL-40'.
File 'bitbucket-pipelines.yml' exists in repo: talentedge-CRM-Pune on branch: UCGL-40
************* Processing for branch: UCGL-5 *************
branch 'UCGL-5' set up to track 'origin/UCGL-5'.
File 'bitbucket-pipelines.yml' exists in repo: talentedge-CRM-Pune on branch: UCGL-5
************* Processing for branch: UCGL-55 *************
branch 'UCGL-55' set up to track 'origin/UCGL-55'.
File 'bitbucket-pipelines.yml' exists in repo: talentedge-CRM-Pune on branch: UCGL-55
************* Processing for branch: UCGL-56 *************
branch 'UCGL-56' set up to track 'origin/UCGL-56'.
File 'bitbucket-pipelines.yml' exists in repo: talentedge-CRM-Pune on branch: UCGL-56
************* Processing for branch: UCGL-69 *************
branch 'UCGL-69' set up to track 'origin/UCGL-69'.
File 'bitbucket-pipelines.yml' exists in repo: talentedge-CRM-Pune on branch: UCGL-69
************* Processing for branch: UCGL-7-new *************
branch 'UCGL-7-new' set up to track 'origin/UCGL-7-new'.
File 'bitbucket-pipelines.yml' exists in repo: talentedge-CRM-Pune on branch: UCGL-7-new
************* Processing for branch: UCGL-77 *************
branch 'UCGL-77' set up to track 'origin/UCGL-77'.
File 'bitbucket-pipelines.yml' exists in repo: talentedge-CRM-Pune on branch: UCGL-77
************* Processing for branch: UCGL-86 *************
branch 'UCGL-86' set up to track 'origin/UCGL-86'.
File 'bitbucket-pipelines.yml' exists in repo: talentedge-CRM-Pune on branch: UCGL-86
************* Processing for branch: UCGL-87 *************
branch 'UCGL-87' set up to track 'origin/UCGL-87'.
File 'bitbucket-pipelines.yml' exists in repo: talentedge-CRM-Pune on branch: UCGL-87
************* Processing for branch: UCGL-9 *************
branch 'UCGL-9' set up to track 'origin/UCGL-9'.
File 'bitbucket-pipelines.yml' exists in repo: talentedge-CRM-Pune on branch: UCGL-9
************* Processing for branch: UCGL-9-new *************
branch 'UCGL-9-new' set up to track 'origin/UCGL-9-new'.
File 'bitbucket-pipelines.yml' exists in repo: talentedge-CRM-Pune on branch: UCGL-9-new
************* Processing for branch: UCGL-90 *************
branch 'UCGL-90' set up to track 'origin/UCGL-90'.
File 'bitbucket-pipelines.yml' exists in repo: talentedge-CRM-Pune on branch: UCGL-90
************* Processing for branch: UCGL-95 *************
branch 'UCGL-95' set up to track 'origin/UCGL-95'.
File 'bitbucket-pipelines.yml' exists in repo: talentedge-CRM-Pune on branch: UCGL-95
************* Processing for branch: UCGL-BUG26 *************
branch 'UCGL-BUG26' set up to track 'origin/UCGL-BUG26'.
File 'bitbucket-pipelines.yml' exists in repo: talentedge-CRM-Pune on branch: UCGL-BUG26
************* Processing for branch: UCGL-BUG27 *************
branch 'UCGL-BUG27' set up to track 'origin/UCGL-BUG27'.
File 'bitbucket-pipelines.yml' exists in repo: talentedge-CRM-Pune on branch: UCGL-BUG27
************* Processing for branch: assignment_debug *************
branch 'assignment_debug' set up to track 'origin/assignment_debug'.
File 'bitbucket-pipelines.yml' exists in repo: talentedge-CRM-Pune on branch: assignment_debug
************* Processing for branch: cloneuatstaging *************
branch 'cloneuatstaging' set up to track 'origin/cloneuatstaging'.
File 'bitbucket-pipelines.yml' exists in repo: talentedge-CRM-Pune on branch: cloneuatstaging
************* Processing for branch: compare_util *************
branch 'compare_util' set up to track 'origin/compare_util'.
File 'bitbucket-pipelines.yml' exists in repo: talentedge-CRM-Pune on branch: compare_util
************* Processing for branch: dev *************
branch 'dev' set up to track 'origin/dev'.
File 'bitbucket-pipelines.yml' exists in repo: talentedge-CRM-Pune on branch: dev
************* Processing for branch: dev_amit *************
branch 'dev_amit' set up to track 'origin/dev_amit'.
File 'bitbucket-pipelines.yml' exists in repo: talentedge-CRM-Pune on branch: dev_amit
************* Processing for branch: dev_exam *************
branch 'dev_exam' set up to track 'origin/dev_exam'.
File 'bitbucket-pipelines.yml' exists in repo: talentedge-CRM-Pune on branch: dev_exam
************* Processing for branch: dev_new *************
branch 'dev_new' set up to track 'origin/dev_new'.
File 'bitbucket-pipelines.yml' exists in repo: talentedge-CRM-Pune on branch: dev_new
************* Processing for branch: dev_new03 *************
branch 'dev_new03' set up to track 'origin/dev_new03'.
File 'bitbucket-pipelines.yml' exists in repo: talentedge-CRM-Pune on branch: dev_new03
************* Processing for branch: dev_new_bkup *************
branch 'dev_new_bkup' set up to track 'origin/dev_new_bkup'.
File 'bitbucket-pipelines.yml' exists in repo: talentedge-CRM-Pune on branch: dev_new_bkup
************* Processing for branch: dev_result *************
branch 'dev_result' set up to track 'origin/dev_result'.
File 'bitbucket-pipelines.yml' exists in repo: talentedge-CRM-Pune on branch: dev_result
************* Processing for branch: dev_test *************
branch 'dev_test' set up to track 'origin/dev_test'.
File 'bitbucket-pipelines.yml' exists in repo: talentedge-CRM-Pune on branch: dev_test
************* Processing for branch: dev_v1 *************
branch 'dev_v1' set up to track 'origin/dev_v1'.
File 'bitbucket-pipelines.yml' exists in repo: talentedge-CRM-Pune on branch: dev_v1
************* Processing for branch: dropdownwork-01 *************
branch 'dropdownwork-01' set up to track 'origin/dropdownwork-01'.
File 'bitbucket-pipelines.yml' exists in repo: talentedge-CRM-Pune on branch: dropdownwork-01
************* Processing for branch: dropdownwork-23 *************
branch 'dropdownwork-23' set up to track 'origin/dropdownwork-23'.
File 'bitbucket-pipelines.yml' exists in repo: talentedge-CRM-Pune on branch: dropdownwork-23
************* Processing for branch: feature-03-march *************
branch 'feature-03-march' set up to track 'origin/feature-03-march'.
File 'bitbucket-pipelines.yml' exists in repo: talentedge-CRM-Pune on branch: feature-03-march
************* Processing for branch: feature-03-march-new *************
branch 'feature-03-march-new' set up to track 'origin/feature-03-march-new'.
File 'bitbucket-pipelines.yml' exists in repo: talentedge-CRM-Pune on branch: feature-03-march-new
************* Processing for branch: feature-06-may *************
branch 'feature-06-may' set up to track 'origin/feature-06-may'.
File 'bitbucket-pipelines.yml' exists in repo: talentedge-CRM-Pune on branch: feature-06-may
************* Processing for branch: feature-10-feb *************
branch 'feature-10-feb' set up to track 'origin/feature-10-feb'.
File 'bitbucket-pipelines.yml' exists in repo: talentedge-CRM-Pune on branch: feature-10-feb
************* Processing for branch: feature-11-feb *************
branch 'feature-11-feb' set up to track 'origin/feature-11-feb'.
File 'bitbucket-pipelines.yml' exists in repo: talentedge-CRM-Pune on branch: feature-11-feb
************* Processing for branch: feature-20-apr *************
branch 'feature-20-apr' set up to track 'origin/feature-20-apr'.
File 'bitbucket-pipelines.yml' exists in repo: talentedge-CRM-Pune on branch: feature-20-apr
************* Processing for branch: feature-21-feb *************
branch 'feature-21-feb' set up to track 'origin/feature-21-feb'.
File 'bitbucket-pipelines.yml' exists in repo: talentedge-CRM-Pune on branch: feature-21-feb
************* Processing for branch: feature-23-march *************
branch 'feature-23-march' set up to track 'origin/feature-23-march'.
File 'bitbucket-pipelines.yml' exists in repo: talentedge-CRM-Pune on branch: feature-23-march
************* Processing for branch: feature-28-feb *************
branch 'feature-28-feb' set up to track 'origin/feature-28-feb'.
File 'bitbucket-pipelines.yml' exists in repo: talentedge-CRM-Pune on branch: feature-28-feb
************* Processing for branch: feature-29-june *************
branch 'feature-29-june' set up to track 'origin/feature-29-june'.
File 'bitbucket-pipelines.yml' exists in repo: talentedge-CRM-Pune on branch: feature-29-june
************* Processing for branch: feature-7-feb *************
branch 'feature-7-feb' set up to track 'origin/feature-7-feb'.
File 'bitbucket-pipelines.yml' exists in repo: talentedge-CRM-Pune on branch: feature-7-feb
************* Processing for branch: feature-august-27 *************
branch 'feature-august-27' set up to track 'origin/feature-august-27'.
File 'bitbucket-pipelines.yml' exists in repo: talentedge-CRM-Pune on branch: feature-august-27
************* Processing for branch: feature-jan20-rk *************
branch 'feature-jan20-rk' set up to track 'origin/feature-jan20-rk'.
File 'bitbucket-pipelines.yml' exists in repo: talentedge-CRM-Pune on branch: feature-jan20-rk
************* Processing for branch: feature-jan30-rk *************
branch 'feature-jan30-rk' set up to track 'origin/feature-jan30-rk'.
File 'bitbucket-pipelines.yml' exists in repo: talentedge-CRM-Pune on branch: feature-jan30-rk
************* Processing for branch: feature-july-15 *************
branch 'feature-july-15' set up to track 'origin/feature-july-15'.
File 'bitbucket-pipelines.yml' exists in repo: talentedge-CRM-Pune on branch: feature-july-15
************* Processing for branch: feature-june-18 *************
branch 'feature-june-18' set up to track 'origin/feature-june-18'.
File 'bitbucket-pipelines.yml' exists in repo: talentedge-CRM-Pune on branch: feature-june-18
************* Processing for branch: feature-may-07 *************
branch 'feature-may-07' set up to track 'origin/feature-may-07'.
File 'bitbucket-pipelines.yml' exists in repo: talentedge-CRM-Pune on branch: feature-may-07
************* Processing for branch: feature-may-07-new *************
branch 'feature-may-07-new' set up to track 'origin/feature-may-07-new'.
File 'bitbucket-pipelines.yml' exists in repo: talentedge-CRM-Pune on branch: feature-may-07-new
************* Processing for branch: feature-may-08 *************
branch 'feature-may-08' set up to track 'origin/feature-may-08'.
File 'bitbucket-pipelines.yml' exists in repo: talentedge-CRM-Pune on branch: feature-may-08
************* Processing for branch: feature-may-28 *************
branch 'feature-may-28' set up to track 'origin/feature-may-28'.
File 'bitbucket-pipelines.yml' exists in repo: talentedge-CRM-Pune on branch: feature-may-28
************* Processing for branch: feature-te_Managekititem-rk *************
branch 'feature-te_Managekititem-rk' set up to track 'origin/feature-te_Managekititem-rk'.
File 'bitbucket-pipelines.yml' exists in repo: talentedge-CRM-Pune on branch: feature-te_Managekititem-rk
************* Processing for branch: feature_MMUC-20 *************
branch 'feature_MMUC-20' set up to track 'origin/feature_MMUC-20'.
File 'bitbucket-pipelines.yml' exists in repo: talentedge-CRM-Pune on branch: feature_MMUC-20
************* Processing for branch: feature_tables_listing *************
branch 'feature_tables_listing' set up to track 'origin/feature_tables_listing'.
File 'bitbucket-pipelines.yml' exists in repo: talentedge-CRM-Pune on branch: feature_tables_listing
************* Processing for branch: hub1-api_staging *************
branch 'hub1-api_staging' set up to track 'origin/hub1-api_staging'.
File 'bitbucket-pipelines.yml' exists in repo: talentedge-CRM-Pune on branch: hub1-api_staging
************* Processing for branch: hub1-api_staging_2 *************
branch 'hub1-api_staging_2' set up to track 'origin/hub1-api_staging_2'.
File 'bitbucket-pipelines.yml' exists in repo: talentedge-CRM-Pune on branch: hub1-api_staging_2
************* Processing for branch: hub1-api_uat *************
branch 'hub1-api_uat' set up to track 'origin/hub1-api_uat'.
File 'bitbucket-pipelines.yml' exists in repo: talentedge-CRM-Pune on branch: hub1-api_uat
************* Processing for branch: hub1-sync-to-uat *************
branch 'hub1-sync-to-uat' set up to track 'origin/hub1-sync-to-uat'.
File 'bitbucket-pipelines.yml' exists in repo: talentedge-CRM-Pune on branch: hub1-sync-to-uat
************* Processing for branch: hub1-to-crm *************
branch 'hub1-to-crm' set up to track 'origin/hub1-to-crm'.
File 'bitbucket-pipelines.yml' exists in repo: talentedge-CRM-Pune on branch: hub1-to-crm
************* Processing for branch: hub1_api *************
branch 'hub1_api' set up to track 'origin/hub1_api'.
File 'bitbucket-pipelines.yml' exists in repo: talentedge-CRM-Pune on branch: hub1_api
************* Processing for branch: hub1_api-v1 *************
branch 'hub1_api-v1' set up to track 'origin/hub1_api-v1'.
File 'bitbucket-pipelines.yml' exists in repo: talentedge-CRM-Pune on branch: hub1_api-v1
************* Processing for branch: hub1_api_merge *************
branch 'hub1_api_merge' set up to track 'origin/hub1_api_merge'.
File 'bitbucket-pipelines.yml' exists in repo: talentedge-CRM-Pune on branch: hub1_api_merge
************* Processing for branch: hub1_crm_sync *************
branch 'hub1_crm_sync' set up to track 'origin/hub1_crm_sync'.
File 'bitbucket-pipelines.yml' exists in repo: talentedge-CRM-Pune on branch: hub1_crm_sync
************* Processing for branch: hub1_sync_stage *************
branch 'hub1_sync_stage' set up to track 'origin/hub1_sync_stage'.
File 'bitbucket-pipelines.yml' exists in repo: talentedge-CRM-Pune on branch: hub1_sync_stage
************* Processing for branch: jan20_am *************
branch 'jan20_am' set up to track 'origin/jan20_am'.
File 'bitbucket-pipelines.yml' exists in repo: talentedge-CRM-Pune on branch: jan20_am
************* Processing for branch: klupune *************
branch 'klupune' set up to track 'origin/klupune'.
File 'bitbucket-pipelines.yml' exists in repo: talentedge-CRM-Pune on branch: klupune
************* Processing for branch: lead_uts41 *************
branch 'lead_uts41' set up to track 'origin/lead_uts41'.
File 'bitbucket-pipelines.yml' exists in repo: talentedge-CRM-Pune on branch: lead_uts41
************* Processing for branch: listing *************
branch 'listing' set up to track 'origin/listing'.
File 'bitbucket-pipelines.yml' exists in repo: talentedge-CRM-Pune on branch: listing
************* Processing for branch: march12 *************
branch 'march12' set up to track 'origin/march12'.
File 'bitbucket-pipelines.yml' exists in repo: talentedge-CRM-Pune on branch: march12
************* Processing for branch: master_14nov *************
branch 'master_14nov' set up to track 'origin/master_14nov'.
File 'bitbucket-pipelines.yml' exists in repo: talentedge-CRM-Pune on branch: master_14nov
************* Processing for branch: may06_uat *************
branch 'may06_uat' set up to track 'origin/may06_uat'.
File 'bitbucket-pipelines.yml' exists in repo: talentedge-CRM-Pune on branch: may06_uat
************* Processing for branch: new14sep *************
branch 'new14sep' set up to track 'origin/new14sep'.
File 'bitbucket-pipelines.yml' exists in repo: talentedge-CRM-Pune on branch: new14sep
************* Processing for branch: oDCS-617 *************
branch 'oDCS-617' set up to track 'origin/oDCS-617'.
File 'bitbucket-pipelines.yml' exists in repo: talentedge-CRM-Pune on branch: oDCS-617
************* Processing for branch: odcs-14a *************
branch 'odcs-14a' set up to track 'origin/odcs-14a'.
File 'bitbucket-pipelines.yml' exists in repo: talentedge-CRM-Pune on branch: odcs-14a
************* Processing for branch: odcs-169 *************
branch 'odcs-169' set up to track 'origin/odcs-169'.
File 'bitbucket-pipelines.yml' exists in repo: talentedge-CRM-Pune on branch: odcs-169
************* Processing for branch: odcs-170 *************
branch 'odcs-170' set up to track 'origin/odcs-170'.
File 'bitbucket-pipelines.yml' exists in repo: talentedge-CRM-Pune on branch: odcs-170
************* Processing for branch: odcs-172 *************
File 'bitbucket-pipelines.yml' exists in repo: talentedge-CRM-Pune on branch: odcs-172
************* Processing for branch: odcs-178 *************
branch 'odcs-178' set up to track 'origin/odcs-178'.
File 'bitbucket-pipelines.yml' exists in repo: talentedge-CRM-Pune on branch: odcs-178
************* Processing for branch: odcs-190M *************
branch 'odcs-190M' set up to track 'origin/odcs-190M'.
File 'bitbucket-pipelines.yml' exists in repo: talentedge-CRM-Pune on branch: odcs-190M
************* Processing for branch: odcs-214 *************
File 'bitbucket-pipelines.yml' exists in repo: talentedge-CRM-Pune on branch: odcs-214
************* Processing for branch: odcs-214-session *************
branch 'odcs-214-session' set up to track 'origin/odcs-214-session'.
File 'bitbucket-pipelines.yml' exists in repo: talentedge-CRM-Pune on branch: odcs-214-session
************* Processing for branch: odcs-23 *************
branch 'odcs-23' set up to track 'origin/odcs-23'.
File 'bitbucket-pipelines.yml' exists in repo: talentedge-CRM-Pune on branch: odcs-23
************* Processing for branch: odcs-23-new *************
branch 'odcs-23-new' set up to track 'origin/odcs-23-new'.
File 'bitbucket-pipelines.yml' exists in repo: talentedge-CRM-Pune on branch: odcs-23-new
************* Processing for branch: odcs-242m *************
branch 'odcs-242m' set up to track 'origin/odcs-242m'.
File 'bitbucket-pipelines.yml' exists in repo: talentedge-CRM-Pune on branch: odcs-242m
************* Processing for branch: odcs-259staging *************
branch 'odcs-259staging' set up to track 'origin/odcs-259staging'.
File 'bitbucket-pipelines.yml' exists in repo: talentedge-CRM-Pune on branch: odcs-259staging
************* Processing for branch: odcs-264new *************
File 'bitbucket-pipelines.yml' exists in repo: talentedge-CRM-Pune on branch: odcs-264new
************* Processing for branch: odcs-273 *************
branch 'odcs-273' set up to track 'origin/odcs-273'.
File 'bitbucket-pipelines.yml' exists in repo: talentedge-CRM-Pune on branch: odcs-273
************* Processing for branch: odcs-274 *************
branch 'odcs-274' set up to track 'origin/odcs-274'.
File 'bitbucket-pipelines.yml' exists in repo: talentedge-CRM-Pune on branch: odcs-274
************* Processing for branch: odcs-279 *************
branch 'odcs-279' set up to track 'origin/odcs-279'.
File 'bitbucket-pipelines.yml' exists in repo: talentedge-CRM-Pune on branch: odcs-279
************* Processing for branch: odcs-280 *************
branch 'odcs-280' set up to track 'origin/odcs-280'.
File 'bitbucket-pipelines.yml' exists in repo: talentedge-CRM-Pune on branch: odcs-280
************* Processing for branch: odcs-300 *************
branch 'odcs-300' set up to track 'origin/odcs-300'.
File 'bitbucket-pipelines.yml' exists in repo: talentedge-CRM-Pune on branch: odcs-300
************* Processing for branch: odcs-312 *************
branch 'odcs-312' set up to track 'origin/odcs-312'.
File 'bitbucket-pipelines.yml' exists in repo: talentedge-CRM-Pune on branch: odcs-312
************* Processing for branch: odcs-313 *************
branch 'odcs-313' set up to track 'origin/odcs-313'.
File 'bitbucket-pipelines.yml' exists in repo: talentedge-CRM-Pune on branch: odcs-313
************* Processing for branch: odcs-315 *************
branch 'odcs-315' set up to track 'origin/odcs-315'.
File 'bitbucket-pipelines.yml' exists in repo: talentedge-CRM-Pune on branch: odcs-315
************* Processing for branch: odcs-319 *************
File 'bitbucket-pipelines.yml' exists in repo: talentedge-CRM-Pune on branch: odcs-319
************* Processing for branch: odcs-321 *************
branch 'odcs-321' set up to track 'origin/odcs-321'.
File 'bitbucket-pipelines.yml' exists in repo: talentedge-CRM-Pune on branch: odcs-321
************* Processing for branch: odcs-335 *************
File 'bitbucket-pipelines.yml' exists in repo: talentedge-CRM-Pune on branch: odcs-335
************* Processing for branch: odcs-344 *************
branch 'odcs-344' set up to track 'origin/odcs-344'.
File 'bitbucket-pipelines.yml' exists in repo: talentedge-CRM-Pune on branch: odcs-344
************* Processing for branch: odcs-351 *************
branch 'odcs-351' set up to track 'origin/odcs-351'.
File 'bitbucket-pipelines.yml' exists in repo: talentedge-CRM-Pune on branch: odcs-351
************* Processing for branch: odcs-41 *************
branch 'odcs-41' set up to track 'origin/odcs-41'.
File 'bitbucket-pipelines.yml' exists in repo: talentedge-CRM-Pune on branch: odcs-41
************* Processing for branch: odcs-448 *************
branch 'odcs-448' set up to track 'origin/odcs-448'.
File 'bitbucket-pipelines.yml' exists in repo: talentedge-CRM-Pune on branch: odcs-448
************* Processing for branch: odcs-458 *************
branch 'odcs-458' set up to track 'origin/odcs-458'.
File 'bitbucket-pipelines.yml' exists in repo: talentedge-CRM-Pune on branch: odcs-458
************* Processing for branch: odcs-67 *************
File 'bitbucket-pipelines.yml' exists in repo: talentedge-CRM-Pune on branch: odcs-67
************* Processing for branch: odcs-68 *************
File 'bitbucket-pipelines.yml' exists in repo: talentedge-CRM-Pune on branch: odcs-68
************* Processing for branch: odcs-69 *************
branch 'odcs-69' set up to track 'origin/odcs-69'.
File 'bitbucket-pipelines.yml' exists in repo: talentedge-CRM-Pune on branch: odcs-69
************* Processing for branch: odcs-69-final *************
branch 'odcs-69-final' set up to track 'origin/odcs-69-final'.
File 'bitbucket-pipelines.yml' exists in repo: talentedge-CRM-Pune on branch: odcs-69-final
************* Processing for branch: odcs-69-library *************
branch 'odcs-69-library' set up to track 'origin/odcs-69-library'.
File 'bitbucket-pipelines.yml' exists in repo: talentedge-CRM-Pune on branch: odcs-69-library
************* Processing for branch: odcs-69-new *************
branch 'odcs-69-new' set up to track 'origin/odcs-69-new'.
File 'bitbucket-pipelines.yml' exists in repo: talentedge-CRM-Pune on branch: odcs-69-new
************* Processing for branch: odcs-84 *************
branch 'odcs-84' set up to track 'origin/odcs-84'.
File 'bitbucket-pipelines.yml' exists in repo: talentedge-CRM-Pune on branch: odcs-84
************* Processing for branch: odcs-odcs-Buguls *************
branch 'odcs-odcs-Buguls' set up to track 'origin/odcs-odcs-Buguls'.
File 'bitbucket-pipelines.yml' exists in repo: talentedge-CRM-Pune on branch: odcs-odcs-Buguls
************* Processing for branch: pre-production *************
branch 'pre-production' set up to track 'origin/pre-production'.
File 'bitbucket-pipelines.yml' exists in repo: talentedge-CRM-Pune on branch: pre-production
************* Processing for branch: production-jan12 *************
branch 'production-jan12' set up to track 'origin/production-jan12'.
File 'bitbucket-pipelines.yml' exists in repo: talentedge-CRM-Pune on branch: production-jan12
************* Processing for branch: production_new *************
branch 'production_new' set up to track 'origin/production_new'.
File 'bitbucket-pipelines.yml' exists in repo: talentedge-CRM-Pune on branch: production_new
************* Processing for branch: resultChange *************
branch 'resultChange' set up to track 'origin/resultChange'.
File 'bitbucket-pipelines.yml' exists in repo: talentedge-CRM-Pune on branch: resultChange
************* Processing for branch: result_branch *************
branch 'result_branch' set up to track 'origin/result_branch'.
File 'bitbucket-pipelines.yml' exists in repo: talentedge-CRM-Pune on branch: result_branch
************* Processing for branch: sales_lc *************
branch 'sales_lc' set up to track 'origin/sales_lc'.
File 'bitbucket-pipelines.yml' exists in repo: talentedge-CRM-Pune on branch: sales_lc
************* Processing for branch: sales_local *************
branch 'sales_local' set up to track 'origin/sales_local'.
File 'bitbucket-pipelines.yml' exists in repo: talentedge-CRM-Pune on branch: sales_local
************* Processing for branch: sales_panel *************
branch 'sales_panel' set up to track 'origin/sales_panel'.
File 'bitbucket-pipelines.yml' exists in repo: talentedge-CRM-Pune on branch: sales_panel
************* Processing for branch: sales_panel_beta *************
branch 'sales_panel_beta' set up to track 'origin/sales_panel_beta'.
File 'bitbucket-pipelines.yml' exists in repo: talentedge-CRM-Pune on branch: sales_panel_beta
************* Processing for branch: sales_panel_uat *************
branch 'sales_panel_uat' set up to track 'origin/sales_panel_uat'.
File 'bitbucket-pipelines.yml' exists in repo: talentedge-CRM-Pune on branch: sales_panel_uat
************* Processing for branch: sales_panel_v1 *************
branch 'sales_panel_v1' set up to track 'origin/sales_panel_v1'.
File 'bitbucket-pipelines.yml' exists in repo: talentedge-CRM-Pune on branch: sales_panel_v1
************* Processing for branch: sales_panel_v2 *************
branch 'sales_panel_v2' set up to track 'origin/sales_panel_v2'.
File 'bitbucket-pipelines.yml' exists in repo: talentedge-CRM-Pune on branch: sales_panel_v2
************* Processing for branch: sheet_dispatch *************
branch 'sheet_dispatch' set up to track 'origin/sheet_dispatch'.
File 'bitbucket-pipelines.yml' exists in repo: talentedge-CRM-Pune on branch: sheet_dispatch
************* Processing for branch: sliqcrm_api_3dec *************
branch 'sliqcrm_api_3dec' set up to track 'origin/sliqcrm_api_3dec'.
File 'bitbucket-pipelines.yml' exists in repo: talentedge-CRM-Pune on branch: sliqcrm_api_3dec
************* Processing for branch: sro_connect_SRAD-9 *************
branch 'sro_connect_SRAD-9' set up to track 'origin/sro_connect_SRAD-9'.
File 'bitbucket-pipelines.yml' exists in repo: talentedge-CRM-Pune on branch: sro_connect_SRAD-9
************* Processing for branch: staging *************
branch 'staging' set up to track 'origin/staging'.
File 'bitbucket-pipelines.yml' exists in repo: talentedge-CRM-Pune on branch: staging
************* Processing for branch: stagingnov12 *************
branch 'stagingnov12' set up to track 'origin/stagingnov12'.
File 'bitbucket-pipelines.yml' exists in repo: talentedge-CRM-Pune on branch: stagingnov12
************* Processing for branch: subtickets *************
branch 'subtickets' set up to track 'origin/subtickets'.
File 'bitbucket-pipelines.yml' exists in repo: talentedge-CRM-Pune on branch: subtickets
************* Processing for branch: uat *************
branch 'uat' set up to track 'origin/uat'.
File 'bitbucket-pipelines.yml' exists in repo: talentedge-CRM-Pune on branch: uat
************* Processing for branch: uat_jan24 *************
branch 'uat_jan24' set up to track 'origin/uat_jan24'.
File 'bitbucket-pipelines.yml' exists in repo: talentedge-CRM-Pune on branch: uat_jan24
************* Processing for branch: uat_new *************
branch 'uat_new' set up to track 'origin/uat_new'.
File 'bitbucket-pipelines.yml' exists in repo: talentedge-CRM-Pune on branch: uat_new
************* Processing for branch: uat_new_rk *************
branch 'uat_new_rk' set up to track 'origin/uat_new_rk'.
File 'bitbucket-pipelines.yml' exists in repo: talentedge-CRM-Pune on branch: uat_new_rk
************* Processing for branch: uat_new_rk-16 *************
branch 'uat_new_rk-16' set up to track 'origin/uat_new_rk-16'.
File 'bitbucket-pipelines.yml' exists in repo: talentedge-CRM-Pune on branch: uat_new_rk-16
************* Processing for branch: uat_new_rk-16-new *************
branch 'uat_new_rk-16-new' set up to track 'origin/uat_new_rk-16-new'.
File 'bitbucket-pipelines.yml' exists in repo: talentedge-CRM-Pune on branch: uat_new_rk-16-new
************* Processing for branch: uat_new_rk-17 *************
branch 'uat_new_rk-17' set up to track 'origin/uat_new_rk-17'.
File 'bitbucket-pipelines.yml' exists in repo: talentedge-CRM-Pune on branch: uat_new_rk-17
************* Processing for branch: uatmaster *************
branch 'uatmaster' set up to track 'origin/uatmaster'.
File 'bitbucket-pipelines.yml' exists in repo: talentedge-CRM-Pune on branch: uatmaster
************* Processing for branch: uatstaging *************
branch 'uatstaging' set up to track 'origin/uatstaging'.
File 'bitbucket-pipelines.yml' exists in repo: talentedge-CRM-Pune on branch: uatstaging
************* Processing for branch: uatstaging-api *************
branch 'uatstaging-api' set up to track 'origin/uatstaging-api'.
File 'bitbucket-pipelines.yml' exists in repo: talentedge-CRM-Pune on branch: uatstaging-api
************* Processing for branch: ucgl-218 *************
File 'bitbucket-pipelines.yml' exists in repo: talentedge-CRM-Pune on branch: ucgl-218
Cleanup completed... for talentedge-CRM-Pune
******************************-----------******************************
working on repo liveclass_recording ........ 
************* Processing for branch: docker-headless-recording *************
branch 'docker-headless-recording' set up to track 'origin/docker-headless-recording'.
File 'bitbucket-pipelines.yml' exists in repo: liveclass_recording on branch: docker-headless-recording
************* Processing for branch: feature-headless-recording *************
branch 'feature-headless-recording' set up to track 'origin/feature-headless-recording'.
File 'bitbucket-pipelines.yml' exists in repo: liveclass_recording on branch: feature-headless-recording
************* Processing for branch: headless-recording_start_stop *************
branch 'headless-recording_start_stop' set up to track 'origin/headless-recording_start_stop'.
File 'bitbucket-pipelines.yml' exists in repo: liveclass_recording on branch: headless-recording_start_stop
************* Processing for branch: janus-test *************
branch 'janus-test' set up to track 'origin/janus-test'.
File 'bitbucket-pipelines.yml' exists in repo: liveclass_recording on branch: janus-test
************* Processing for branch: vc_recorder *************
branch 'vc_recorder' set up to track 'origin/vc_recorder'.
File 'bitbucket-pipelines.yml' exists in repo: liveclass_recording on branch: vc_recorder
Cleanup completed... for liveclass_recording
******************************-----------******************************
working on repo virtualClassRefactor ........ 
Cleanup completed... for virtualClassRefactor
******************************-----------******************************
working on repo php-jwt ........ 
Cleanup completed... for php-jwt
******************************-----------******************************
working on repo iOS_Talentedge ........ 
************* Processing for branch: CIEL *************
branch 'CIEL' set up to track 'origin/CIEL'.
File 'bitbucket-pipelines.yml' exists in repo: iOS_Talentedge on branch: CIEL
************* Processing for branch: Ciel_Nadeem *************
branch 'Ciel_Nadeem' set up to track 'origin/Ciel_Nadeem'.
File 'bitbucket-pipelines.yml' exists in repo: iOS_Talentedge on branch: Ciel_Nadeem
************* Processing for branch: Feature/AssessmentResume *************
branch 'Feature/AssessmentResume' set up to track 'origin/Feature/AssessmentResume'.
File 'bitbucket-pipelines.yml' exists in repo: iOS_Talentedge on branch: Feature/AssessmentResume
************* Processing for branch: Feature/Britannia *************
branch 'Feature/Britannia' set up to track 'origin/Feature/Britannia'.
File 'bitbucket-pipelines.yml' exists in repo: iOS_Talentedge on branch: Feature/Britannia
************* Processing for branch: Feature/Concentrix---Tab,-VirtualAcademy *************
branch 'Feature/Concentrix---Tab,-VirtualAcademy' set up to track 'origin/Feature/Concentrix---Tab,-VirtualAcademy'.
File 'bitbucket-pipelines.yml' exists in repo: iOS_Talentedge on branch: Feature/Concentrix---Tab,-VirtualAcademy
************* Processing for branch: Feature/DAD_MTF *************
branch 'Feature/DAD_MTF' set up to track 'origin/Feature/DAD_MTF'.
File 'bitbucket-pipelines.yml' exists in repo: iOS_Talentedge on branch: Feature/DAD_MTF
************* Processing for branch: Feature/ELS_New *************
branch 'Feature/ELS_New' set up to track 'origin/Feature/ELS_New'.
File 'bitbucket-pipelines.yml' exists in repo: iOS_Talentedge on branch: Feature/ELS_New
************* Processing for branch: Feature/Everest *************
branch 'Feature/Everest' set up to track 'origin/Feature/Everest'.
File 'bitbucket-pipelines.yml' exists in repo: iOS_Talentedge on branch: Feature/Everest
************* Processing for branch: Feature/HideNavigationBar *************
branch 'Feature/HideNavigationBar' set up to track 'origin/Feature/HideNavigationBar'.
File 'bitbucket-pipelines.yml' exists in repo: iOS_Talentedge on branch: Feature/HideNavigationBar
************* Processing for branch: Feature/KiaSignup *************
branch 'Feature/KiaSignup' set up to track 'origin/Feature/KiaSignup'.
File 'bitbucket-pipelines.yml' exists in repo: iOS_Talentedge on branch: Feature/KiaSignup
************* Processing for branch: Feature/Perfetti-V1.0.2 *************
branch 'Feature/Perfetti-V1.0.2' set up to track 'origin/Feature/Perfetti-V1.0.2'.
File 'bitbucket-pipelines.yml' exists in repo: iOS_Talentedge on branch: Feature/Perfetti-V1.0.2
************* Processing for branch: Feature/PerfettiV1.0.4 *************
branch 'Feature/PerfettiV1.0.4' set up to track 'origin/Feature/PerfettiV1.0.4'.
File 'bitbucket-pipelines.yml' exists in repo: iOS_Talentedge on branch: Feature/PerfettiV1.0.4
************* Processing for branch: Feature/Perfetti_TestFlightVersion *************
branch 'Feature/Perfetti_TestFlightVersion' set up to track 'origin/Feature/Perfetti_TestFlightVersion'.
File 'bitbucket-pipelines.yml' exists in repo: iOS_Talentedge on branch: Feature/Perfetti_TestFlightVersion
************* Processing for branch: Feature/Philips-Tab,-VirtualAcademy *************
branch 'Feature/Philips-Tab,-VirtualAcademy' set up to track 'origin/Feature/Philips-Tab,-VirtualAcademy'.
File 'bitbucket-pipelines.yml' exists in repo: iOS_Talentedge on branch: Feature/Philips-Tab,-VirtualAcademy
************* Processing for branch: Feature/Philips-V1.1.1---Without-Tab,-VAcademy *************
branch 'Feature/Philips-V1.1.1---Without-Tab,-VAcademy' set up to track 'origin/Feature/Philips-V1.1.1---Without-Tab,-VAcademy'.
File 'bitbucket-pipelines.yml' exists in repo: iOS_Talentedge on branch: Feature/Philips-V1.1.1---Without-Tab,-VAcademy
************* Processing for branch: Feature/Philips_Training_Leaderboard *************
branch 'Feature/Philips_Training_Leaderboard' set up to track 'origin/Feature/Philips_Training_Leaderboard'.
File 'bitbucket-pipelines.yml' exists in repo: iOS_Talentedge on branch: Feature/Philips_Training_Leaderboard
************* Processing for branch: Feature/QMS *************
branch 'Feature/QMS' set up to track 'origin/Feature/QMS'.
File 'bitbucket-pipelines.yml' exists in repo: iOS_Talentedge on branch: Feature/QMS
************* Processing for branch: Feature/SkeltonView *************
branch 'Feature/SkeltonView' set up to track 'origin/Feature/SkeltonView'.
File 'bitbucket-pipelines.yml' exists in repo: iOS_Talentedge on branch: Feature/SkeltonView
************* Processing for branch: Feature/TEVirtualAcademy *************
branch 'Feature/TEVirtualAcademy' set up to track 'origin/Feature/TEVirtualAcademy'.
File 'bitbucket-pipelines.yml' exists in repo: iOS_Talentedge on branch: Feature/TEVirtualAcademy
************* Processing for branch: Feature/htmlNotes *************
branch 'Feature/htmlNotes' set up to track 'origin/Feature/htmlNotes'.
File 'bitbucket-pipelines.yml' exists in repo: iOS_Talentedge on branch: Feature/htmlNotes
************* Processing for branch: Integrated *************
branch 'Integrated' set up to track 'origin/Integrated'.
File 'bitbucket-pipelines.yml' exists in repo: iOS_Talentedge on branch: Integrated
************* Processing for branch: Integrated_Nadeem *************
branch 'Integrated_Nadeem' set up to track 'origin/Integrated_Nadeem'.
File 'bitbucket-pipelines.yml' exists in repo: iOS_Talentedge on branch: Integrated_Nadeem
************* Processing for branch: PVR *************
branch 'PVR' set up to track 'origin/PVR'.
File 'bitbucket-pipelines.yml' exists in repo: iOS_Talentedge on branch: PVR
************* Processing for branch: Pvr_Nadeem *************
branch 'Pvr_Nadeem' set up to track 'origin/Pvr_Nadeem'.
File 'bitbucket-pipelines.yml' exists in repo: iOS_Talentedge on branch: Pvr_Nadeem
************* Processing for branch: Release/PerfettiV1.0.2-TestFlight *************
branch 'Release/PerfettiV1.0.2-TestFlight' set up to track 'origin/Release/PerfettiV1.0.2-TestFlight'.
File 'bitbucket-pipelines.yml' exists in repo: iOS_Talentedge on branch: Release/PerfettiV1.0.2-TestFlight
************* Processing for branch: SKY *************
branch 'SKY' set up to track 'origin/SKY'.
File 'bitbucket-pipelines.yml' exists in repo: iOS_Talentedge on branch: SKY
************* Processing for branch: Talentedge *************
branch 'Talentedge' set up to track 'origin/Talentedge'.
File 'bitbucket-pipelines.yml' exists in repo: iOS_Talentedge on branch: Talentedge
************* Processing for branch: TalentedgeIntegrated *************
branch 'TalentedgeIntegrated' set up to track 'origin/TalentedgeIntegrated'.
File 'bitbucket-pipelines.yml' exists in repo: iOS_Talentedge on branch: TalentedgeIntegrated
************* Processing for branch: UNIFIED *************
branch 'UNIFIED' set up to track 'origin/UNIFIED'.
File 'bitbucket-pipelines.yml' exists in repo: iOS_Talentedge on branch: UNIFIED
************* Processing for branch: Unified_Nadeem *************
branch 'Unified_Nadeem' set up to track 'origin/Unified_Nadeem'.
File 'bitbucket-pipelines.yml' exists in repo: iOS_Talentedge on branch: Unified_Nadeem
Cleanup completed... for iOS_Talentedge
******************************-----------******************************
working on repo Android_Talentedge ........ 
************* Processing for branch: feature/ResumeinAssesment *************
branch 'feature/ResumeinAssesment' set up to track 'origin/feature/ResumeinAssesment'.
File 'bitbucket-pipelines.yml' exists in repo: Android_Talentedge on branch: feature/ResumeinAssesment
Cleanup completed... for Android_Talentedge
******************************-----------******************************
working on repo talentedge ........ 
************* Processing for branch: AP-3 *************
branch 'AP-3' set up to track 'origin/AP-3'.
File 'bitbucket-pipelines.yml' exists in repo: talentedge on branch: AP-3
************* Processing for branch: LiveData *************
branch 'LiveData' set up to track 'origin/LiveData'.
File 'bitbucket-pipelines.yml' exists in repo: talentedge on branch: LiveData
************* Processing for branch: TEW-9 *************
branch 'TEW-9' set up to track 'origin/TEW-9'.
File 'bitbucket-pipelines.yml' exists in repo: talentedge on branch: TEW-9
************* Processing for branch: abandoned_plugin *************
branch 'abandoned_plugin' set up to track 'origin/abandoned_plugin'.
File 'bitbucket-pipelines.yml' exists in repo: talentedge on branch: abandoned_plugin
************* Processing for branch: blogWork *************
branch 'blogWork' set up to track 'origin/blogWork'.
File 'bitbucket-pipelines.yml' exists in repo: talentedge on branch: blogWork
************* Processing for branch: country_dropdown *************
branch 'country_dropdown' set up to track 'origin/country_dropdown'.
File 'bitbucket-pipelines.yml' exists in repo: talentedge on branch: country_dropdown
************* Processing for branch: demo *************
branch 'demo' set up to track 'origin/demo'.
File 'bitbucket-pipelines.yml' exists in repo: talentedge on branch: demo
************* Processing for branch: demoaws *************
branch 'demoaws' set up to track 'origin/demoaws'.
File 'bitbucket-pipelines.yml' exists in repo: talentedge on branch: demoaws
************* Processing for branch: noindex_seo *************
branch 'noindex_seo' set up to track 'origin/noindex_seo'.
File 'bitbucket-pipelines.yml' exists in repo: talentedge on branch: noindex_seo
************* Processing for branch: pg_report *************
branch 'pg_report' set up to track 'origin/pg_report'.
File 'bitbucket-pipelines.yml' exists in repo: talentedge on branch: pg_report
************* Processing for branch: staging *************
branch 'staging' set up to track 'origin/staging'.
File 'bitbucket-pipelines.yml' exists in repo: talentedge on branch: staging
************* Processing for branch: unified_api *************
branch 'unified_api' set up to track 'origin/unified_api'.
File 'bitbucket-pipelines.yml' exists in repo: talentedge on branch: unified_api
************* Processing for branch: video *************
branch 'video' set up to track 'origin/video'.
File 'bitbucket-pipelines.yml' exists in repo: talentedge on branch: video
Cleanup completed... for talentedge
******************************-----------******************************
working on repo live_class ........ 
************* Processing for branch: animated_ppt *************
branch 'animated_ppt' set up to track 'origin/animated_ppt'.
File 'bitbucket-pipelines.yml' exists in repo: live_class on branch: animated_ppt
************* Processing for branch: audio_fixes *************
branch 'audio_fixes' set up to track 'origin/audio_fixes'.
File 'bitbucket-pipelines.yml' exists in repo: live_class on branch: audio_fixes
************* Processing for branch: development *************
branch 'development' set up to track 'origin/development'.
File 'bitbucket-pipelines.yml' exists in repo: live_class on branch: development
************* Processing for branch: ppt *************
File 'bitbucket-pipelines.yml' exists in repo: live_class on branch: ppt
Cleanup completed... for live_class
******************************-----------******************************
working on repo live_class_ai ........ 
Cleanup completed... for live_class_ai
******************************-----------******************************
working on repo talentedge.in ........ 
************* Processing for branch: anup *************
branch 'anup' set up to track 'origin/anup'.
File 'bitbucket-pipelines.yml' exists in repo: talentedge.in on branch: anup
************* Processing for branch: madhav *************
branch 'madhav' set up to track 'origin/madhav'.
File 'bitbucket-pipelines.yml' exists in repo: talentedge.in on branch: madhav
************* Processing for branch: madhavnew *************
File 'bitbucket-pipelines.yml' exists in repo: talentedge.in on branch: madhavnew
************* Processing for branch: pankaj *************
File 'bitbucket-pipelines.yml' exists in repo: talentedge.in on branch: pankaj
************* Processing for branch: pawan *************
File 'bitbucket-pipelines.yml' exists in repo: talentedge.in on branch: pawan
Cleanup completed... for talentedge.in
******************************-----------******************************
working on repo App_screens ........ 
Cleanup completed... for App_screens
******************************-----------******************************
working on repo ERP_PUNE ........ 
************* Processing for branch: 02jan2025-prod-backup *************
branch '02jan2025-prod-backup' set up to track 'origin/02jan2025-prod-backup'.
File 'bitbucket-pipelines.yml' exists in repo: ERP_PUNE on branch: 02jan2025-prod-backup
************* Processing for branch: CannedEmail *************
branch 'CannedEmail' set up to track 'origin/CannedEmail'.
File 'bitbucket-pipelines.yml' exists in repo: ERP_PUNE on branch: CannedEmail
************* Processing for branch: CannedEmailProductionGoLive *************
branch 'CannedEmailProductionGoLive' set up to track 'origin/CannedEmailProductionGoLive'.
File 'bitbucket-pipelines.yml' exists in repo: ERP_PUNE on branch: CannedEmailProductionGoLive
************* Processing for branch: DEBIntegration *************
branch 'DEBIntegration' set up to track 'origin/DEBIntegration'.
File 'bitbucket-pipelines.yml' exists in repo: ERP_PUNE on branch: DEBIntegration
************* Processing for branch: Deployment_Dev *************
branch 'Deployment_Dev' set up to track 'origin/Deployment_Dev'.
File 'bitbucket-pipelines.yml' exists in repo: ERP_PUNE on branch: Deployment_Dev
************* Processing for branch: Deployment_Production *************
branch 'Deployment_Production' set up to track 'origin/Deployment_Production'.
File 'bitbucket-pipelines.yml' exists in repo: ERP_PUNE on branch: Deployment_Production
************* Processing for branch: Deployment_Staging *************
branch 'Deployment_Staging' set up to track 'origin/Deployment_Staging'.
File 'bitbucket-pipelines.yml' exists in repo: ERP_PUNE on branch: Deployment_Staging
************* Processing for branch: DevKiranPune *************
branch 'DevKiranPune' set up to track 'origin/DevKiranPune'.
File 'bitbucket-pipelines.yml' exists in repo: ERP_PUNE on branch: DevKiranPune
************* Processing for branch: EmailLog *************
branch 'EmailLog' set up to track 'origin/EmailLog'.
File 'bitbucket-pipelines.yml' exists in repo: ERP_PUNE on branch: EmailLog
************* Processing for branch: Prod_12th_oct_optmized *************
branch 'Prod_12th_oct_optmized' set up to track 'origin/Prod_12th_oct_optmized'.
File 'bitbucket-pipelines.yml' exists in repo: ERP_PUNE on branch: Prod_12th_oct_optmized
************* Processing for branch: UI_Development *************
branch 'UI_Development' set up to track 'origin/UI_Development'.
File 'bitbucket-pipelines.yml' exists in repo: ERP_PUNE on branch: UI_Development
************* Processing for branch: backup_prod *************
branch 'backup_prod' set up to track 'origin/backup_prod'.
File 'bitbucket-pipelines.yml' exists in repo: ERP_PUNE on branch: backup_prod
************* Processing for branch: backup_prod_01_oct_2024 *************
branch 'backup_prod_01_oct_2024' set up to track 'origin/backup_prod_01_oct_2024'.
File 'bitbucket-pipelines.yml' exists in repo: ERP_PUNE on branch: backup_prod_01_oct_2024
************* Processing for branch: backup_prod_19_10_2024 *************
branch 'backup_prod_19_10_2024' set up to track 'origin/backup_prod_19_10_2024'.
File 'bitbucket-pipelines.yml' exists in repo: ERP_PUNE on branch: backup_prod_19_10_2024
************* Processing for branch: backup_prod_20_10_2024 *************
branch 'backup_prod_20_10_2024' set up to track 'origin/backup_prod_20_10_2024'.
File 'bitbucket-pipelines.yml' exists in repo: ERP_PUNE on branch: backup_prod_20_10_2024
************* Processing for branch: backup_prod_20_10_2024_01 *************
branch 'backup_prod_20_10_2024_01' set up to track 'origin/backup_prod_20_10_2024_01'.
File 'bitbucket-pipelines.yml' exists in repo: ERP_PUNE on branch: backup_prod_20_10_2024_01
************* Processing for branch: backup_prod_23_10_2024 *************
branch 'backup_prod_23_10_2024' set up to track 'origin/backup_prod_23_10_2024'.
File 'bitbucket-pipelines.yml' exists in repo: ERP_PUNE on branch: backup_prod_23_10_2024
************* Processing for branch: backup_prod_24_10_2024 *************
branch 'backup_prod_24_10_2024' set up to track 'origin/backup_prod_24_10_2024'.
File 'bitbucket-pipelines.yml' exists in repo: ERP_PUNE on branch: backup_prod_24_10_2024
************* Processing for branch: backup_prod_26_10_2024 *************
branch 'backup_prod_26_10_2024' set up to track 'origin/backup_prod_26_10_2024'.
File 'bitbucket-pipelines.yml' exists in repo: ERP_PUNE on branch: backup_prod_26_10_2024
************* Processing for branch: backup_prod_26_10_2024_loc *************
branch 'backup_prod_26_10_2024_loc' set up to track 'origin/backup_prod_26_10_2024_loc'.
File 'bitbucket-pipelines.yml' exists in repo: ERP_PUNE on branch: backup_prod_26_10_2024_loc
************* Processing for branch: backup_prod_9th_oct_profileing *************
branch 'backup_prod_9th_oct_profileing' set up to track 'origin/backup_prod_9th_oct_profileing'.
File 'bitbucket-pipelines.yml' exists in repo: ERP_PUNE on branch: backup_prod_9th_oct_profileing
************* Processing for branch: backup_prod_new *************
branch 'backup_prod_new' set up to track 'origin/backup_prod_new'.
File 'bitbucket-pipelines.yml' exists in repo: ERP_PUNE on branch: backup_prod_new
************* Processing for branch: bdu_deb_cu_api *************
branch 'bdu_deb_cu_api' set up to track 'origin/bdu_deb_cu_api'.
File 'bitbucket-pipelines.yml' exists in repo: ERP_PUNE on branch: bdu_deb_cu_api
************* Processing for branch: bdu_deb_integration *************
branch 'bdu_deb_integration' set up to track 'origin/bdu_deb_integration'.
File 'bitbucket-pipelines.yml' exists in repo: ERP_PUNE on branch: bdu_deb_integration
************* Processing for branch: bdu_deb_wp_int *************
branch 'bdu_deb_wp_int' set up to track 'origin/bdu_deb_wp_int'.
File 'bitbucket-pipelines.yml' exists in repo: ERP_PUNE on branch: bdu_deb_wp_int
************* Processing for branch: betapune *************
branch 'betapune' set up to track 'origin/betapune'.
File 'bitbucket-pipelines.yml' exists in repo: ERP_PUNE on branch: betapune
************* Processing for branch: betapune_backup *************
branch 'betapune_backup' set up to track 'origin/betapune_backup'.
File 'bitbucket-pipelines.yml' exists in repo: ERP_PUNE on branch: betapune_backup
************* Processing for branch: collegevidya *************
branch 'collegevidya' set up to track 'origin/collegevidya'.
File 'bitbucket-pipelines.yml' exists in repo: ERP_PUNE on branch: collegevidya
************* Processing for branch: course *************
branch 'course' set up to track 'origin/course'.
File 'bitbucket-pipelines.yml' exists in repo: ERP_PUNE on branch: course
************* Processing for branch: cu_bulk_import *************
branch 'cu_bulk_import' set up to track 'origin/cu_bulk_import'.
File 'bitbucket-pipelines.yml' exists in repo: ERP_PUNE on branch: cu_bulk_import
************* Processing for branch: cu_delay_beta *************
branch 'cu_delay_beta' set up to track 'origin/cu_delay_beta'.
File 'bitbucket-pipelines.yml' exists in repo: ERP_PUNE on branch: cu_delay_beta
************* Processing for branch: cu_delay_beta_clone *************
branch 'cu_delay_beta_clone' set up to track 'origin/cu_delay_beta_clone'.
File 'bitbucket-pipelines.yml' exists in repo: ERP_PUNE on branch: cu_delay_beta_clone
************* Processing for branch: cu_integartion_updation *************
branch 'cu_integartion_updation' set up to track 'origin/cu_integartion_updation'.
File 'bitbucket-pipelines.yml' exists in repo: ERP_PUNE on branch: cu_integartion_updation
************* Processing for branch: deb_integration_march25 *************
branch 'deb_integration_march25' set up to track 'origin/deb_integration_march25'.
File 'bitbucket-pipelines.yml' exists in repo: ERP_PUNE on branch: deb_integration_march25
************* Processing for branch: demo *************
branch 'demo' set up to track 'origin/demo'.
File 'bitbucket-pipelines.yml' exists in repo: ERP_PUNE on branch: demo
************* Processing for branch: design-admission-sh *************
branch 'design-admission-sh' set up to track 'origin/design-admission-sh'.
File 'bitbucket-pipelines.yml' exists in repo: ERP_PUNE on branch: design-admission-sh
************* Processing for branch: design_new_erp *************
branch 'design_new_erp' set up to track 'origin/design_new_erp'.
File 'bitbucket-pipelines.yml' exists in repo: ERP_PUNE on branch: design_new_erp
************* Processing for branch: designs *************
branch 'designs' set up to track 'origin/designs'.
File 'bitbucket-pipelines.yml' exists in repo: ERP_PUNE on branch: designs
************* Processing for branch: dev2.0 *************
branch 'dev2.0' set up to track 'origin/dev2.0'.
File 'bitbucket-pipelines.yml' exists in repo: ERP_PUNE on branch: dev2.0
************* Processing for branch: dev_kapil *************
branch 'dev_kapil' set up to track 'origin/dev_kapil'.
File 'bitbucket-pipelines.yml' exists in repo: ERP_PUNE on branch: dev_kapil
************* Processing for branch: erp_au_enrollment *************
branch 'erp_au_enrollment' set up to track 'origin/erp_au_enrollment'.
File 'bitbucket-pipelines.yml' exists in repo: ERP_PUNE on branch: erp_au_enrollment
************* Processing for branch: erp_ctc *************
branch 'erp_ctc' set up to track 'origin/erp_ctc'.
File 'bitbucket-pipelines.yml' exists in repo: ERP_PUNE on branch: erp_ctc
************* Processing for branch: erp_cu_bulk_import *************
branch 'erp_cu_bulk_import' set up to track 'origin/erp_cu_bulk_import'.
File 'bitbucket-pipelines.yml' exists in repo: ERP_PUNE on branch: erp_cu_bulk_import
************* Processing for branch: erp_lms_referal *************
branch 'erp_lms_referal' set up to track 'origin/erp_lms_referal'.
File 'bitbucket-pipelines.yml' exists in repo: ERP_PUNE on branch: erp_lms_referal
************* Processing for branch: erp_prod_clone_6feb25 *************
branch 'erp_prod_clone_6feb25' set up to track 'origin/erp_prod_clone_6feb25'.
File 'bitbucket-pipelines.yml' exists in repo: ERP_PUNE on branch: erp_prod_clone_6feb25
************* Processing for branch: erp_ref_lms_signup *************
branch 'erp_ref_lms_signup' set up to track 'origin/erp_ref_lms_signup'.
File 'bitbucket-pipelines.yml' exists in repo: ERP_PUNE on branch: erp_ref_lms_signup
************* Processing for branch: erp_ref_new *************
branch 'erp_ref_new' set up to track 'origin/erp_ref_new'.
File 'bitbucket-pipelines.yml' exists in repo: ERP_PUNE on branch: erp_ref_new
************* Processing for branch: feature-10-nov *************
branch 'feature-10-nov' set up to track 'origin/feature-10-nov'.
File 'bitbucket-pipelines.yml' exists in repo: ERP_PUNE on branch: feature-10-nov
************* Processing for branch: feature-11-nov *************
branch 'feature-11-nov' set up to track 'origin/feature-11-nov'.
File 'bitbucket-pipelines.yml' exists in repo: ERP_PUNE on branch: feature-11-nov
************* Processing for branch: feature-2 *************
branch 'feature-2' set up to track 'origin/feature-2'.
File 'bitbucket-pipelines.yml' exists in repo: ERP_PUNE on branch: feature-2
************* Processing for branch: feature-Dec-1 *************
branch 'feature-Dec-1' set up to track 'origin/feature-Dec-1'.
File 'bitbucket-pipelines.yml' exists in repo: ERP_PUNE on branch: feature-Dec-1
************* Processing for branch: feature-nov-12 *************
branch 'feature-nov-12' set up to track 'origin/feature-nov-12'.
File 'bitbucket-pipelines.yml' exists in repo: ERP_PUNE on branch: feature-nov-12
************* Processing for branch: feature-nov-12-new *************
branch 'feature-nov-12-new' set up to track 'origin/feature-nov-12-new'.
File 'bitbucket-pipelines.yml' exists in repo: ERP_PUNE on branch: feature-nov-12-new
************* Processing for branch: feature-nov-24 *************
branch 'feature-nov-24' set up to track 'origin/feature-nov-24'.
File 'bitbucket-pipelines.yml' exists in repo: ERP_PUNE on branch: feature-nov-24
************* Processing for branch: feature-nov-25 *************
branch 'feature-nov-25' set up to track 'origin/feature-nov-25'.
File 'bitbucket-pipelines.yml' exists in repo: ERP_PUNE on branch: feature-nov-25
************* Processing for branch: feature-rakesh *************
branch 'feature-rakesh' set up to track 'origin/feature-rakesh'.
File 'bitbucket-pipelines.yml' exists in repo: ERP_PUNE on branch: feature-rakesh
************* Processing for branch: feture-nov-13 *************
branch 'feture-nov-13' set up to track 'origin/feture-nov-13'.
File 'bitbucket-pipelines.yml' exists in repo: ERP_PUNE on branch: feture-nov-13
************* Processing for branch: feture-nov-20 *************
branch 'feture-nov-20' set up to track 'origin/feture-nov-20'.
File 'bitbucket-pipelines.yml' exists in repo: ERP_PUNE on branch: feture-nov-20
************* Processing for branch: fixes1 *************
branch 'fixes1' set up to track 'origin/fixes1'.
File 'bitbucket-pipelines.yml' exists in repo: ERP_PUNE on branch: fixes1
************* Processing for branch: fixes2 *************
branch 'fixes2' set up to track 'origin/fixes2'.
File 'bitbucket-pipelines.yml' exists in repo: ERP_PUNE on branch: fixes2
************* Processing for branch: fixes3 *************
branch 'fixes3' set up to track 'origin/fixes3'.
File 'bitbucket-pipelines.yml' exists in repo: ERP_PUNE on branch: fixes3
************* Processing for branch: incomming_call_openswoole *************
branch 'incomming_call_openswoole' set up to track 'origin/incomming_call_openswoole'.
File 'bitbucket-pipelines.yml' exists in repo: ERP_PUNE on branch: incomming_call_openswoole
************* Processing for branch: incomming_call_openswoole_final_prod *************
branch 'incomming_call_openswoole_final_prod' set up to track 'origin/incomming_call_openswoole_final_prod'.
File 'bitbucket-pipelines.yml' exists in repo: ERP_PUNE on branch: incomming_call_openswoole_final_prod
************* Processing for branch: incomming_call_openswoole_final_prod_with_cu_import *************
branch 'incomming_call_openswoole_final_prod_with_cu_import' set up to track 'origin/incomming_call_openswoole_final_prod_with_cu_import'.
File 'bitbucket-pipelines.yml' exists in repo: ERP_PUNE on branch: incomming_call_openswoole_final_prod_with_cu_import
************* Processing for branch: incomming_call_openswoole_user_id *************
branch 'incomming_call_openswoole_user_id' set up to track 'origin/incomming_call_openswoole_user_id'.
File 'bitbucket-pipelines.yml' exists in repo: ERP_PUNE on branch: incomming_call_openswoole_user_id
************* Processing for branch: incomming_call_prod *************
branch 'incomming_call_prod' set up to track 'origin/incomming_call_prod'.
File 'bitbucket-pipelines.yml' exists in repo: ERP_PUNE on branch: incomming_call_prod
************* Processing for branch: jawedbetapune *************
branch 'jawedbetapune' set up to track 'origin/jawedbetapune'.
File 'bitbucket-pipelines.yml' exists in repo: ERP_PUNE on branch: jawedbetapune
************* Processing for branch: kuk_deb_integration *************
branch 'kuk_deb_integration' set up to track 'origin/kuk_deb_integration'.
File 'bitbucket-pipelines.yml' exists in repo: ERP_PUNE on branch: kuk_deb_integration
************* Processing for branch: kuk_deb_intigration_with_andhradbase *************
branch 'kuk_deb_intigration_with_andhradbase' set up to track 'origin/kuk_deb_intigration_with_andhradbase'.
File 'bitbucket-pipelines.yml' exists in repo: ERP_PUNE on branch: kuk_deb_intigration_with_andhradbase
************* Processing for branch: kukdeb_andhradbase_CTC_CUAPI *************
branch 'kukdeb_andhradbase_CTC_CUAPI' set up to track 'origin/kukdeb_andhradbase_CTC_CUAPI'.
File 'bitbucket-pipelines.yml' exists in repo: ERP_PUNE on branch: kukdeb_andhradbase_CTC_CUAPI
************* Processing for branch: niu_deb_int *************
branch 'niu_deb_int' set up to track 'origin/niu_deb_int'.
File 'bitbucket-pipelines.yml' exists in repo: ERP_PUNE on branch: niu_deb_int
************* Processing for branch: prod_backup_9dec *************
branch 'prod_backup_9dec' set up to track 'origin/prod_backup_9dec'.
File 'bitbucket-pipelines.yml' exists in repo: ERP_PUNE on branch: prod_backup_9dec
************* Processing for branch: prod_clone_for_cu *************
branch 'prod_clone_for_cu' set up to track 'origin/prod_clone_for_cu'.
File 'bitbucket-pipelines.yml' exists in repo: ERP_PUNE on branch: prod_clone_for_cu
************* Processing for branch: prod_stage_mbranch *************
branch 'prod_stage_mbranch' set up to track 'origin/prod_stage_mbranch'.
File 'bitbucket-pipelines.yml' exists in repo: ERP_PUNE on branch: prod_stage_mbranch
************* Processing for branch: rakesh *************
branch 'rakesh' set up to track 'origin/rakesh'.
File 'bitbucket-pipelines.yml' exists in repo: ERP_PUNE on branch: rakesh
************* Processing for branch: rakesh-work *************
branch 'rakesh-work' set up to track 'origin/rakesh-work'.
File 'bitbucket-pipelines.yml' exists in repo: ERP_PUNE on branch: rakesh-work
************* Processing for branch: rakk *************
branch 'rakk' set up to track 'origin/rakk'.
File 'bitbucket-pipelines.yml' exists in repo: ERP_PUNE on branch: rakk
************* Processing for branch: refferal_api_with_cron_25_dec_2024 *************
branch 'refferal_api_with_cron_25_dec_2024' set up to track 'origin/refferal_api_with_cron_25_dec_2024'.
File 'bitbucket-pipelines.yml' exists in repo: ERP_PUNE on branch: refferal_api_with_cron_25_dec_2024
************* Processing for branch: ritesh *************
branch 'ritesh' set up to track 'origin/ritesh'.
File 'bitbucket-pipelines.yml' exists in repo: ERP_PUNE on branch: ritesh
************* Processing for branch: ritesh-master-slave *************
branch 'ritesh-master-slave' set up to track 'origin/ritesh-master-slave'.
File 'bitbucket-pipelines.yml' exists in repo: ERP_PUNE on branch: ritesh-master-slave
************* Processing for branch: rohit-master-salve *************
branch 'rohit-master-salve' set up to track 'origin/rohit-master-salve'.
File 'bitbucket-pipelines.yml' exists in repo: ERP_PUNE on branch: rohit-master-salve
************* Processing for branch: rohit-master-slave *************
branch 'rohit-master-slave' set up to track 'origin/rohit-master-slave'.
File 'bitbucket-pipelines.yml' exists in repo: ERP_PUNE on branch: rohit-master-slave
************* Processing for branch: rohit-pune *************
branch 'rohit-pune' set up to track 'origin/rohit-pune'.
File 'bitbucket-pipelines.yml' exists in repo: ERP_PUNE on branch: rohit-pune
************* Processing for branch: rohit-pune-new *************
branch 'rohit-pune-new' set up to track 'origin/rohit-pune-new'.
File 'bitbucket-pipelines.yml' exists in repo: ERP_PUNE on branch: rohit-pune-new
************* Processing for branch: sammaan *************
branch 'sammaan' set up to track 'origin/sammaan'.
File 'bitbucket-pipelines.yml' exists in repo: ERP_PUNE on branch: sammaan
************* Processing for branch: sandeep-course *************
branch 'sandeep-course' set up to track 'origin/sandeep-course'.
File 'bitbucket-pipelines.yml' exists in repo: ERP_PUNE on branch: sandeep-course
************* Processing for branch: shaira-00 *************
branch 'shaira-00' set up to track 'origin/shaira-00'.
File 'bitbucket-pipelines.yml' exists in repo: ERP_PUNE on branch: shaira-00
************* Processing for branch: shaira-design *************
branch 'shaira-design' set up to track 'origin/shaira-design'.
File 'bitbucket-pipelines.yml' exists in repo: ERP_PUNE on branch: shaira-design
************* Processing for branch: shaira_Design_new_1 *************
branch 'shaira_Design_new_1' set up to track 'origin/shaira_Design_new_1'.
File 'bitbucket-pipelines.yml' exists in repo: ERP_PUNE on branch: shaira_Design_new_1
************* Processing for branch: shaira_design_new *************
branch 'shaira_design_new' set up to track 'origin/shaira_design_new'.
File 'bitbucket-pipelines.yml' exists in repo: ERP_PUNE on branch: shaira_design_new
************* Processing for branch: shaira_design_new_1 *************
File 'bitbucket-pipelines.yml' exists in repo: ERP_PUNE on branch: shaira_design_new_1
************* Processing for branch: sso *************
branch 'sso' set up to track 'origin/sso'.
File 'bitbucket-pipelines.yml' exists in repo: ERP_PUNE on branch: sso
************* Processing for branch: staging *************
branch 'staging' set up to track 'origin/staging'.
File 'bitbucket-pipelines.yml' exists in repo: ERP_PUNE on branch: staging
************* Processing for branch: vgu-integration-12-nov *************
branch 'vgu-integration-12-nov' set up to track 'origin/vgu-integration-12-nov'.
File 'bitbucket-pipelines.yml' exists in repo: ERP_PUNE on branch: vgu-integration-12-nov
************* Processing for branch: vgu-integration-12-nov_with_debid *************
branch 'vgu-integration-12-nov_with_debid' set up to track 'origin/vgu-integration-12-nov_with_debid'.
File 'bitbucket-pipelines.yml' exists in repo: ERP_PUNE on branch: vgu-integration-12-nov_with_debid
************* Processing for branch: wp_integration_29_oct *************
branch 'wp_integration_29_oct' set up to track 'origin/wp_integration_29_oct'.
File 'bitbucket-pipelines.yml' exists in repo: ERP_PUNE on branch: wp_integration_29_oct
Cleanup completed... for ERP_PUNE
******************************-----------******************************
working on repo talentedge-jguonline ........ 
Cleanup completed... for talentedge-jguonline
******************************-----------******************************
working on repo talentedge-dypatiledu ........ 
Cleanup completed... for talentedge-dypatiledu
******************************-----------******************************
working on repo talentedge-cu ........ 
************* Processing for branch: dev_kapil *************
branch 'dev_kapil' set up to track 'origin/dev_kapil'.
File 'bitbucket-pipelines.yml' exists in repo: talentedge-cu on branch: dev_kapil
Cleanup completed... for talentedge-cu
******************************-----------******************************
working on repo talentedge-andhra ........ 
************* Processing for branch: dev_kapil *************
branch 'dev_kapil' set up to track 'origin/dev_kapil'.
File 'bitbucket-pipelines.yml' exists in repo: talentedge-andhra on branch: dev_kapil
Cleanup completed... for talentedge-andhra
******************************-----------******************************
working on repo talentedge-kuk ........ 
************* Processing for branch: dev_kapil *************
branch 'dev_kapil' set up to track 'origin/dev_kapil'.
File 'bitbucket-pipelines.yml' exists in repo: talentedge-kuk on branch: dev_kapil
Cleanup completed... for talentedge-kuk
******************************-----------******************************
working on repo talentedge-voussm ........ 
Cleanup completed... for talentedge-voussm
******************************-----------******************************
working on repo talentedge-onlineklu ........ 
Cleanup completed... for talentedge-onlineklu
******************************-----------******************************
working on repo talentedge-vgu ........ 
************* Processing for branch: dev_kapil *************
branch 'dev_kapil' set up to track 'origin/dev_kapil'.
File 'bitbucket-pipelines.yml' exists in repo: talentedge-vgu on branch: dev_kapil
Cleanup completed... for talentedge-vgu
******************************-----------******************************
working on repo Aurora ........ 
************* Processing for branch: develop *************
branch 'develop' set up to track 'origin/develop'.
File 'bitbucket-pipelines.yml' exists in repo: Aurora on branch: develop
Cleanup completed... for Aurora
******************************-----------******************************
working on repo talentedge-periyar ........ 
Cleanup completed... for talentedge-periyar
******************************-----------******************************
working on repo talentedge-mgr ........ 
************* Processing for branch: dev_kapil *************
branch 'dev_kapil' set up to track 'origin/dev_kapil'.
File 'bitbucket-pipelines.yml' exists in repo: talentedge-mgr on branch: dev_kapil
************* Processing for branch: dev_omkar *************
branch 'dev_omkar' set up to track 'origin/dev_omkar'.
File 'bitbucket-pipelines.yml' exists in repo: talentedge-mgr on branch: dev_omkar
Cleanup completed... for talentedge-mgr
******************************-----------******************************
working on repo talentedge-bdu ........ 
************* Processing for branch: dev_kapil *************
branch 'dev_kapil' set up to track 'origin/dev_kapil'.
File 'bitbucket-pipelines.yml' exists in repo: talentedge-bdu on branch: dev_kapil
Cleanup completed... for talentedge-bdu
******************************-----------******************************
working on repo talentedge-kiit ........ 
************* Processing for branch: dev_kapil *************
branch 'dev_kapil' set up to track 'origin/dev_kapil'.
File 'bitbucket-pipelines.yml' exists in repo: talentedge-kiit on branch: dev_kapil
Cleanup completed... for talentedge-kiit
******************************-----------******************************
working on repo talentedge-mewar ........ 
Cleanup completed... for talentedge-mewar
******************************-----------******************************
working on repo talentedge-onlineausde-andhra ........ 
Cleanup completed... for talentedge-onlineausde-andhra
******************************-----------******************************
working on repo talentedge-online-jnujaipur ........ 
Cleanup completed... for talentedge-online-jnujaipur
******************************-----------******************************
working on repo talentedge-sgvu ........ 
************* Processing for branch: dev_kapil *************
branch 'dev_kapil' set up to track 'origin/dev_kapil'.
File 'bitbucket-pipelines.yml' exists in repo: talentedge-sgvu on branch: dev_kapil
Cleanup completed... for talentedge-sgvu
******************************-----------******************************
working on repo pedagogy-notifications ........ 
************* Processing for branch: develop *************
branch 'develop' set up to track 'origin/develop'.
File 'bitbucket-pipelines.yml' exists in repo: pedagogy-notifications on branch: develop
************* Processing for branch: devops *************
branch 'devops' set up to track 'origin/devops'.
File 'bitbucket-pipelines.yml' exists in repo: pedagogy-notifications on branch: devops
************* Processing for branch: devops-common-account-migration *************
branch 'devops-common-account-migration' set up to track 'origin/devops-common-account-migration'.
File 'bitbucket-pipelines.yml' exists in repo: pedagogy-notifications on branch: devops-common-account-migration
************* Processing for branch: feature.jk/referral *************
branch 'feature.jk/referral' set up to track 'origin/feature.jk/referral'.
File 'bitbucket-pipelines.yml' exists in repo: pedagogy-notifications on branch: feature.jk/referral
************* Processing for branch: feature.jk/referral-release *************
branch 'feature.jk/referral-release' set up to track 'origin/feature.jk/referral-release'.
File 'bitbucket-pipelines.yml' exists in repo: pedagogy-notifications on branch: feature.jk/referral-release
************* Processing for branch: feature.sg2/firebase-push *************
branch 'feature.sg2/firebase-push' set up to track 'origin/feature.sg2/firebase-push'.
File 'bitbucket-pipelines.yml' exists in repo: pedagogy-notifications on branch: feature.sg2/firebase-push
************* Processing for branch: feature.sg2/getNotification *************
branch 'feature.sg2/getNotification' set up to track 'origin/feature.sg2/getNotification'.
File 'bitbucket-pipelines.yml' exists in repo: pedagogy-notifications on branch: feature.sg2/getNotification
************* Processing for branch: feature.sg2/machine-id *************
branch 'feature.sg2/machine-id' set up to track 'origin/feature.sg2/machine-id'.
File 'bitbucket-pipelines.yml' exists in repo: pedagogy-notifications on branch: feature.sg2/machine-id
************* Processing for branch: feature.sg2/notification *************
branch 'feature.sg2/notification' set up to track 'origin/feature.sg2/notification'.
File 'bitbucket-pipelines.yml' exists in repo: pedagogy-notifications on branch: feature.sg2/notification
************* Processing for branch: feature.sk/base-branch *************
branch 'feature.sk/base-branch' set up to track 'origin/feature.sk/base-branch'.
File 'bitbucket-pipelines.yml' exists in repo: pedagogy-notifications on branch: feature.sk/base-branch
************* Processing for branch: feature.sk/bulktest *************
branch 'feature.sk/bulktest' set up to track 'origin/feature.sk/bulktest'.
File 'bitbucket-pipelines.yml' exists in repo: pedagogy-notifications on branch: feature.sk/bulktest
************* Processing for branch: feature.sk/newbrach *************
branch 'feature.sk/newbrach' set up to track 'origin/feature.sk/newbrach'.
File 'bitbucket-pipelines.yml' exists in repo: pedagogy-notifications on branch: feature.sk/newbrach
************* Processing for branch: feature.sk/notifications *************
branch 'feature.sk/notifications' set up to track 'origin/feature.sk/notifications'.
File 'bitbucket-pipelines.yml' exists in repo: pedagogy-notifications on branch: feature.sk/notifications
************* Processing for branch: feature.sk/swagger *************
branch 'feature.sk/swagger' set up to track 'origin/feature.sk/swagger'.
File 'bitbucket-pipelines.yml' exists in repo: pedagogy-notifications on branch: feature.sk/swagger
************* Processing for branch: kafka-cosnume *************
branch 'kafka-cosnume' set up to track 'origin/kafka-cosnume'.
File 'bitbucket-pipelines.yml' exists in repo: pedagogy-notifications on branch: kafka-cosnume
************* Processing for branch: kafka-implementation *************
branch 'kafka-implementation' set up to track 'origin/kafka-implementation'.
File 'bitbucket-pipelines.yml' exists in repo: pedagogy-notifications on branch: kafka-implementation
Cleanup completed... for pedagogy-notifications
******************************-----------******************************
working on repo my-account-backend ........ 
************* Processing for branch: develop *************
branch 'develop' set up to track 'origin/develop'.
File 'bitbucket-pipelines.yml' exists in repo: my-account-backend on branch: develop
************* Processing for branch: feature.ar/learner-info *************
branch 'feature.ar/learner-info' set up to track 'origin/feature.ar/learner-info'.
File 'bitbucket-pipelines.yml' exists in repo: my-account-backend on branch: feature.ar/learner-info
************* Processing for branch: feature.jk/referrals-cors *************
branch 'feature.jk/referrals-cors' set up to track 'origin/feature.jk/referrals-cors'.
File 'bitbucket-pipelines.yml' exists in repo: my-account-backend on branch: feature.jk/referrals-cors
************* Processing for branch: feature.jk/temp-dyp-erp-body *************
branch 'feature.jk/temp-dyp-erp-body' set up to track 'origin/feature.jk/temp-dyp-erp-body'.
File 'bitbucket-pipelines.yml' exists in repo: my-account-backend on branch: feature.jk/temp-dyp-erp-body
************* Processing for branch: feature.sg/add-chandigarh-key *************
branch 'feature.sg/add-chandigarh-key' set up to track 'origin/feature.sg/add-chandigarh-key'.
File 'bitbucket-pipelines.yml' exists in repo: my-account-backend on branch: feature.sg/add-chandigarh-key
************* Processing for branch: feature.sg/course-payment-info-changes *************
branch 'feature.sg/course-payment-info-changes' set up to track 'origin/feature.sg/course-payment-info-changes'.
File 'bitbucket-pipelines.yml' exists in repo: my-account-backend on branch: feature.sg/course-payment-info-changes
************* Processing for branch: feature.sg/course-payment-info-dto-change *************
branch 'feature.sg/course-payment-info-dto-change' set up to track 'origin/feature.sg/course-payment-info-dto-change'.
File 'bitbucket-pipelines.yml' exists in repo: my-account-backend on branch: feature.sg/course-payment-info-dto-change
************* Processing for branch: feature.sg/dynamic-freshdesk *************
branch 'feature.sg/dynamic-freshdesk' set up to track 'origin/feature.sg/dynamic-freshdesk'.
File 'bitbucket-pipelines.yml' exists in repo: my-account-backend on branch: feature.sg/dynamic-freshdesk
************* Processing for branch: feature.sg/payment-details-order-change *************
branch 'feature.sg/payment-details-order-change' set up to track 'origin/feature.sg/payment-details-order-change'.
File 'bitbucket-pipelines.yml' exists in repo: my-account-backend on branch: feature.sg/payment-details-order-change
************* Processing for branch: feature.sg/payment-info-changes *************
branch 'feature.sg/payment-info-changes' set up to track 'origin/feature.sg/payment-info-changes'.
File 'bitbucket-pipelines.yml' exists in repo: my-account-backend on branch: feature.sg/payment-info-changes
************* Processing for branch: feature.sg/payments *************
branch 'feature.sg/payments' set up to track 'origin/feature.sg/payments'.
File 'bitbucket-pipelines.yml' exists in repo: my-account-backend on branch: feature.sg/payments
************* Processing for branch: feature.sg/payments2 *************
branch 'feature.sg/payments2' set up to track 'origin/feature.sg/payments2'.
File 'bitbucket-pipelines.yml' exists in repo: my-account-backend on branch: feature.sg/payments2
************* Processing for branch: feature.sg/payments3 *************
branch 'feature.sg/payments3' set up to track 'origin/feature.sg/payments3'.
File 'bitbucket-pipelines.yml' exists in repo: my-account-backend on branch: feature.sg/payments3
************* Processing for branch: feature.sg/receipt-url-change *************
branch 'feature.sg/receipt-url-change' set up to track 'origin/feature.sg/receipt-url-change'.
File 'bitbucket-pipelines.yml' exists in repo: my-account-backend on branch: feature.sg/receipt-url-change
************* Processing for branch: feature.sg/temp-branch-for-return-url *************
branch 'feature.sg/temp-branch-for-return-url' set up to track 'origin/feature.sg/temp-branch-for-return-url'.
File 'bitbucket-pipelines.yml' exists in repo: my-account-backend on branch: feature.sg/temp-branch-for-return-url
************* Processing for branch: feature.sg2/all-tickets *************
branch 'feature.sg2/all-tickets' set up to track 'origin/feature.sg2/all-tickets'.
File 'bitbucket-pipelines.yml' exists in repo: my-account-backend on branch: feature.sg2/all-tickets
************* Processing for branch: feature.sg2/attach *************
branch 'feature.sg2/attach' set up to track 'origin/feature.sg2/attach'.
File 'bitbucket-pipelines.yml' exists in repo: my-account-backend on branch: feature.sg2/attach
************* Processing for branch: feature.sg2/initial-setup *************
branch 'feature.sg2/initial-setup' set up to track 'origin/feature.sg2/initial-setup'.
File 'bitbucket-pipelines.yml' exists in repo: my-account-backend on branch: feature.sg2/initial-setup
************* Processing for branch: feature.sg2/leadid *************
branch 'feature.sg2/leadid' set up to track 'origin/feature.sg2/leadid'.
File 'bitbucket-pipelines.yml' exists in repo: my-account-backend on branch: feature.sg2/leadid
************* Processing for branch: feature.sg2/new-learnerinfo *************
branch 'feature.sg2/new-learnerinfo' set up to track 'origin/feature.sg2/new-learnerinfo'.
File 'bitbucket-pipelines.yml' exists in repo: my-account-backend on branch: feature.sg2/new-learnerinfo
************* Processing for branch: feature.sg2/referral *************
branch 'feature.sg2/referral' set up to track 'origin/feature.sg2/referral'.
File 'bitbucket-pipelines.yml' exists in repo: my-account-backend on branch: feature.sg2/referral
************* Processing for branch: feature.sg2/reply *************
branch 'feature.sg2/reply' set up to track 'origin/feature.sg2/reply'.
File 'bitbucket-pipelines.yml' exists in repo: my-account-backend on branch: feature.sg2/reply
************* Processing for branch: feature.sg2/ticketleadid *************
branch 'feature.sg2/ticketleadid' set up to track 'origin/feature.sg2/ticketleadid'.
File 'bitbucket-pipelines.yml' exists in repo: my-account-backend on branch: feature.sg2/ticketleadid
************* Processing for branch: feature.sg2/updated-referral *************
branch 'feature.sg2/updated-referral' set up to track 'origin/feature.sg2/updated-referral'.
File 'bitbucket-pipelines.yml' exists in repo: my-account-backend on branch: feature.sg2/updated-referral
************* Processing for branch: feature.sg2/username *************
branch 'feature.sg2/username' set up to track 'origin/feature.sg2/username'.
File 'bitbucket-pipelines.yml' exists in repo: my-account-backend on branch: feature.sg2/username
************* Processing for branch: feature.sg2/yml *************
branch 'feature.sg2/yml' set up to track 'origin/feature.sg2/yml'.
File 'bitbucket-pipelines.yml' exists in repo: my-account-backend on branch: feature.sg2/yml
************* Processing for branch: feature.sg2/yml-config *************
branch 'feature.sg2/yml-config' set up to track 'origin/feature.sg2/yml-config'.
File 'bitbucket-pipelines.yml' exists in repo: my-account-backend on branch: feature.sg2/yml-config
************* Processing for branch: feature.ss/exam-banner-api *************
branch 'feature.ss/exam-banner-api' set up to track 'origin/feature.ss/exam-banner-api'.
File 'bitbucket-pipelines.yml' exists in repo: my-account-backend on branch: feature.ss/exam-banner-api
************* Processing for branch: feature.ss/examform-api *************
branch 'feature.ss/examform-api' set up to track 'origin/feature.ss/examform-api'.
File 'bitbucket-pipelines.yml' exists in repo: my-account-backend on branch: feature.ss/examform-api
************* Processing for branch: feature.ss/myaccount-yml *************
branch 'feature.ss/myaccount-yml' set up to track 'origin/feature.ss/myaccount-yml'.
File 'bitbucket-pipelines.yml' exists in repo: my-account-backend on branch: feature.ss/myaccount-yml
************* Processing for branch: feature.ss/yml-change *************
branch 'feature.ss/yml-change' set up to track 'origin/feature.ss/yml-change'.
File 'bitbucket-pipelines.yml' exists in repo: my-account-backend on branch: feature.ss/yml-change
Cleanup completed... for my-account-backend
******************************-----------******************************
working on repo te-app-scripts ........ 
************* Processing for branch: ai_poc *************
branch 'ai_poc' set up to track 'origin/ai_poc'.
File 'bitbucket-pipelines.yml' exists in repo: te-app-scripts on branch: ai_poc
************* Processing for branch: chd-pedagogy *************
branch 'chd-pedagogy' set up to track 'origin/chd-pedagogy'.
File 'bitbucket-pipelines.yml' exists in repo: te-app-scripts on branch: chd-pedagogy
************* Processing for branch: common-dev-setup *************
branch 'common-dev-setup' set up to track 'origin/common-dev-setup'.
File 'bitbucket-pipelines.yml' exists in repo: te-app-scripts on branch: common-dev-setup
************* Processing for branch: develop *************
branch 'develop' set up to track 'origin/develop'.
File 'bitbucket-pipelines.yml' exists in repo: te-app-scripts on branch: develop
************* Processing for branch: erp-endpoint-url-fix *************
branch 'erp-endpoint-url-fix' set up to track 'origin/erp-endpoint-url-fix'.
File 'bitbucket-pipelines.yml' exists in repo: te-app-scripts on branch: erp-endpoint-url-fix
************* Processing for branch: faeture/rr/referral-commomn-dev *************
branch 'faeture/rr/referral-commomn-dev' set up to track 'origin/faeture/rr/referral-commomn-dev'.
File 'bitbucket-pipelines.yml' exists in repo: te-app-scripts on branch: faeture/rr/referral-commomn-dev
************* Processing for branch: feature.MG/replicaFix *************
branch 'feature.MG/replicaFix' set up to track 'origin/feature.MG/replicaFix'.
File 'bitbucket-pipelines.yml' exists in repo: te-app-scripts on branch: feature.MG/replicaFix
************* Processing for branch: feature.am/config-change *************
branch 'feature.am/config-change' set up to track 'origin/feature.am/config-change'.
File 'bitbucket-pipelines.yml' exists in repo: te-app-scripts on branch: feature.am/config-change
************* Processing for branch: feature.ar/andhra-config-update *************
branch 'feature.ar/andhra-config-update' set up to track 'origin/feature.ar/andhra-config-update'.
File 'bitbucket-pipelines.yml' exists in repo: te-app-scripts on branch: feature.ar/andhra-config-update
************* Processing for branch: feature.ar/andhra-elibrary-update *************
branch 'feature.ar/andhra-elibrary-update' set up to track 'origin/feature.ar/andhra-elibrary-update'.
File 'bitbucket-pipelines.yml' exists in repo: te-app-scripts on branch: feature.ar/andhra-elibrary-update
************* Processing for branch: feature.ar/atlas-config *************
branch 'feature.ar/atlas-config' set up to track 'origin/feature.ar/atlas-config'.
File 'bitbucket-pipelines.yml' exists in repo: te-app-scripts on branch: feature.ar/atlas-config
************* Processing for branch: feature.ar/bdu-config-update *************
branch 'feature.ar/bdu-config-update' set up to track 'origin/feature.ar/bdu-config-update'.
File 'bitbucket-pipelines.yml' exists in repo: te-app-scripts on branch: feature.ar/bdu-config-update
************* Processing for branch: feature.ar/chandigarh-email *************
branch 'feature.ar/chandigarh-email' set up to track 'origin/feature.ar/chandigarh-email'.
File 'bitbucket-pipelines.yml' exists in repo: te-app-scripts on branch: feature.ar/chandigarh-email
************* Processing for branch: feature.ar/chandigarh-mobile-app *************
branch 'feature.ar/chandigarh-mobile-app' set up to track 'origin/feature.ar/chandigarh-mobile-app'.
File 'bitbucket-pipelines.yml' exists in repo: te-app-scripts on branch: feature.ar/chandigarh-mobile-app
************* Processing for branch: feature.ar/common-dev-update *************
branch 'feature.ar/common-dev-update' set up to track 'origin/feature.ar/common-dev-update'.
File 'bitbucket-pipelines.yml' exists in repo: te-app-scripts on branch: feature.ar/common-dev-update
************* Processing for branch: feature.ar/config-bdu *************
branch 'feature.ar/config-bdu' set up to track 'origin/feature.ar/config-bdu'.
File 'bitbucket-pipelines.yml' exists in repo: te-app-scripts on branch: feature.ar/config-bdu
************* Processing for branch: feature.ar/config-change-kh *************
branch 'feature.ar/config-change-kh' set up to track 'origin/feature.ar/config-change-kh'.
File 'bitbucket-pipelines.yml' exists in repo: te-app-scripts on branch: feature.ar/config-change-kh
************* Processing for branch: feature.ar/dev-config-changes *************
branch 'feature.ar/dev-config-changes' set up to track 'origin/feature.ar/dev-config-changes'.
File 'bitbucket-pipelines.yml' exists in repo: te-app-scripts on branch: feature.ar/dev-config-changes
************* Processing for branch: feature.ar/jain-config-backend *************
branch 'feature.ar/jain-config-backend' set up to track 'origin/feature.ar/jain-config-backend'.
File 'bitbucket-pipelines.yml' exists in repo: te-app-scripts on branch: feature.ar/jain-config-backend
************* Processing for branch: feature.ar/prod-config-changes *************
branch 'feature.ar/prod-config-changes' set up to track 'origin/feature.ar/prod-config-changes'.
File 'bitbucket-pipelines.yml' exists in repo: te-app-scripts on branch: feature.ar/prod-config-changes
************* Processing for branch: feature.ar/venus-andhra *************
branch 'feature.ar/venus-andhra' set up to track 'origin/feature.ar/venus-andhra'.
File 'bitbucket-pipelines.yml' exists in repo: te-app-scripts on branch: feature.ar/venus-andhra
************* Processing for branch: feature.ar/venus-andhra-config *************
branch 'feature.ar/venus-andhra-config' set up to track 'origin/feature.ar/venus-andhra-config'.
File 'bitbucket-pipelines.yml' exists in repo: te-app-scripts on branch: feature.ar/venus-andhra-config
************* Processing for branch: feature.ar/venus-config-change *************
branch 'feature.ar/venus-config-change' set up to track 'origin/feature.ar/venus-config-change'.
File 'bitbucket-pipelines.yml' exists in repo: te-app-scripts on branch: feature.ar/venus-config-change
************* Processing for branch: feature.ar/venus-config-changes *************
branch 'feature.ar/venus-config-changes' set up to track 'origin/feature.ar/venus-config-changes'.
File 'bitbucket-pipelines.yml' exists in repo: te-app-scripts on branch: feature.ar/venus-config-changes
************* Processing for branch: feature.ar/venus-config-kuk *************
branch 'feature.ar/venus-config-kuk' set up to track 'origin/feature.ar/venus-config-kuk'.
File 'bitbucket-pipelines.yml' exists in repo: te-app-scripts on branch: feature.ar/venus-config-kuk
************* Processing for branch: feature.ar/venus-config-notifications *************
branch 'feature.ar/venus-config-notifications' set up to track 'origin/feature.ar/venus-config-notifications'.
File 'bitbucket-pipelines.yml' exists in repo: te-app-scripts on branch: feature.ar/venus-config-notifications
************* Processing for branch: feature.ar/venus-config-update *************
branch 'feature.ar/venus-config-update' set up to track 'origin/feature.ar/venus-config-update'.
File 'bitbucket-pipelines.yml' exists in repo: te-app-scripts on branch: feature.ar/venus-config-update
************* Processing for branch: feature.ar/venus-config-vgu *************
branch 'feature.ar/venus-config-vgu' set up to track 'origin/feature.ar/venus-config-vgu'.
File 'bitbucket-pipelines.yml' exists in repo: te-app-scripts on branch: feature.ar/venus-config-vgu
************* Processing for branch: feature.ar/venus-dyp-config *************
branch 'feature.ar/venus-dyp-config' set up to track 'origin/feature.ar/venus-dyp-config'.
File 'bitbucket-pipelines.yml' exists in repo: te-app-scripts on branch: feature.ar/venus-dyp-config
************* Processing for branch: feature.ar/venus-mobile-config *************
branch 'feature.ar/venus-mobile-config' set up to track 'origin/feature.ar/venus-mobile-config'.
File 'bitbucket-pipelines.yml' exists in repo: te-app-scripts on branch: feature.ar/venus-mobile-config
************* Processing for branch: feature.hj/andhra *************
branch 'feature.hj/andhra' set up to track 'origin/feature.hj/andhra'.
File 'bitbucket-pipelines.yml' exists in repo: te-app-scripts on branch: feature.hj/andhra
************* Processing for branch: feature.hj/andhra-repeat-collection *************
branch 'feature.hj/andhra-repeat-collection' set up to track 'origin/feature.hj/andhra-repeat-collection'.
File 'bitbucket-pipelines.yml' exists in repo: te-app-scripts on branch: feature.hj/andhra-repeat-collection
************* Processing for branch: feature.hj/atlas-config *************
branch 'feature.hj/atlas-config' set up to track 'origin/feature.hj/atlas-config'.
File 'bitbucket-pipelines.yml' exists in repo: te-app-scripts on branch: feature.hj/atlas-config
************* Processing for branch: feature.hj/atlas-webapp-env *************
branch 'feature.hj/atlas-webapp-env' set up to track 'origin/feature.hj/atlas-webapp-env'.
File 'bitbucket-pipelines.yml' exists in repo: te-app-scripts on branch: feature.hj/atlas-webapp-env
************* Processing for branch: feature.hj/bdu-analytics-key *************
branch 'feature.hj/bdu-analytics-key' set up to track 'origin/feature.hj/bdu-analytics-key'.
File 'bitbucket-pipelines.yml' exists in repo: te-app-scripts on branch: feature.hj/bdu-analytics-key
************* Processing for branch: feature.hj/bdu-config *************
branch 'feature.hj/bdu-config' set up to track 'origin/feature.hj/bdu-config'.
File 'bitbucket-pipelines.yml' exists in repo: te-app-scripts on branch: feature.hj/bdu-config
************* Processing for branch: feature.hj/centurion-config *************
branch 'feature.hj/centurion-config' set up to track 'origin/feature.hj/centurion-config'.
File 'bitbucket-pipelines.yml' exists in repo: te-app-scripts on branch: feature.hj/centurion-config
************* Processing for branch: feature.hj/chandigarh *************
branch 'feature.hj/chandigarh' set up to track 'origin/feature.hj/chandigarh'.
File 'bitbucket-pipelines.yml' exists in repo: te-app-scripts on branch: feature.hj/chandigarh
************* Processing for branch: feature.hj/config-update *************
branch 'feature.hj/config-update' set up to track 'origin/feature.hj/config-update'.
File 'bitbucket-pipelines.yml' exists in repo: te-app-scripts on branch: feature.hj/config-update
************* Processing for branch: feature.hj/dy *************
branch 'feature.hj/dy' set up to track 'origin/feature.hj/dy'.
File 'bitbucket-pipelines.yml' exists in repo: te-app-scripts on branch: feature.hj/dy
************* Processing for branch: feature.hj/kiit *************
branch 'feature.hj/kiit' set up to track 'origin/feature.hj/kiit'.
File 'bitbucket-pipelines.yml' exists in repo: te-app-scripts on branch: feature.hj/kiit
************* Processing for branch: feature.hj/kuk *************
branch 'feature.hj/kuk' set up to track 'origin/feature.hj/kuk'.
File 'bitbucket-pipelines.yml' exists in repo: te-app-scripts on branch: feature.hj/kuk
************* Processing for branch: feature.hj/learner-progress-common *************
branch 'feature.hj/learner-progress-common' set up to track 'origin/feature.hj/learner-progress-common'.
File 'bitbucket-pipelines.yml' exists in repo: te-app-scripts on branch: feature.hj/learner-progress-common
************* Processing for branch: feature.hj/lms-config-update *************
branch 'feature.hj/lms-config-update' set up to track 'origin/feature.hj/lms-config-update'.
File 'bitbucket-pipelines.yml' exists in repo: te-app-scripts on branch: feature.hj/lms-config-update
************* Processing for branch: feature.hj/lms-updates *************
branch 'feature.hj/lms-updates' set up to track 'origin/feature.hj/lms-updates'.
File 'bitbucket-pipelines.yml' exists in repo: te-app-scripts on branch: feature.hj/lms-updates
************* Processing for branch: feature.hj/mgr-config *************
branch 'feature.hj/mgr-config' set up to track 'origin/feature.hj/mgr-config'.
File 'bitbucket-pipelines.yml' exists in repo: te-app-scripts on branch: feature.hj/mgr-config
************* Processing for branch: feature.hj/mgr-config-update *************
branch 'feature.hj/mgr-config-update' set up to track 'origin/feature.hj/mgr-config-update'.
File 'bitbucket-pipelines.yml' exists in repo: te-app-scripts on branch: feature.hj/mgr-config-update
************* Processing for branch: feature.hj/niu *************
branch 'feature.hj/niu' set up to track 'origin/feature.hj/niu'.
File 'bitbucket-pipelines.yml' exists in repo: te-app-scripts on branch: feature.hj/niu
************* Processing for branch: feature.hj/niu-login-variation *************
branch 'feature.hj/niu-login-variation' set up to track 'origin/feature.hj/niu-login-variation'.
File 'bitbucket-pipelines.yml' exists in repo: te-app-scripts on branch: feature.hj/niu-login-variation
************* Processing for branch: feature.hj/pedagogy-fe-common *************
branch 'feature.hj/pedagogy-fe-common' set up to track 'origin/feature.hj/pedagogy-fe-common'.
File 'bitbucket-pipelines.yml' exists in repo: te-app-scripts on branch: feature.hj/pedagogy-fe-common
************* Processing for branch: feature.hj/referral-updates *************
branch 'feature.hj/referral-updates' set up to track 'origin/feature.hj/referral-updates'.
File 'bitbucket-pipelines.yml' exists in repo: te-app-scripts on branch: feature.hj/referral-updates
************* Processing for branch: feature.hj/university-configs *************
branch 'feature.hj/university-configs' set up to track 'origin/feature.hj/university-configs'.
File 'bitbucket-pipelines.yml' exists in repo: te-app-scripts on branch: feature.hj/university-configs
************* Processing for branch: feature.hj/update-sis-url *************
branch 'feature.hj/update-sis-url' set up to track 'origin/feature.hj/update-sis-url'.
File 'bitbucket-pipelines.yml' exists in repo: te-app-scripts on branch: feature.hj/update-sis-url
************* Processing for branch: feature.hj/vgu *************
branch 'feature.hj/vgu' set up to track 'origin/feature.hj/vgu'.
File 'bitbucket-pipelines.yml' exists in repo: te-app-scripts on branch: feature.hj/vgu
************* Processing for branch: feature.jk/referral *************
branch 'feature.jk/referral' set up to track 'origin/feature.jk/referral'.
File 'bitbucket-pipelines.yml' exists in repo: te-app-scripts on branch: feature.jk/referral
************* Processing for branch: feature.jk/referral-origin-header *************
branch 'feature.jk/referral-origin-header' set up to track 'origin/feature.jk/referral-origin-header'.
File 'bitbucket-pipelines.yml' exists in repo: te-app-scripts on branch: feature.jk/referral-origin-header
************* Processing for branch: feature.jk/temp-dyp-erp-body *************
branch 'feature.jk/temp-dyp-erp-body' set up to track 'origin/feature.jk/temp-dyp-erp-body'.
File 'bitbucket-pipelines.yml' exists in repo: te-app-scripts on branch: feature.jk/temp-dyp-erp-body
************* Processing for branch: feature.pa/common-dev-pedagogy *************
branch 'feature.pa/common-dev-pedagogy' set up to track 'origin/feature.pa/common-dev-pedagogy'.
File 'bitbucket-pipelines.yml' exists in repo: te-app-scripts on branch: feature.pa/common-dev-pedagogy
************* Processing for branch: feature.pa/institute-wise-subject *************
branch 'feature.pa/institute-wise-subject' set up to track 'origin/feature.pa/institute-wise-subject'.
File 'bitbucket-pipelines.yml' exists in repo: te-app-scripts on branch: feature.pa/institute-wise-subject
************* Processing for branch: feature.pa/kafka-configs *************
branch 'feature.pa/kafka-configs' set up to track 'origin/feature.pa/kafka-configs'.
File 'bitbucket-pipelines.yml' exists in repo: te-app-scripts on branch: feature.pa/kafka-configs
************* Processing for branch: feature.pb/kuk-config-change *************
branch 'feature.pb/kuk-config-change' set up to track 'origin/feature.pb/kuk-config-change'.
File 'bitbucket-pipelines.yml' exists in repo: te-app-scripts on branch: feature.pb/kuk-config-change
************* Processing for branch: feature.pm/add-repeat-collection-service-base-url *************
branch 'feature.pm/add-repeat-collection-service-base-url' set up to track 'origin/feature.pm/add-repeat-collection-service-base-url'.
File 'bitbucket-pipelines.yml' exists in repo: te-app-scripts on branch: feature.pm/add-repeat-collection-service-base-url
************* Processing for branch: feature.pm/repeat-collection-service-base-url-changes *************
branch 'feature.pm/repeat-collection-service-base-url-changes' set up to track 'origin/feature.pm/repeat-collection-service-base-url-changes'.
File 'bitbucket-pipelines.yml' exists in repo: te-app-scripts on branch: feature.pm/repeat-collection-service-base-url-changes
************* Processing for branch: feature.sd/drillbit-secrets *************
branch 'feature.sd/drillbit-secrets' set up to track 'origin/feature.sd/drillbit-secrets'.
File 'bitbucket-pipelines.yml' exists in repo: te-app-scripts on branch: feature.sd/drillbit-secrets
************* Processing for branch: feature.sg/Coursefee-config *************
branch 'feature.sg/Coursefee-config' set up to track 'origin/feature.sg/Coursefee-config'.
File 'bitbucket-pipelines.yml' exists in repo: te-app-scripts on branch: feature.sg/Coursefee-config
************* Processing for branch: feature.sg/add-atom-test-url *************
branch 'feature.sg/add-atom-test-url' set up to track 'origin/feature.sg/add-atom-test-url'.
File 'bitbucket-pipelines.yml' exists in repo: te-app-scripts on branch: feature.sg/add-atom-test-url
************* Processing for branch: feature.sg/add-cdn-config *************
branch 'feature.sg/add-cdn-config' set up to track 'origin/feature.sg/add-cdn-config'.
File 'bitbucket-pipelines.yml' exists in repo: te-app-scripts on branch: feature.sg/add-cdn-config
************* Processing for branch: feature.sg/add-cdn-configs *************
branch 'feature.sg/add-cdn-configs' set up to track 'origin/feature.sg/add-cdn-configs'.
File 'bitbucket-pipelines.yml' exists in repo: te-app-scripts on branch: feature.sg/add-cdn-configs
************* Processing for branch: feature.sg/add-cloudFront-configuration *************
branch 'feature.sg/add-cloudFront-configuration' set up to track 'origin/feature.sg/add-cloudFront-configuration'.
File 'bitbucket-pipelines.yml' exists in repo: te-app-scripts on branch: feature.sg/add-cloudFront-configuration
************* Processing for branch: feature.sg/add-cloudFront-credential *************
branch 'feature.sg/add-cloudFront-credential' set up to track 'origin/feature.sg/add-cloudFront-credential'.
File 'bitbucket-pipelines.yml' exists in repo: te-app-scripts on branch: feature.sg/add-cloudFront-credential
************* Processing for branch: feature.sg/add-cloudfront-cu *************
branch 'feature.sg/add-cloudfront-cu' set up to track 'origin/feature.sg/add-cloudfront-cu'.
File 'bitbucket-pipelines.yml' exists in repo: te-app-scripts on branch: feature.sg/add-cloudfront-cu
************* Processing for branch: feature.sg/add-common-dev-missinng-key *************
branch 'feature.sg/add-common-dev-missinng-key' set up to track 'origin/feature.sg/add-common-dev-missinng-key'.
File 'bitbucket-pipelines.yml' exists in repo: te-app-scripts on branch: feature.sg/add-common-dev-missinng-key
************* Processing for branch: feature.sg/add-coursefee-fe-script *************
branch 'feature.sg/add-coursefee-fe-script' set up to track 'origin/feature.sg/add-coursefee-fe-script'.
File 'bitbucket-pipelines.yml' exists in repo: te-app-scripts on branch: feature.sg/add-coursefee-fe-script
************* Processing for branch: feature.sg/add-kuber-base-url *************
branch 'feature.sg/add-kuber-base-url' set up to track 'origin/feature.sg/add-kuber-base-url'.
File 'bitbucket-pipelines.yml' exists in repo: te-app-scripts on branch: feature.sg/add-kuber-base-url
************* Processing for branch: feature.sg/add-my-account-base-url *************
branch 'feature.sg/add-my-account-base-url' set up to track 'origin/feature.sg/add-my-account-base-url'.
File 'bitbucket-pipelines.yml' exists in repo: te-app-scripts on branch: feature.sg/add-my-account-base-url
************* Processing for branch: feature.sg/add-pedagogy-base-url-prod *************
branch 'feature.sg/add-pedagogy-base-url-prod' set up to track 'origin/feature.sg/add-pedagogy-base-url-prod'.
File 'bitbucket-pipelines.yml' exists in repo: te-app-scripts on branch: feature.sg/add-pedagogy-base-url-prod
************* Processing for branch: feature.sg/add-pedagogy-base-url-progress *************
branch 'feature.sg/add-pedagogy-base-url-progress' set up to track 'origin/feature.sg/add-pedagogy-base-url-progress'.
File 'bitbucket-pipelines.yml' exists in repo: te-app-scripts on branch: feature.sg/add-pedagogy-base-url-progress
************* Processing for branch: feature.sg/add-vgu-cf *************
branch 'feature.sg/add-vgu-cf' set up to track 'origin/feature.sg/add-vgu-cf'.
File 'bitbucket-pipelines.yml' exists in repo: te-app-scripts on branch: feature.sg/add-vgu-cf
************* Processing for branch: feature.sg/add-yaml-keys *************
branch 'feature.sg/add-yaml-keys' set up to track 'origin/feature.sg/add-yaml-keys'.
File 'bitbucket-pipelines.yml' exists in repo: te-app-scripts on branch: feature.sg/add-yaml-keys
************* Processing for branch: feature.sg/cloudfront-andhra *************
branch 'feature.sg/cloudfront-andhra' set up to track 'origin/feature.sg/cloudfront-andhra'.
File 'bitbucket-pipelines.yml' exists in repo: te-app-scripts on branch: feature.sg/cloudfront-andhra
************* Processing for branch: feature.sg/common-dev-andhra-to-dy *************
branch 'feature.sg/common-dev-andhra-to-dy' set up to track 'origin/feature.sg/common-dev-andhra-to-dy'.
File 'bitbucket-pipelines.yml' exists in repo: te-app-scripts on branch: feature.sg/common-dev-andhra-to-dy
************* Processing for branch: feature.sg/common-dev-db-change *************
branch 'feature.sg/common-dev-db-change' set up to track 'origin/feature.sg/common-dev-db-change'.
File 'bitbucket-pipelines.yml' exists in repo: te-app-scripts on branch: feature.sg/common-dev-db-change
************* Processing for branch: feature.sg/fix-dev-progress-pedagogy-url *************
branch 'feature.sg/fix-dev-progress-pedagogy-url' set up to track 'origin/feature.sg/fix-dev-progress-pedagogy-url'.
File 'bitbucket-pipelines.yml' exists in repo: te-app-scripts on branch: feature.sg/fix-dev-progress-pedagogy-url
************* Processing for branch: feature.sg/jnu-scorm-path-change *************
branch 'feature.sg/jnu-scorm-path-change' set up to track 'origin/feature.sg/jnu-scorm-path-change'.
File 'bitbucket-pipelines.yml' exists in repo: te-app-scripts on branch: feature.sg/jnu-scorm-path-change
************* Processing for branch: feature.sg/keys-kuber *************
branch 'feature.sg/keys-kuber' set up to track 'origin/feature.sg/keys-kuber'.
File 'bitbucket-pipelines.yml' exists in repo: te-app-scripts on branch: feature.sg/keys-kuber
************* Processing for branch: feature.sg/kuber-script-fix *************
branch 'feature.sg/kuber-script-fix' set up to track 'origin/feature.sg/kuber-script-fix'.
File 'bitbucket-pipelines.yml' exists in repo: te-app-scripts on branch: feature.sg/kuber-script-fix
************* Processing for branch: feature.sg/prod-kuber-keys *************
branch 'feature.sg/prod-kuber-keys' set up to track 'origin/feature.sg/prod-kuber-keys'.
File 'bitbucket-pipelines.yml' exists in repo: te-app-scripts on branch: feature.sg/prod-kuber-keys
************* Processing for branch: feature.sg/requery-url-atom *************
branch 'feature.sg/requery-url-atom' set up to track 'origin/feature.sg/requery-url-atom'.
File 'bitbucket-pipelines.yml' exists in repo: te-app-scripts on branch: feature.sg/requery-url-atom
************* Processing for branch: feature.sg/return-url-config *************
branch 'feature.sg/return-url-config' set up to track 'origin/feature.sg/return-url-config'.
File 'bitbucket-pipelines.yml' exists in repo: te-app-scripts on branch: feature.sg/return-url-config
************* Processing for branch: feature.sg/venus-bucket-to-dev *************
branch 'feature.sg/venus-bucket-to-dev' set up to track 'origin/feature.sg/venus-bucket-to-dev'.
File 'bitbucket-pipelines.yml' exists in repo: te-app-scripts on branch: feature.sg/venus-bucket-to-dev
************* Processing for branch: feature.sg/venus-script-fix *************
branch 'feature.sg/venus-script-fix' set up to track 'origin/feature.sg/venus-script-fix'.
File 'bitbucket-pipelines.yml' exists in repo: te-app-scripts on branch: feature.sg/venus-script-fix
************* Processing for branch: feature.sg2/chandi-db-common *************
branch 'feature.sg2/chandi-db-common' set up to track 'origin/feature.sg2/chandi-db-common'.
File 'bitbucket-pipelines.yml' exists in repo: te-app-scripts on branch: feature.sg2/chandi-db-common
************* Processing for branch: feature.sg2/commmon-vgu *************
branch 'feature.sg2/commmon-vgu' set up to track 'origin/feature.sg2/commmon-vgu'.
File 'bitbucket-pipelines.yml' exists in repo: te-app-scripts on branch: feature.sg2/commmon-vgu
************* Processing for branch: feature.sg2/common-plg *************
branch 'feature.sg2/common-plg' set up to track 'origin/feature.sg2/common-plg'.
File 'bitbucket-pipelines.yml' exists in repo: te-app-scripts on branch: feature.sg2/common-plg
************* Processing for branch: feature.sg2/cu-backend *************
branch 'feature.sg2/cu-backend' set up to track 'origin/feature.sg2/cu-backend'.
File 'bitbucket-pipelines.yml' exists in repo: te-app-scripts on branch: feature.sg2/cu-backend
************* Processing for branch: feature.sg2/cu-support *************
branch 'feature.sg2/cu-support' set up to track 'origin/feature.sg2/cu-support'.
File 'bitbucket-pipelines.yml' exists in repo: te-app-scripts on branch: feature.sg2/cu-support
************* Processing for branch: feature.sg2/cu-venus *************
branch 'feature.sg2/cu-venus' set up to track 'origin/feature.sg2/cu-venus'.
File 'bitbucket-pipelines.yml' exists in repo: te-app-scripts on branch: feature.sg2/cu-venus
************* Processing for branch: feature.sg2/dypatil-deploy *************
branch 'feature.sg2/dypatil-deploy' set up to track 'origin/feature.sg2/dypatil-deploy'.
File 'bitbucket-pipelines.yml' exists in repo: te-app-scripts on branch: feature.sg2/dypatil-deploy
************* Processing for branch: feature.sg2/plg-venus *************
branch 'feature.sg2/plg-venus' set up to track 'origin/feature.sg2/plg-venus'.
File 'bitbucket-pipelines.yml' exists in repo: te-app-scripts on branch: feature.sg2/plg-venus
************* Processing for branch: feature.sg2/rest-uni-configupdate *************
branch 'feature.sg2/rest-uni-configupdate' set up to track 'origin/feature.sg2/rest-uni-configupdate'.
File 'bitbucket-pipelines.yml' exists in repo: te-app-scripts on branch: feature.sg2/rest-uni-configupdate
************* Processing for branch: feature.sg2/secondBucket-config-update *************
branch 'feature.sg2/secondBucket-config-update' set up to track 'origin/feature.sg2/secondBucket-config-update'.
File 'bitbucket-pipelines.yml' exists in repo: te-app-scripts on branch: feature.sg2/secondBucket-config-update
************* Processing for branch: feature.sg2/spring-profile *************
branch 'feature.sg2/spring-profile' set up to track 'origin/feature.sg2/spring-profile'.
File 'bitbucket-pipelines.yml' exists in repo: te-app-scripts on branch: feature.sg2/spring-profile
************* Processing for branch: feature.sg2/updated-yml *************
branch 'feature.sg2/updated-yml' set up to track 'origin/feature.sg2/updated-yml'.
File 'bitbucket-pipelines.yml' exists in repo: te-app-scripts on branch: feature.sg2/updated-yml
************* Processing for branch: feature.sg2/venus-dy *************
branch 'feature.sg2/venus-dy' set up to track 'origin/feature.sg2/venus-dy'.
File 'bitbucket-pipelines.yml' exists in repo: te-app-scripts on branch: feature.sg2/venus-dy
************* Processing for branch: feature.sg2/yml *************
branch 'feature.sg2/yml' set up to track 'origin/feature.sg2/yml'.
File 'bitbucket-pipelines.yml' exists in repo: te-app-scripts on branch: feature.sg2/yml
************* Processing for branch: feature.ss/base-url *************
branch 'feature.ss/base-url' set up to track 'origin/feature.ss/base-url'.
File 'bitbucket-pipelines.yml' exists in repo: te-app-scripts on branch: feature.ss/base-url
************* Processing for branch: feature.ss/config-change *************
branch 'feature.ss/config-change' set up to track 'origin/feature.ss/config-change'.
File 'bitbucket-pipelines.yml' exists in repo: te-app-scripts on branch: feature.ss/config-change
************* Processing for branch: feature.ss/config-changes-degree-referral *************
branch 'feature.ss/config-changes-degree-referral' set up to track 'origin/feature.ss/config-changes-degree-referral'.
File 'bitbucket-pipelines.yml' exists in repo: te-app-scripts on branch: feature.ss/config-changes-degree-referral
************* Processing for branch: feature.ss/myaccount-configure *************
branch 'feature.ss/myaccount-configure' set up to track 'origin/feature.ss/myaccount-configure'.
File 'bitbucket-pipelines.yml' exists in repo: te-app-scripts on branch: feature.ss/myaccount-configure
************* Processing for branch: feature.st/centurion *************
branch 'feature.st/centurion' set up to track 'origin/feature.st/centurion'.
File 'bitbucket-pipelines.yml' exists in repo: te-app-scripts on branch: feature.st/centurion
************* Processing for branch: feature/DEG-2749 *************
branch 'feature/DEG-2749' set up to track 'origin/feature/DEG-2749'.
File 'bitbucket-pipelines.yml' exists in repo: te-app-scripts on branch: feature/DEG-2749
************* Processing for branch: feature/adding-RDS-configs-in-degrees-kuber-8thOct *************
branch 'feature/adding-RDS-configs-in-degrees-kuber-8thOct' set up to track 'origin/feature/adding-RDS-configs-in-degrees-kuber-8thOct'.
File 'bitbucket-pipelines.yml' exists in repo: te-app-scripts on branch: feature/adding-RDS-configs-in-degrees-kuber-8thOct
************* Processing for branch: feature/atlas *************
branch 'feature/atlas' set up to track 'origin/feature/atlas'.
File 'bitbucket-pipelines.yml' exists in repo: te-app-scripts on branch: feature/atlas
************* Processing for branch: feature/atlasConfig *************
branch 'feature/atlasConfig' set up to track 'origin/feature/atlasConfig'.
File 'bitbucket-pipelines.yml' exists in repo: te-app-scripts on branch: feature/atlasConfig
************* Processing for branch: feature/degrees-kuber-apps-configs *************
branch 'feature/degrees-kuber-apps-configs' set up to track 'origin/feature/degrees-kuber-apps-configs'.
File 'bitbucket-pipelines.yml' exists in repo: te-app-scripts on branch: feature/degrees-kuber-apps-configs
************* Processing for branch: feature/degrees-referral-update *************
branch 'feature/degrees-referral-update' set up to track 'origin/feature/degrees-referral-update'.
File 'bitbucket-pipelines.yml' exists in repo: te-app-scripts on branch: feature/degrees-referral-update
************* Processing for branch: feature/degrees-repeat-collections-dev-setup-3rdOct *************
branch 'feature/degrees-repeat-collections-dev-setup-3rdOct' set up to track 'origin/feature/degrees-repeat-collections-dev-setup-3rdOct'.
File 'bitbucket-pipelines.yml' exists in repo: te-app-scripts on branch: feature/degrees-repeat-collections-dev-setup-3rdOct
************* Processing for branch: feature/degrees-repeat-collections-prod *************
branch 'feature/degrees-repeat-collections-prod' set up to track 'origin/feature/degrees-repeat-collections-prod'.
File 'bitbucket-pipelines.yml' exists in repo: te-app-scripts on branch: feature/degrees-repeat-collections-prod
************* Processing for branch: feature/kuk-non-prod-setup *************
branch 'feature/kuk-non-prod-setup' set up to track 'origin/feature/kuk-non-prod-setup'.
File 'bitbucket-pipelines.yml' exists in repo: te-app-scripts on branch: feature/kuk-non-prod-setup
************* Processing for branch: feature/new-env-setup *************
branch 'feature/new-env-setup' set up to track 'origin/feature/new-env-setup'.
File 'bitbucket-pipelines.yml' exists in repo: te-app-scripts on branch: feature/new-env-setup
************* Processing for branch: feature/onboard-new-lms *************
branch 'feature/onboard-new-lms' set up to track 'origin/feature/onboard-new-lms'.
File 'bitbucket-pipelines.yml' exists in repo: te-app-scripts on branch: feature/onboard-new-lms
************* Processing for branch: feature/pedadgogy-notification-prod-setup *************
branch 'feature/pedadgogy-notification-prod-setup' set up to track 'origin/feature/pedadgogy-notification-prod-setup'.
File 'bitbucket-pipelines.yml' exists in repo: te-app-scripts on branch: feature/pedadgogy-notification-prod-setup
************* Processing for branch: feature/repeat-collections-dev-healthcheck *************
branch 'feature/repeat-collections-dev-healthcheck' set up to track 'origin/feature/repeat-collections-dev-healthcheck'.
File 'bitbucket-pipelines.yml' exists in repo: te-app-scripts on branch: feature/repeat-collections-dev-healthcheck
************* Processing for branch: feature/updating-secrets-degrees-repeat-collection-16thOct *************
branch 'feature/updating-secrets-degrees-repeat-collection-16thOct' set up to track 'origin/feature/updating-secrets-degrees-repeat-collection-16thOct'.
File 'bitbucket-pipelines.yml' exists in repo: te-app-scripts on branch: feature/updating-secrets-degrees-repeat-collection-16thOct
************* Processing for branch: feature/venus-configs-setup *************
branch 'feature/venus-configs-setup' set up to track 'origin/feature/venus-configs-setup'.
File 'bitbucket-pipelines.yml' exists in repo: te-app-scripts on branch: feature/venus-configs-setup
************* Processing for branch: fetaure.hj/kuk-config *************
branch 'fetaure.hj/kuk-config' set up to track 'origin/fetaure.hj/kuk-config'.
File 'bitbucket-pipelines.yml' exists in repo: te-app-scripts on branch: fetaure.hj/kuk-config
************* Processing for branch: fix/bdu *************
branch 'fix/bdu' set up to track 'origin/fix/bdu'.
File 'bitbucket-pipelines.yml' exists in repo: te-app-scripts on branch: fix/bdu
************* Processing for branch: jnu *************
branch 'jnu' set up to track 'origin/jnu'.
File 'bitbucket-pipelines.yml' exists in repo: te-app-scripts on branch: jnu
************* Processing for branch: pedagogy-memory *************
branch 'pedagogy-memory' set up to track 'origin/pedagogy-memory'.
File 'bitbucket-pipelines.yml' exists in repo: te-app-scripts on branch: pedagogy-memory
************* Processing for branch: release.ar/config-dyp *************
branch 'release.ar/config-dyp' set up to track 'origin/release.ar/config-dyp'.
File 'bitbucket-pipelines.yml' exists in repo: te-app-scripts on branch: release.ar/config-dyp
************* Processing for branch: replicas-panel *************
branch 'replicas-panel' set up to track 'origin/replicas-panel'.
File 'bitbucket-pipelines.yml' exists in repo: te-app-scripts on branch: replicas-panel
************* Processing for branch: secret-update *************
branch 'secret-update' set up to track 'origin/secret-update'.
File 'bitbucket-pipelines.yml' exists in repo: te-app-scripts on branch: secret-update
************* Processing for branch: tr/DEG-2744 *************
branch 'tr/DEG-2744' set up to track 'origin/tr/DEG-2744'.
File 'bitbucket-pipelines.yml' exists in repo: te-app-scripts on branch: tr/DEG-2744
Cleanup completed... for te-app-scripts
******************************-----------******************************
working on repo KIIT-landing ........ 
************* Processing for branch: DEG-2104-kiit-design-wireframes-and-mock *************
branch 'DEG-2104-kiit-design-wireframes-and-mock' set up to track 'origin/DEG-2104-kiit-design-wireframes-and-mock'.
File 'bitbucket-pipelines.yml' exists in repo: KIIT-landing on branch: DEG-2104-kiit-design-wireframes-and-mock
************* Processing for branch: develop *************
branch 'develop' set up to track 'origin/develop'.
File 'bitbucket-pipelines.yml' exists in repo: KIIT-landing on branch: develop
Cleanup completed... for KIIT-landing
******************************-----------******************************
working on repo ecommerce-upgrad ........ 
Cleanup completed... for ecommerce-upgrad
******************************-----------******************************
working on repo kuk-campus-portal ........ 
************* Processing for branch: BugFix-Feature/DEG-2749 *************
branch 'BugFix-Feature/DEG-2749' set up to track 'origin/BugFix-Feature/DEG-2749'.
File 'bitbucket-pipelines.yml' exists in repo: kuk-campus-portal on branch: BugFix-Feature/DEG-2749
************* Processing for branch: DEG-2209-kuk-develop-UI *************
branch 'DEG-2209-kuk-develop-UI' set up to track 'origin/DEG-2209-kuk-develop-UI'.
File 'bitbucket-pipelines.yml' exists in repo: kuk-campus-portal on branch: DEG-2209-kuk-develop-UI
************* Processing for branch: DEG-2297-kuk-cms-architecture-development-design *************
branch 'DEG-2297-kuk-cms-architecture-development-design' set up to track 'origin/DEG-2297-kuk-cms-architecture-development-design'.
File 'bitbucket-pipelines.yml' exists in repo: kuk-campus-portal on branch: DEG-2297-kuk-cms-architecture-development-design
************* Processing for branch: DEG-2297-kuk-cms-architecture-development-design-prod *************
branch 'DEG-2297-kuk-cms-architecture-development-design-prod' set up to track 'origin/DEG-2297-kuk-cms-architecture-development-design-prod'.
File 'bitbucket-pipelines.yml' exists in repo: kuk-campus-portal on branch: DEG-2297-kuk-cms-architecture-development-design-prod
************* Processing for branch: DEG-2742 *************
branch 'DEG-2742' set up to track 'origin/DEG-2742'.
File 'bitbucket-pipelines.yml' exists in repo: kuk-campus-portal on branch: DEG-2742
************* Processing for branch: DEG-2839-kuk-tap-events *************
branch 'DEG-2839-kuk-tap-events' set up to track 'origin/DEG-2839-kuk-tap-events'.
File 'bitbucket-pipelines.yml' exists in repo: kuk-campus-portal on branch: DEG-2839-kuk-tap-events
************* Processing for branch: Feature/DEG-2744 *************
branch 'Feature/DEG-2744' set up to track 'origin/Feature/DEG-2744'.
File 'bitbucket-pipelines.yml' exists in repo: kuk-campus-portal on branch: Feature/DEG-2744
************* Processing for branch: Feature/DEG-2749 *************
branch 'Feature/DEG-2749' set up to track 'origin/Feature/DEG-2749'.
File 'bitbucket-pipelines.yml' exists in repo: kuk-campus-portal on branch: Feature/DEG-2749
************* Processing for branch: Kuk-livelecture *************
branch 'Kuk-livelecture' set up to track 'origin/Kuk-livelecture'.
File 'bitbucket-pipelines.yml' exists in repo: kuk-campus-portal on branch: Kuk-livelecture
************* Processing for branch: MG/Dev *************
branch 'MG/Dev' set up to track 'origin/MG/Dev'.
File 'bitbucket-pipelines.yml' exists in repo: kuk-campus-portal on branch: MG/Dev
************* Processing for branch: MG/Prod *************
branch 'MG/Prod' set up to track 'origin/MG/Prod'.
File 'bitbucket-pipelines.yml' exists in repo: kuk-campus-portal on branch: MG/Prod
************* Processing for branch: MG/promotional-banner *************
branch 'MG/promotional-banner' set up to track 'origin/MG/promotional-banner'.
File 'bitbucket-pipelines.yml' exists in repo: kuk-campus-portal on branch: MG/promotional-banner
************* Processing for branch: PB/Influencer-form *************
branch 'PB/Influencer-form' set up to track 'origin/PB/Influencer-form'.
File 'bitbucket-pipelines.yml' exists in repo: kuk-campus-portal on branch: PB/Influencer-form
************* Processing for branch: PB/Influencer-form-prod *************
branch 'PB/Influencer-form-prod' set up to track 'origin/PB/Influencer-form-prod'.
File 'bitbucket-pipelines.yml' exists in repo: kuk-campus-portal on branch: PB/Influencer-form-prod
************* Processing for branch: PB/Influencer-prod *************
branch 'PB/Influencer-prod' set up to track 'origin/PB/Influencer-prod'.
File 'bitbucket-pipelines.yml' exists in repo: kuk-campus-portal on branch: PB/Influencer-prod
************* Processing for branch: PB/courseDetails-UI-page *************
branch 'PB/courseDetails-UI-page' set up to track 'origin/PB/courseDetails-UI-page'.
File 'bitbucket-pipelines.yml' exists in repo: kuk-campus-portal on branch: PB/courseDetails-UI-page
************* Processing for branch: PB/dev/DEG-2756 *************
branch 'PB/dev/DEG-2756' set up to track 'origin/PB/dev/DEG-2756'.
File 'bitbucket-pipelines.yml' exists in repo: kuk-campus-portal on branch: PB/dev/DEG-2756
************* Processing for branch: PB/diplomaAndCertificate/bugFix *************
branch 'PB/diplomaAndCertificate/bugFix' set up to track 'origin/PB/diplomaAndCertificate/bugFix'.
File 'bitbucket-pipelines.yml' exists in repo: kuk-campus-portal on branch: PB/diplomaAndCertificate/bugFix
************* Processing for branch: PB/diplomaAndCertificates *************
branch 'PB/diplomaAndCertificates' set up to track 'origin/PB/diplomaAndCertificates'.
File 'bitbucket-pipelines.yml' exists in repo: kuk-campus-portal on branch: PB/diplomaAndCertificates
************* Processing for branch: PB/german-language-fee-change *************
branch 'PB/german-language-fee-change' set up to track 'origin/PB/german-language-fee-change'.
File 'bitbucket-pipelines.yml' exists in repo: kuk-campus-portal on branch: PB/german-language-fee-change
************* Processing for branch: PB/influencer-bug-fix *************
branch 'PB/influencer-bug-fix' set up to track 'origin/PB/influencer-bug-fix'.
File 'bitbucket-pipelines.yml' exists in repo: kuk-campus-portal on branch: PB/influencer-bug-fix
************* Processing for branch: PB/influencer-otp-fix *************
branch 'PB/influencer-otp-fix' set up to track 'origin/PB/influencer-otp-fix'.
File 'bitbucket-pipelines.yml' exists in repo: kuk-campus-portal on branch: PB/influencer-otp-fix
************* Processing for branch: PB/influencer-otp-fix-prod *************
branch 'PB/influencer-otp-fix-prod' set up to track 'origin/PB/influencer-otp-fix-prod'.
File 'bitbucket-pipelines.yml' exists in repo: kuk-campus-portal on branch: PB/influencer-otp-fix-prod
************* Processing for branch: PB/lead-otp-testing *************
branch 'PB/lead-otp-testing' set up to track 'origin/PB/lead-otp-testing'.
File 'bitbucket-pipelines.yml' exists in repo: kuk-campus-portal on branch: PB/lead-otp-testing
************* Processing for branch: PB/marketing-bugs-diploma-certificate *************
branch 'PB/marketing-bugs-diploma-certificate' set up to track 'origin/PB/marketing-bugs-diploma-certificate'.
File 'bitbucket-pipelines.yml' exists in repo: kuk-campus-portal on branch: PB/marketing-bugs-diploma-certificate
************* Processing for branch: PB/multiple-otp-test *************
branch 'PB/multiple-otp-test' set up to track 'origin/PB/multiple-otp-test'.
File 'bitbucket-pipelines.yml' exists in repo: kuk-campus-portal on branch: PB/multiple-otp-test
************* Processing for branch: PB/referral-page-prod *************
branch 'PB/referral-page-prod' set up to track 'origin/PB/referral-page-prod'.
File 'bitbucket-pipelines.yml' exists in repo: kuk-campus-portal on branch: PB/referral-page-prod
************* Processing for branch: PB/test-dev-s3 *************
branch 'PB/test-dev-s3' set up to track 'origin/PB/test-dev-s3'.
File 'bitbucket-pipelines.yml' exists in repo: kuk-campus-portal on branch: PB/test-dev-s3
************* Processing for branch: Prod/DEG-2756 *************
branch 'Prod/DEG-2756' set up to track 'origin/Prod/DEG-2756'.
File 'bitbucket-pipelines.yml' exists in repo: kuk-campus-portal on branch: Prod/DEG-2756
************* Processing for branch: bugfix-upendra/change-promotional-banner *************
branch 'bugfix-upendra/change-promotional-banner' set up to track 'origin/bugfix-upendra/change-promotional-banner'.
File 'bitbucket-pipelines.yml' exists in repo: kuk-campus-portal on branch: bugfix-upendra/change-promotional-banner
************* Processing for branch: bugfix-upendra/promotional-banner *************
branch 'bugfix-upendra/promotional-banner' set up to track 'origin/bugfix-upendra/promotional-banner'.
File 'bitbucket-pipelines.yml' exists in repo: kuk-campus-portal on branch: bugfix-upendra/promotional-banner
************* Processing for branch: bugfix-upendra/promotional-banner-bug *************
branch 'bugfix-upendra/promotional-banner-bug' set up to track 'origin/bugfix-upendra/promotional-banner-bug'.
File 'bitbucket-pipelines.yml' exists in repo: kuk-campus-portal on branch: bugfix-upendra/promotional-banner-bug
************* Processing for branch: bugfix-upendra/remove-promotional-banner *************
branch 'bugfix-upendra/remove-promotional-banner' set up to track 'origin/bugfix-upendra/remove-promotional-banner'.
File 'bitbucket-pipelines.yml' exists in repo: kuk-campus-portal on branch: bugfix-upendra/remove-promotional-banner
************* Processing for branch: develop *************
branch 'develop' set up to track 'origin/develop'.
File 'bitbucket-pipelines.yml' exists in repo: kuk-campus-portal on branch: develop
************* Processing for branch: develop-kuk *************
branch 'develop-kuk' set up to track 'origin/develop-kuk'.
File 'bitbucket-pipelines.yml' exists in repo: kuk-campus-portal on branch: develop-kuk
************* Processing for branch: diploma-and-certifications *************
branch 'diploma-and-certifications' set up to track 'origin/diploma-and-certifications'.
File 'bitbucket-pipelines.yml' exists in repo: kuk-campus-portal on branch: diploma-and-certifications
************* Processing for branch: diploma-and-certifications-about-page-add-duration *************
branch 'diploma-and-certifications-about-page-add-duration' set up to track 'origin/diploma-and-certifications-about-page-add-duration'.
File 'bitbucket-pipelines.yml' exists in repo: kuk-campus-portal on branch: diploma-and-certifications-about-page-add-duration
************* Processing for branch: feature-upendra/promotional-banner *************
branch 'feature-upendra/promotional-banner' set up to track 'origin/feature-upendra/promotional-banner'.
File 'bitbucket-pipelines.yml' exists in repo: kuk-campus-portal on branch: feature-upendra/promotional-banner
************* Processing for branch: feature/DEG-2743 *************
branch 'feature/DEG-2743' set up to track 'origin/feature/DEG-2743'.
File 'bitbucket-pipelines.yml' exists in repo: kuk-campus-portal on branch: feature/DEG-2743
************* Processing for branch: fix-upendra/disable-promotional-banner *************
branch 'fix-upendra/disable-promotional-banner' set up to track 'origin/fix-upendra/disable-promotional-banner'.
File 'bitbucket-pipelines.yml' exists in repo: kuk-campus-portal on branch: fix-upendra/disable-promotional-banner
************* Processing for branch: hotfix/promotional-banner *************
branch 'hotfix/promotional-banner' set up to track 'origin/hotfix/promotional-banner'.
File 'bitbucket-pipelines.yml' exists in repo: kuk-campus-portal on branch: hotfix/promotional-banner
************* Processing for branch: kuk-clever-tap-events *************
branch 'kuk-clever-tap-events' set up to track 'origin/kuk-clever-tap-events'.
File 'bitbucket-pipelines.yml' exists in repo: kuk-campus-portal on branch: kuk-clever-tap-events
************* Processing for branch: kuk-live-lecture *************
branch 'kuk-live-lecture' set up to track 'origin/kuk-live-lecture'.
File 'bitbucket-pipelines.yml' exists in repo: kuk-campus-portal on branch: kuk-live-lecture
************* Processing for branch: kuk-liveLecture-ui *************
branch 'kuk-liveLecture-ui' set up to track 'origin/kuk-liveLecture-ui'.
File 'bitbucket-pipelines.yml' exists in repo: kuk-campus-portal on branch: kuk-liveLecture-ui
************* Processing for branch: kuk-tap-events *************
branch 'kuk-tap-events' set up to track 'origin/kuk-tap-events'.
File 'bitbucket-pipelines.yml' exists in repo: kuk-campus-portal on branch: kuk-tap-events
************* Processing for branch: live-lecture *************
branch 'live-lecture' set up to track 'origin/live-lecture'.
File 'bitbucket-pipelines.yml' exists in repo: kuk-campus-portal on branch: live-lecture
************* Processing for branch: live-lecture-final *************
branch 'live-lecture-final' set up to track 'origin/live-lecture-final'.
File 'bitbucket-pipelines.yml' exists in repo: kuk-campus-portal on branch: live-lecture-final
************* Processing for branch: live-lecture-prod *************
branch 'live-lecture-prod' set up to track 'origin/live-lecture-prod'.
File 'bitbucket-pipelines.yml' exists in repo: kuk-campus-portal on branch: live-lecture-prod
************* Processing for branch: live-lecture-prod-chages *************
branch 'live-lecture-prod-chages' set up to track 'origin/live-lecture-prod-chages'.
File 'bitbucket-pipelines.yml' exists in repo: kuk-campus-portal on branch: live-lecture-prod-chages
************* Processing for branch: release/4-3-25 *************
branch 'release/4-3-25' set up to track 'origin/release/4-3-25'.
File 'bitbucket-pipelines.yml' exists in repo: kuk-campus-portal on branch: release/4-3-25
************* Processing for branch: release/lead-drop-changes *************
branch 'release/lead-drop-changes' set up to track 'origin/release/lead-drop-changes'.
File 'bitbucket-pipelines.yml' exists in repo: kuk-campus-portal on branch: release/lead-drop-changes
************* Processing for branch: revert-pr-25 *************
branch 'revert-pr-25' set up to track 'origin/revert-pr-25'.
File 'bitbucket-pipelines.yml' exists in repo: kuk-campus-portal on branch: revert-pr-25
************* Processing for branch: revert-pr-26 *************
branch 'revert-pr-26' set up to track 'origin/revert-pr-26'.
File 'bitbucket-pipelines.yml' exists in repo: kuk-campus-portal on branch: revert-pr-26
************* Processing for branch: test-webvitals *************
branch 'test-webvitals' set up to track 'origin/test-webvitals'.
File 'bitbucket-pipelines.yml' exists in repo: kuk-campus-portal on branch: test-webvitals
************* Processing for branch: testConversion *************
branch 'testConversion' set up to track 'origin/testConversion'.
File 'bitbucket-pipelines.yml' exists in repo: kuk-campus-portal on branch: testConversion
Cleanup completed... for kuk-campus-portal
******************************-----------******************************
working on repo pedagogy-frontend-automation ........ 
************* Processing for branch: intial-commit *************
branch 'intial-commit' set up to track 'origin/intial-commit'.
File 'bitbucket-pipelines.yml' exists in repo: pedagogy-frontend-automation on branch: intial-commit
Cleanup completed... for pedagogy-frontend-automation
******************************-----------******************************
working on repo talentedge-centurion_website ........ 
************* Processing for branch: cu_production *************
branch 'cu_production' set up to track 'origin/cu_production'.
File 'bitbucket-pipelines.yml' exists in repo: talentedge-centurion_website on branch: cu_production
************* Processing for branch: deploy_production *************
branch 'deploy_production' set up to track 'origin/deploy_production'.
File 'bitbucket-pipelines.yml' exists in repo: talentedge-centurion_website on branch: deploy_production
************* Processing for branch: dev_kapil *************
branch 'dev_kapil' set up to track 'origin/dev_kapil'.
File 'bitbucket-pipelines.yml' exists in repo: talentedge-centurion_website on branch: dev_kapil
************* Processing for branch: proud.cuedu.in *************
Your branch is up to date with 'origin/proud.cuedu.in'.
File 'bitbucket-pipelines.yml' exists in repo: talentedge-centurion_website on branch: proud.cuedu.in
************* Processing for branch: uat.cuedu.in *************
branch 'uat.cuedu.in' set up to track 'origin/uat.cuedu.in'.
File 'bitbucket-pipelines.yml' exists in repo: talentedge-centurion_website on branch: uat.cuedu.in
Cleanup completed... for talentedge-centurion_website
******************************-----------******************************
working on repo degrees-repeat-collections ........ 
************* Processing for branch: feature.ar/andhra-payment-notifications *************
branch 'feature.ar/andhra-payment-notifications' set up to track 'origin/feature.ar/andhra-payment-notifications'.
File 'bitbucket-pipelines.yml' exists in repo: degrees-repeat-collections on branch: feature.ar/andhra-payment-notifications
************* Processing for branch: feature.ar/common-changes-rc *************
branch 'feature.ar/common-changes-rc' set up to track 'origin/feature.ar/common-changes-rc'.
File 'bitbucket-pipelines.yml' exists in repo: degrees-repeat-collections on branch: feature.ar/common-changes-rc
************* Processing for branch: feature.ar/payment-notification *************
branch 'feature.ar/payment-notification' set up to track 'origin/feature.ar/payment-notification'.
File 'bitbucket-pipelines.yml' exists in repo: degrees-repeat-collections on branch: feature.ar/payment-notification
************* Processing for branch: feature.ar/payment-notification-rc *************
branch 'feature.ar/payment-notification-rc' set up to track 'origin/feature.ar/payment-notification-rc'.
File 'bitbucket-pipelines.yml' exists in repo: degrees-repeat-collections on branch: feature.ar/payment-notification-rc
************* Processing for branch: feature.ar/payment-notifications *************
branch 'feature.ar/payment-notifications' set up to track 'origin/feature.ar/payment-notifications'.
File 'bitbucket-pipelines.yml' exists in repo: degrees-repeat-collections on branch: feature.ar/payment-notifications
************* Processing for branch: feature.pa/repeat-collection-source *************
branch 'feature.pa/repeat-collection-source' set up to track 'origin/feature.pa/repeat-collection-source'.
File 'bitbucket-pipelines.yml' exists in repo: degrees-repeat-collections on branch: feature.pa/repeat-collection-source
************* Processing for branch: feature.pm/repeat-collection-due-amount-changes *************
branch 'feature.pm/repeat-collection-due-amount-changes' set up to track 'origin/feature.pm/repeat-collection-due-amount-changes'.
File 'bitbucket-pipelines.yml' exists in repo: degrees-repeat-collections on branch: feature.pm/repeat-collection-due-amount-changes
************* Processing for branch: feature.pm/repeat-collection-email-notification-changes *************
branch 'feature.pm/repeat-collection-email-notification-changes' set up to track 'origin/feature.pm/repeat-collection-email-notification-changes'.
File 'bitbucket-pipelines.yml' exists in repo: degrees-repeat-collections on branch: feature.pm/repeat-collection-email-notification-changes
************* Processing for branch: feature.pm/repeat-collection-email-notification-changes-test *************
branch 'feature.pm/repeat-collection-email-notification-changes-test' set up to track 'origin/feature.pm/repeat-collection-email-notification-changes-test'.
File 'bitbucket-pipelines.yml' exists in repo: degrees-repeat-collections on branch: feature.pm/repeat-collection-email-notification-changes-test
************* Processing for branch: feature.pm/repeat-collection-phase2-changes *************
branch 'feature.pm/repeat-collection-phase2-changes' set up to track 'origin/feature.pm/repeat-collection-phase2-changes'.
File 'bitbucket-pipelines.yml' exists in repo: degrees-repeat-collections on branch: feature.pm/repeat-collection-phase2-changes
************* Processing for branch: feature.pm/repeat-collection-phase2-changes-temp *************
branch 'feature.pm/repeat-collection-phase2-changes-temp' set up to track 'origin/feature.pm/repeat-collection-phase2-changes-temp'.
File 'bitbucket-pipelines.yml' exists in repo: degrees-repeat-collections on branch: feature.pm/repeat-collection-phase2-changes-temp
************* Processing for branch: feature.sg/common-ph-fix *************
branch 'feature.sg/common-ph-fix' set up to track 'origin/feature.sg/common-ph-fix'.
File 'bitbucket-pipelines.yml' exists in repo: degrees-repeat-collections on branch: feature.sg/common-ph-fix
************* Processing for branch: feature.sg/requery-call *************
branch 'feature.sg/requery-call' set up to track 'origin/feature.sg/requery-call'.
File 'bitbucket-pipelines.yml' exists in repo: degrees-repeat-collections on branch: feature.sg/requery-call
************* Processing for branch: feature.sg/sync-commit-revert *************
branch 'feature.sg/sync-commit-revert' set up to track 'origin/feature.sg/sync-commit-revert'.
File 'bitbucket-pipelines.yml' exists in repo: degrees-repeat-collections on branch: feature.sg/sync-commit-revert
************* Processing for branch: feature.ss/common-head-change *************
branch 'feature.ss/common-head-change' set up to track 'origin/feature.ss/common-head-change'.
File 'bitbucket-pipelines.yml' exists in repo: degrees-repeat-collections on branch: feature.ss/common-head-change
************* Processing for branch: feature.ss/common-head-change1 *************
branch 'feature.ss/common-head-change1' set up to track 'origin/feature.ss/common-head-change1'.
File 'bitbucket-pipelines.yml' exists in repo: degrees-repeat-collections on branch: feature.ss/common-head-change1
************* Processing for branch: feature.ss/common-repeat *************
branch 'feature.ss/common-repeat' set up to track 'origin/feature.ss/common-repeat'.
File 'bitbucket-pipelines.yml' exists in repo: degrees-repeat-collections on branch: feature.ss/common-repeat
************* Processing for branch: feature.ss/common-repeat-changes *************
branch 'feature.ss/common-repeat-changes' set up to track 'origin/feature.ss/common-repeat-changes'.
File 'bitbucket-pipelines.yml' exists in repo: degrees-repeat-collections on branch: feature.ss/common-repeat-changes
************* Processing for branch: feature.ss/nextPaymentHead-change *************
branch 'feature.ss/nextPaymentHead-change' set up to track 'origin/feature.ss/nextPaymentHead-change'.
File 'bitbucket-pipelines.yml' exists in repo: degrees-repeat-collections on branch: feature.ss/nextPaymentHead-change
************* Processing for branch: feature.ss/payment-banner-api *************
branch 'feature.ss/payment-banner-api' set up to track 'origin/feature.ss/payment-banner-api'.
File 'bitbucket-pipelines.yml' exists in repo: degrees-repeat-collections on branch: feature.ss/payment-banner-api
************* Processing for branch: feature.ss/payment-info-change *************
branch 'feature.ss/payment-info-change' set up to track 'origin/feature.ss/payment-info-change'.
File 'bitbucket-pipelines.yml' exists in repo: degrees-repeat-collections on branch: feature.ss/payment-info-change
************* Processing for branch: feature.ss/payment-installment-api *************
branch 'feature.ss/payment-installment-api' set up to track 'origin/feature.ss/payment-installment-api'.
File 'bitbucket-pipelines.yml' exists in repo: degrees-repeat-collections on branch: feature.ss/payment-installment-api
************* Processing for branch: feature.ss/repeat-collection-changes *************
branch 'feature.ss/repeat-collection-changes' set up to track 'origin/feature.ss/repeat-collection-changes'.
File 'bitbucket-pipelines.yml' exists in repo: degrees-repeat-collections on branch: feature.ss/repeat-collection-changes
************* Processing for branch: feature.ss/repeat-collection-new-changes *************
branch 'feature.ss/repeat-collection-new-changes' set up to track 'origin/feature.ss/repeat-collection-new-changes'.
File 'bitbucket-pipelines.yml' exists in repo: degrees-repeat-collections on branch: feature.ss/repeat-collection-new-changes
************* Processing for branch: feature.ss/summary-api-change *************
branch 'feature.ss/summary-api-change' set up to track 'origin/feature.ss/summary-api-change'.
File 'bitbucket-pipelines.yml' exists in repo: degrees-repeat-collections on branch: feature.ss/summary-api-change
************* Processing for branch: feature.ss/venus-repeat *************
branch 'feature.ss/venus-repeat' set up to track 'origin/feature.ss/venus-repeat'.
File 'bitbucket-pipelines.yml' exists in repo: degrees-repeat-collections on branch: feature.ss/venus-repeat
************* Processing for branch: feature/common-dev *************
branch 'feature/common-dev' set up to track 'origin/feature/common-dev'.
File 'bitbucket-pipelines.yml' exists in repo: degrees-repeat-collections on branch: feature/common-dev
Cleanup completed... for degrees-repeat-collections
******************************-----------******************************
working on repo Impartus-Landing-Page ........ 
************* Processing for branch: develop *************
branch 'develop' set up to track 'origin/develop'.
File 'bitbucket-pipelines.yml' exists in repo: Impartus-Landing-Page on branch: develop
************* Processing for branch: release/impartus-landing-page *************
branch 'release/impartus-landing-page' set up to track 'origin/release/impartus-landing-page'.
File 'bitbucket-pipelines.yml' exists in repo: Impartus-Landing-Page on branch: release/impartus-landing-page
Cleanup completed... for Impartus-Landing-Page
******************************-----------******************************
working on repo degrees-kuber ........ 
************* Processing for branch: develop *************
branch 'develop' set up to track 'origin/develop'.
File 'bitbucket-pipelines.yml' exists in repo: degrees-kuber on branch: develop
************* Processing for branch: feature.pm/repeat-collection-phase2-changes *************
branch 'feature.pm/repeat-collection-phase2-changes' set up to track 'origin/feature.pm/repeat-collection-phase2-changes'.
File 'bitbucket-pipelines.yml' exists in repo: degrees-kuber on branch: feature.pm/repeat-collection-phase2-changes
************* Processing for branch: feature.sg/add-deafult-value-in-atom-payload *************
branch 'feature.sg/add-deafult-value-in-atom-payload' set up to track 'origin/feature.sg/add-deafult-value-in-atom-payload'.
File 'bitbucket-pipelines.yml' exists in repo: degrees-kuber on branch: feature.sg/add-deafult-value-in-atom-payload
************* Processing for branch: feature.sg/atom-prod *************
branch 'feature.sg/atom-prod' set up to track 'origin/feature.sg/atom-prod'.
File 'bitbucket-pipelines.yml' exists in repo: degrees-kuber on branch: feature.sg/atom-prod
************* Processing for branch: feature.sg/atom-requery *************
branch 'feature.sg/atom-requery' set up to track 'origin/feature.sg/atom-requery'.
File 'bitbucket-pipelines.yml' exists in repo: degrees-kuber on branch: feature.sg/atom-requery
************* Processing for branch: feature.sg/callback-dev-to-prod *************
branch 'feature.sg/callback-dev-to-prod' set up to track 'origin/feature.sg/callback-dev-to-prod'.
File 'bitbucket-pipelines.yml' exists in repo: degrees-kuber on branch: feature.sg/callback-dev-to-prod
************* Processing for branch: feature.sg/centurian-prod *************
branch 'feature.sg/centurian-prod' set up to track 'origin/feature.sg/centurian-prod'.
File 'bitbucket-pipelines.yml' exists in repo: degrees-kuber on branch: feature.sg/centurian-prod
************* Processing for branch: feature.sg/chandigarh-test *************
branch 'feature.sg/chandigarh-test' set up to track 'origin/feature.sg/chandigarh-test'.
File 'bitbucket-pipelines.yml' exists in repo: degrees-kuber on branch: feature.sg/chandigarh-test
************* Processing for branch: feature.sg/change-dy-mid *************
branch 'feature.sg/change-dy-mid' set up to track 'origin/feature.sg/change-dy-mid'.
File 'bitbucket-pipelines.yml' exists in repo: degrees-kuber on branch: feature.sg/change-dy-mid
************* Processing for branch: feature.sg/code-improvement *************
branch 'feature.sg/code-improvement' set up to track 'origin/feature.sg/code-improvement'.
File 'bitbucket-pipelines.yml' exists in repo: degrees-kuber on branch: feature.sg/code-improvement
************* Processing for branch: feature.sg/error-fixes-1 *************
branch 'feature.sg/error-fixes-1' set up to track 'origin/feature.sg/error-fixes-1'.
File 'bitbucket-pipelines.yml' exists in repo: degrees-kuber on branch: feature.sg/error-fixes-1
************* Processing for branch: feature.sg/icici-callback *************
branch 'feature.sg/icici-callback' set up to track 'origin/feature.sg/icici-callback'.
File 'bitbucket-pipelines.yml' exists in repo: degrees-kuber on branch: feature.sg/icici-callback
************* Processing for branch: feature.sg/icici-gateway-integration *************
branch 'feature.sg/icici-gateway-integration' set up to track 'origin/feature.sg/icici-gateway-integration'.
File 'bitbucket-pipelines.yml' exists in repo: degrees-kuber on branch: feature.sg/icici-gateway-integration
************* Processing for branch: feature.sg/ignore-pending-atom *************
branch 'feature.sg/ignore-pending-atom' set up to track 'origin/feature.sg/ignore-pending-atom'.
File 'bitbucket-pipelines.yml' exists in repo: degrees-kuber on branch: feature.sg/ignore-pending-atom
************* Processing for branch: feature.sg/initial-setup-payment-service *************
branch 'feature.sg/initial-setup-payment-service' set up to track 'origin/feature.sg/initial-setup-payment-service'.
File 'bitbucket-pipelines.yml' exists in repo: degrees-kuber on branch: feature.sg/initial-setup-payment-service
************* Processing for branch: feature.sg/intial-commit-for-payment-service *************
branch 'feature.sg/intial-commit-for-payment-service' set up to track 'origin/feature.sg/intial-commit-for-payment-service'.
File 'bitbucket-pipelines.yml' exists in repo: degrees-kuber on branch: feature.sg/intial-commit-for-payment-service
************* Processing for branch: feature.sg/yaml-config *************
branch 'feature.sg/yaml-config' set up to track 'origin/feature.sg/yaml-config'.
File 'bitbucket-pipelines.yml' exists in repo: degrees-kuber on branch: feature.sg/yaml-config
************* Processing for branch: sonat-test *************
branch 'sonat-test' set up to track 'origin/sonat-test'.
File 'bitbucket-pipelines.yml' exists in repo: degrees-kuber on branch: sonat-test
Cleanup completed... for degrees-kuber
******************************-----------******************************
working on repo te-website-e2e-automation ........ 
************* Processing for branch: BDU *************
branch 'BDU' set up to track 'origin/BDU'.
File 'bitbucket-pipelines.yml' exists in repo: te-website-e2e-automation on branch: BDU
************* Processing for branch: DYP *************
branch 'DYP' set up to track 'origin/DYP'.
File 'bitbucket-pipelines.yml' exists in repo: te-website-e2e-automation on branch: DYP
Cleanup completed... for te-website-e2e-automation
******************************-----------******************************
working on repo centurion_campus_portal ........ 
************* Processing for branch: DEG-2441-centurion-web-portal *************
branch 'DEG-2441-centurion-web-portal' set up to track 'origin/DEG-2441-centurion-web-portal'.
File 'bitbucket-pipelines.yml' exists in repo: centurion_campus_portal on branch: DEG-2441-centurion-web-portal
************* Processing for branch: DEG-2448-centurion-sections *************
branch 'DEG-2448-centurion-sections' set up to track 'origin/DEG-2448-centurion-sections'.
File 'bitbucket-pipelines.yml' exists in repo: centurion_campus_portal on branch: DEG-2448-centurion-sections
************* Processing for branch: develop *************
branch 'develop' set up to track 'origin/develop'.
File 'bitbucket-pipelines.yml' exists in repo: centurion_campus_portal on branch: develop
************* Processing for branch: feature.hj/bca-msc-config *************
branch 'feature.hj/bca-msc-config' set up to track 'origin/feature.hj/bca-msc-config'.
File 'bitbucket-pipelines.yml' exists in repo: centurion_campus_portal on branch: feature.hj/bca-msc-config
************* Processing for branch: feature.hj/fix-build *************
branch 'feature.hj/fix-build' set up to track 'origin/feature.hj/fix-build'.
File 'bitbucket-pipelines.yml' exists in repo: centurion_campus_portal on branch: feature.hj/fix-build
************* Processing for branch: feature.hj/fix-calendar-spacing *************
branch 'feature.hj/fix-calendar-spacing' set up to track 'origin/feature.hj/fix-calendar-spacing'.
File 'bitbucket-pipelines.yml' exists in repo: centurion_campus_portal on branch: feature.hj/fix-calendar-spacing
************* Processing for branch: feature.hj/lead-drop *************
branch 'feature.hj/lead-drop' set up to track 'origin/feature.hj/lead-drop'.
File 'bitbucket-pipelines.yml' exists in repo: centurion_campus_portal on branch: feature.hj/lead-drop
************* Processing for branch: feature.hj/ui-components *************
branch 'feature.hj/ui-components' set up to track 'origin/feature.hj/ui-components'.
File 'bitbucket-pipelines.yml' exists in repo: centurion_campus_portal on branch: feature.hj/ui-components
************* Processing for branch: feature.hj/ui-fixes *************
branch 'feature.hj/ui-fixes' set up to track 'origin/feature.hj/ui-fixes'.
File 'bitbucket-pipelines.yml' exists in repo: centurion_campus_portal on branch: feature.hj/ui-fixes
************* Processing for branch: feature.st/lead-drop *************
branch 'feature.st/lead-drop' set up to track 'origin/feature.st/lead-drop'.
File 'bitbucket-pipelines.yml' exists in repo: centurion_campus_portal on branch: feature.st/lead-drop
************* Processing for branch: fix.st/webapp-fixes *************
branch 'fix.st/webapp-fixes' set up to track 'origin/fix.st/webapp-fixes'.
File 'bitbucket-pipelines.yml' exists in repo: centurion_campus_portal on branch: fix.st/webapp-fixes
************* Processing for branch: ut/webaap *************
branch 'ut/webaap' set up to track 'origin/ut/webaap'.
File 'bitbucket-pipelines.yml' exists in repo: centurion_campus_portal on branch: ut/webaap
Cleanup completed... for centurion_campus_portal
******************************-----------******************************
working on repo common-referral ........ 
************* Processing for branch: create-campiagn-modal *************
branch 'create-campiagn-modal' set up to track 'origin/create-campiagn-modal'.
File 'bitbucket-pipelines.yml' exists in repo: common-referral on branch: create-campiagn-modal
************* Processing for branch: delete/package-lock *************
branch 'delete/package-lock' set up to track 'origin/delete/package-lock'.
File 'bitbucket-pipelines.yml' exists in repo: common-referral on branch: delete/package-lock
************* Processing for branch: develop *************
branch 'develop' set up to track 'origin/develop'.
File 'bitbucket-pipelines.yml' exists in repo: common-referral on branch: develop
************* Processing for branch: feature.ar/common-branch *************
branch 'feature.ar/common-branch' set up to track 'origin/feature.ar/common-branch'.
File 'bitbucket-pipelines.yml' exists in repo: common-referral on branch: feature.ar/common-branch
************* Processing for branch: feature.ar/common-sync-branch *************
branch 'feature.ar/common-sync-branch' set up to track 'origin/feature.ar/common-sync-branch'.
File 'bitbucket-pipelines.yml' exists in repo: common-referral on branch: feature.ar/common-sync-branch
************* Processing for branch: feature.ar/login-screen *************
branch 'feature.ar/login-screen' set up to track 'origin/feature.ar/login-screen'.
File 'bitbucket-pipelines.yml' exists in repo: common-referral on branch: feature.ar/login-screen
************* Processing for branch: feature.ar/private-routes-handling *************
branch 'feature.ar/private-routes-handling' set up to track 'origin/feature.ar/private-routes-handling'.
File 'bitbucket-pipelines.yml' exists in repo: common-referral on branch: feature.ar/private-routes-handling
************* Processing for branch: feature.ar/referral-login *************
branch 'feature.ar/referral-login' set up to track 'origin/feature.ar/referral-login'.
File 'bitbucket-pipelines.yml' exists in repo: common-referral on branch: feature.ar/referral-login
************* Processing for branch: feature.sg2/api-tables *************
branch 'feature.sg2/api-tables' set up to track 'origin/feature.sg2/api-tables'.
File 'bitbucket-pipelines.yml' exists in repo: common-referral on branch: feature.sg2/api-tables
************* Processing for branch: feature.sg2/box-dropdown *************
branch 'feature.sg2/box-dropdown' set up to track 'origin/feature.sg2/box-dropdown'.
File 'bitbucket-pipelines.yml' exists in repo: common-referral on branch: feature.sg2/box-dropdown
************* Processing for branch: feature.sg2/code-refactor *************
branch 'feature.sg2/code-refactor' set up to track 'origin/feature.sg2/code-refactor'.
File 'bitbucket-pipelines.yml' exists in repo: common-referral on branch: feature.sg2/code-refactor
************* Processing for branch: feature.sg2/saturday-fix *************
branch 'feature.sg2/saturday-fix' set up to track 'origin/feature.sg2/saturday-fix'.
File 'bitbucket-pipelines.yml' exists in repo: common-referral on branch: feature.sg2/saturday-fix
************* Processing for branch: feature.sg2/tables *************
branch 'feature.sg2/tables' set up to track 'origin/feature.sg2/tables'.
File 'bitbucket-pipelines.yml' exists in repo: common-referral on branch: feature.sg2/tables
************* Processing for branch: form-ui-fix *************
branch 'form-ui-fix' set up to track 'origin/form-ui-fix'.
File 'bitbucket-pipelines.yml' exists in repo: common-referral on branch: form-ui-fix
************* Processing for branch: layout-design *************
branch 'layout-design' set up to track 'origin/layout-design'.
File 'bitbucket-pipelines.yml' exists in repo: common-referral on branch: layout-design
************* Processing for branch: login-ui-fix *************
branch 'login-ui-fix' set up to track 'origin/login-ui-fix'.
File 'bitbucket-pipelines.yml' exists in repo: common-referral on branch: login-ui-fix
************* Processing for branch: repo-setup *************
branch 'repo-setup' set up to track 'origin/repo-setup'.
File 'bitbucket-pipelines.yml' exists in repo: common-referral on branch: repo-setup
Cleanup completed... for common-referral
******************************-----------******************************
working on repo niuonline_website ........ 
************* Processing for branch: niu_uat *************
branch 'niu_uat' set up to track 'origin/niu_uat'.
File 'bitbucket-pipelines.yml' exists in repo: niuonline_website on branch: niu_uat
Cleanup completed... for niuonline_website
******************************-----------******************************
working on repo pedagogy-mobile-cloud-functions ........ 
Cleanup completed... for pedagogy-mobile-cloud-functions
******************************-----------******************************
working on repo upgrad-disha ........ 
************* Processing for branch: feature.hj/add-meta-and-noindex *************
branch 'feature.hj/add-meta-and-noindex' set up to track 'origin/feature.hj/add-meta-and-noindex'.
File 'bitbucket-pipelines.yml' exists in repo: upgrad-disha on branch: feature.hj/add-meta-and-noindex
************* Processing for branch: upgrd-disha *************
branch 'upgrd-disha' set up to track 'origin/upgrd-disha'.
File 'bitbucket-pipelines.yml' exists in repo: upgrad-disha on branch: upgrd-disha
Cleanup completed... for upgrad-disha
******************************-----------******************************
working on repo truffle-test ........ 
Cleanup completed... for truffle-test
******************************-----------******************************
working on repo atlas-university-website ........ 
************* Processing for branch: DEG-2863/feature *************
branch 'DEG-2863/feature' set up to track 'origin/DEG-2863/feature'.
File 'bitbucket-pipelines.yml' exists in repo: atlas-university-website on branch: DEG-2863/feature
************* Processing for branch: bugfix/accrediation *************
branch 'bugfix/accrediation' set up to track 'origin/bugfix/accrediation'.
File 'bitbucket-pipelines.yml' exists in repo: atlas-university-website on branch: bugfix/accrediation
************* Processing for branch: bugfix/atlas *************
branch 'bugfix/atlas' set up to track 'origin/bugfix/atlas'.
File 'bitbucket-pipelines.yml' exists in repo: atlas-university-website on branch: bugfix/atlas
************* Processing for branch: bugfix/atlas-course *************
branch 'bugfix/atlas-course' set up to track 'origin/bugfix/atlas-course'.
File 'bitbucket-pipelines.yml' exists in repo: atlas-university-website on branch: bugfix/atlas-course
************* Processing for branch: bugfix/atlas-home-page *************
branch 'bugfix/atlas-home-page' set up to track 'origin/bugfix/atlas-home-page'.
File 'bitbucket-pipelines.yml' exists in repo: atlas-university-website on branch: bugfix/atlas-home-page
************* Processing for branch: bugfix/auxillary *************
branch 'bugfix/auxillary' set up to track 'origin/bugfix/auxillary'.
File 'bitbucket-pipelines.yml' exists in repo: atlas-university-website on branch: bugfix/auxillary
************* Processing for branch: bugfix/auxillary-pages *************
branch 'bugfix/auxillary-pages' set up to track 'origin/bugfix/auxillary-pages'.
File 'bitbucket-pipelines.yml' exists in repo: atlas-university-website on branch: bugfix/auxillary-pages
************* Processing for branch: bugfix/course *************
branch 'bugfix/course' set up to track 'origin/bugfix/course'.
File 'bitbucket-pipelines.yml' exists in repo: atlas-university-website on branch: bugfix/course
************* Processing for branch: bugfix/course-page *************
branch 'bugfix/course-page' set up to track 'origin/bugfix/course-page'.
File 'bitbucket-pipelines.yml' exists in repo: atlas-university-website on branch: bugfix/course-page
************* Processing for branch: bugfix/course-page-atlas *************
branch 'bugfix/course-page-atlas' set up to track 'origin/bugfix/course-page-atlas'.
File 'bitbucket-pipelines.yml' exists in repo: atlas-university-website on branch: bugfix/course-page-atlas
************* Processing for branch: bugfix/header *************
branch 'bugfix/header' set up to track 'origin/bugfix/header'.
File 'bitbucket-pipelines.yml' exists in repo: atlas-university-website on branch: bugfix/header
************* Processing for branch: bugfix/home-page-atlas *************
branch 'bugfix/home-page-atlas' set up to track 'origin/bugfix/home-page-atlas'.
File 'bitbucket-pipelines.yml' exists in repo: atlas-university-website on branch: bugfix/home-page-atlas
************* Processing for branch: develop *************
branch 'develop' set up to track 'origin/develop'.
File 'bitbucket-pipelines.yml' exists in repo: atlas-university-website on branch: develop
************* Processing for branch: develop-test *************
branch 'develop-test' set up to track 'origin/develop-test'.
File 'bitbucket-pipelines.yml' exists in repo: atlas-university-website on branch: develop-test
************* Processing for branch: feature-upendra/atla-university-home-page *************
branch 'feature-upendra/atla-university-home-page' set up to track 'origin/feature-upendra/atla-university-home-page'.
File 'bitbucket-pipelines.yml' exists in repo: atlas-university-website on branch: feature-upendra/atla-university-home-page
************* Processing for branch: feature-upendra/atlas-auxillary-page *************
branch 'feature-upendra/atlas-auxillary-page' set up to track 'origin/feature-upendra/atlas-auxillary-page'.
File 'bitbucket-pipelines.yml' exists in repo: atlas-university-website on branch: feature-upendra/atlas-auxillary-page
************* Processing for branch: feature-upendra/atlas-course-page *************
branch 'feature-upendra/atlas-course-page' set up to track 'origin/feature-upendra/atlas-course-page'.
File 'bitbucket-pipelines.yml' exists in repo: atlas-university-website on branch: feature-upendra/atlas-course-page
************* Processing for branch: feature-upendra/atlas-home-page *************
branch 'feature-upendra/atlas-home-page' set up to track 'origin/feature-upendra/atlas-home-page'.
File 'bitbucket-pipelines.yml' exists in repo: atlas-university-website on branch: feature-upendra/atlas-home-page
************* Processing for branch: feature-upendra/atlas-uni-home-page *************
branch 'feature-upendra/atlas-uni-home-page' set up to track 'origin/feature-upendra/atlas-uni-home-page'.
File 'bitbucket-pipelines.yml' exists in repo: atlas-university-website on branch: feature-upendra/atlas-uni-home-page
************* Processing for branch: feature-upendra/home-page-atlas *************
branch 'feature-upendra/home-page-atlas' set up to track 'origin/feature-upendra/home-page-atlas'.
File 'bitbucket-pipelines.yml' exists in repo: atlas-university-website on branch: feature-upendra/home-page-atlas
************* Processing for branch: feature/DEG-2863 *************
branch 'feature/DEG-2863' set up to track 'origin/feature/DEG-2863'.
File 'bitbucket-pipelines.yml' exists in repo: atlas-university-website on branch: feature/DEG-2863
************* Processing for branch: feature/next-config *************
branch 'feature/next-config' set up to track 'origin/feature/next-config'.
File 'bitbucket-pipelines.yml' exists in repo: atlas-university-website on branch: feature/next-config
************* Processing for branch: fetaure/DEG-3013 *************
branch 'fetaure/DEG-3013' set up to track 'origin/fetaure/DEG-3013'.
File 'bitbucket-pipelines.yml' exists in repo: atlas-university-website on branch: fetaure/DEG-3013
************* Processing for branch: for-deployemt *************
branch 'for-deployemt' set up to track 'origin/for-deployemt'.
File 'bitbucket-pipelines.yml' exists in repo: atlas-university-website on branch: for-deployemt
************* Processing for branch: test *************
branch 'test' set up to track 'origin/test'.
File 'bitbucket-pipelines.yml' exists in repo: atlas-university-website on branch: test
************* Processing for branch: testt *************
branch 'testt' set up to track 'origin/testt'.
File 'bitbucket-pipelines.yml' exists in repo: atlas-university-website on branch: testt
Cleanup completed... for atlas-university-website
******************************-----------******************************
working on repo aspire-be ........ 
************* Processing for branch: develop *************
branch 'develop' set up to track 'origin/develop'.
File 'bitbucket-pipelines.yml' exists in repo: aspire-be on branch: develop
************* Processing for branch: feature.am/common-dev *************
branch 'feature.am/common-dev' set up to track 'origin/feature.am/common-dev'.
File 'bitbucket-pipelines.yml' exists in repo: aspire-be on branch: feature.am/common-dev
************* Processing for branch: feature.am/entity-setup-liquibase *************
branch 'feature.am/entity-setup-liquibase' set up to track 'origin/feature.am/entity-setup-liquibase'.
File 'bitbucket-pipelines.yml' exists in repo: aspire-be on branch: feature.am/entity-setup-liquibase
************* Processing for branch: feature.pa/multi-module-setup *************
branch 'feature.pa/multi-module-setup' set up to track 'origin/feature.pa/multi-module-setup'.
File 'bitbucket-pipelines.yml' exists in repo: aspire-be on branch: feature.pa/multi-module-setup
Cleanup completed... for aspire-be
******************************-----------******************************
working on repo aspire-rtc ........ 
************* Processing for branch: develop *************
branch 'develop' set up to track 'origin/develop'.
File 'bitbucket-pipelines.yml' does NOT exist in repo: aspire-rtc on branch: develop
Cleanup completed... for aspire-rtc
******************************-----------******************************
working on repo bdu-campus-portal ........ 
************* Processing for branch: develop *************
branch 'develop' set up to track 'origin/develop'.
File 'bitbucket-pipelines.yml' does NOT exist in repo: bdu-campus-portal on branch: develop
************* Processing for branch: feature.hj/bdu-eslint-prettier *************
branch 'feature.hj/bdu-eslint-prettier' set up to track 'origin/feature.hj/bdu-eslint-prettier'.
File 'bitbucket-pipelines.yml' does NOT exist in repo: bdu-campus-portal on branch: feature.hj/bdu-eslint-prettier
************* Processing for branch: feature.hj/bdu-refactoring *************
branch 'feature.hj/bdu-refactoring' set up to track 'origin/feature.hj/bdu-refactoring'.
File 'bitbucket-pipelines.yml' does NOT exist in repo: bdu-campus-portal on branch: feature.hj/bdu-refactoring
************* Processing for branch: feature.rk/add-sequelize *************
branch 'feature.rk/add-sequelize' set up to track 'origin/feature.rk/add-sequelize'.
File 'bitbucket-pipelines.yml' does NOT exist in repo: bdu-campus-portal on branch: feature.rk/add-sequelize
************* Processing for branch: feature.rk/homepage-model-added *************
branch 'feature.rk/homepage-model-added' set up to track 'origin/feature.rk/homepage-model-added'.
File 'bitbucket-pipelines.yml' does NOT exist in repo: bdu-campus-portal on branch: feature.rk/homepage-model-added
************* Processing for branch: feature/DEG-2867 *************
branch 'feature/DEG-2867' set up to track 'origin/feature/DEG-2867'.
File 'bitbucket-pipelines.yml' does NOT exist in repo: bdu-campus-portal on branch: feature/DEG-2867
************* Processing for branch: feature/fee-structure *************
branch 'feature/fee-structure' set up to track 'origin/feature/fee-structure'.
File 'bitbucket-pipelines.yml' does NOT exist in repo: bdu-campus-portal on branch: feature/fee-structure
************* Processing for branch: rk.fix/api-fix *************
branch 'rk.fix/api-fix' set up to track 'origin/rk.fix/api-fix'.
File 'bitbucket-pipelines.yml' does NOT exist in repo: bdu-campus-portal on branch: rk.fix/api-fix
Cleanup completed... for bdu-campus-portal
******************************-----------******************************
working on repo atlasonline_website ........ 
Cleanup completed... for atlasonline_website
******************************-----------******************************
working on repo aspire-frontend ........ 
************* Processing for branch: MS/style/design-system-development *************
branch 'MS/style/design-system-development' set up to track 'origin/MS/style/design-system-development'.
File 'bitbucket-pipelines.yml' exists in repo: aspire-frontend on branch: MS/style/design-system-development
************* Processing for branch: development *************
branch 'development' set up to track 'origin/development'.
File 'bitbucket-pipelines.yml' exists in repo: aspire-frontend on branch: development
************* Processing for branch: feat.ms/code-centralization *************
branch 'feat.ms/code-centralization' set up to track 'origin/feat.ms/code-centralization'.
File 'bitbucket-pipelines.yml' exists in repo: aspire-frontend on branch: feat.ms/code-centralization
************* Processing for branch: feat.ms/during-exam-ui *************
branch 'feat.ms/during-exam-ui' set up to track 'origin/feat.ms/during-exam-ui'.
File 'bitbucket-pipelines.yml' exists in repo: aspire-frontend on branch: feat.ms/during-exam-ui
************* Processing for branch: feat.ms/pre-exam-flow-ui *************
branch 'feat.ms/pre-exam-flow-ui' set up to track 'origin/feat.ms/pre-exam-flow-ui'.
File 'bitbucket-pipelines.yml' exists in repo: aspire-frontend on branch: feat.ms/pre-exam-flow-ui
************* Processing for branch: feat.ms/role-based-login *************
branch 'feat.ms/role-based-login' set up to track 'origin/feat.ms/role-based-login'.
File 'bitbucket-pipelines.yml' exists in repo: aspire-frontend on branch: feat.ms/role-based-login
************* Processing for branch: feature.kd/code-merge *************
branch 'feature.kd/code-merge' set up to track 'origin/feature.kd/code-merge'.
File 'bitbucket-pipelines.yml' exists in repo: aspire-frontend on branch: feature.kd/code-merge
************* Processing for branch: feature.kd/create-test *************
branch 'feature.kd/create-test' set up to track 'origin/feature.kd/create-test'.
File 'bitbucket-pipelines.yml' exists in repo: aspire-frontend on branch: feature.kd/create-test
************* Processing for branch: feature.kd/react-routing *************
branch 'feature.kd/react-routing' set up to track 'origin/feature.kd/react-routing'.
File 'bitbucket-pipelines.yml' exists in repo: aspire-frontend on branch: feature.kd/react-routing
************* Processing for branch: feature.ms/design-system-implementation *************
branch 'feature.ms/design-system-implementation' set up to track 'origin/feature.ms/design-system-implementation'.
File 'bitbucket-pipelines.yml' exists in repo: aspire-frontend on branch: feature.ms/design-system-implementation
************* Processing for branch: feature.ms/redux-setup *************
branch 'feature.ms/redux-setup' set up to track 'origin/feature.ms/redux-setup'.
File 'bitbucket-pipelines.yml' exists in repo: aspire-frontend on branch: feature.ms/redux-setup
************* Processing for branch: refactor.mg/proctor *************
branch 'refactor.mg/proctor' set up to track 'origin/refactor.mg/proctor'.
File 'bitbucket-pipelines.yml' exists in repo: aspire-frontend on branch: refactor.mg/proctor
Cleanup completed... for aspire-frontend
Repositories and branches where 'bitbucket-pipelines.yml' is missing:
pedagogy: develop
Pedagogy-frontend: develop
yourdegree-frontend: develop
yourdegree-backend: develop
pedagogy-learner-progress: develop
aspire-rtc: develop
