all repos are: idharudhar impartus-libwebrtc bi-job vc_instance_launcher admin-webapp ugcampus-content-platform-api ugcampus-content-platform-auth ugcampus-content-platform-static ugcampus-delivery-platform-api ugcampus-delivery-platform-auth ugcampus-delivery-platform-static ugcampus-delivery-platform-webapp ugcampus-main-mongodb ugcampus-main-gateway ugcampus-content-platform-webapp asgard falkenwebapp ug2ugc janus htd fullmoon-lambdas fetchvideojs vc_cpu_req_modifier vc_participants_estimator ltisync_snu filepreview impartus_vc_billing vpndiagnostics dblessrecordingservice ugcservices-batch-job ltisync_docker ugcgreivance feed electron-package falken-bc-video-pull falken_ios falken repository assessments upgrad chat-popup vc-event-handler ltibatch androidvcgatewaysdk nativedigitalclassroomiossdk android-integration-sample falken_android docker-flipped-processing recommendation mysql_connections_manager vc-record ice_client automation ugc-sso lsqdatatransfer fullmoon b2c collegeugc vc-universe moodle_plugin p2p_android mail-templating-service chromex47 fullmoon-sw bulkuploadservice elasticsearch-vector-scoring-plugin recservice_deployer talkon videoconfload rtpforwardtowowza vpn-diag-node deep_learning impartus3.0 devops-scripts elasticsearchindexer cordova-plugin-iosrtc irs vc-prot-test flippedclassroom utility-code lti corpsite urlshortner screencapture toddler professoridentification screencapture-serverside angularweb xcoderservice webapp-playbook db ios vidconf_scripts screencapture-extension internal-dashboard xerox-integ mmtoc webapp-base api-automation android analytics-lan-proxy thumbnails mediarouter azure-copy azure-storage-service azure-utils mic-tyson nlp-imp imageprocessing speechtotext natural-language-processing localdiagnostics windows-app terraform SJA Heimdall dl-service vc-load-test bluebook-lti vc-processing-trigger
******************************-----------******************************
working on repo idharudhar ........ 
************* Processing for branch: feature/et/aws-migration *************
branch 'feature/et/aws-migration' set up to track 'origin/feature/et/aws-migration'.
[feature/et/aws-migration b95bbf0] DO-50 bitbucket-pipelines.yml added
 1 file changed, 53 insertions(+)
 create mode 100755 bitbucket-pipelines.yml
************* Processing for branch: feature/et/mp4-upload *************
branch 'feature/et/mp4-upload' set up to track 'origin/feature/et/mp4-upload'.
[feature/et/mp4-upload 13926d6] DO-50 bitbucket-pipelines.yml added
 1 file changed, 53 insertions(+)
 create mode 100755 bitbucket-pipelines.yml
************* Processing for branch: sja_variant *************
branch 'sja_variant' set up to track 'origin/sja_variant'.
[sja_variant 7657ed0] DO-50 bitbucket-pipelines.yml added
 1 file changed, 53 insertions(+)
 create mode 100755 bitbucket-pipelines.yml
Actioned perform on branch for repo idharudhar are: feature/et/aws-migrationfeature/et/mp4-uploadsja_variant  
Cleanup completed... for idharudhar
******************************-----------******************************
working on repo impartus-libwebrtc ........ 
************* Processing for branch: impartus-android-dev *************
branch 'impartus-android-dev' set up to track 'origin/impartus-android-dev'.
[impartus-android-dev a0dbcddae8] DO-50 bitbucket-pipelines.yml added
 1 file changed, 53 insertions(+)
 create mode 100755 bitbucket-pipelines.yml
Actioned perform on branch for repo impartus-libwebrtc are: impartus-android-dev  
Cleanup completed... for impartus-libwebrtc
******************************-----------******************************
working on repo bi-job ........ 
Actioned perform on branch for repo bi-job are:   
Cleanup completed... for bi-job
******************************-----------******************************
working on repo vc_instance_launcher ........ 
************* Processing for branch: alicloud_change *************
branch 'alicloud_change' set up to track 'origin/alicloud_change'.
[alicloud_change c055c01] DO-50 bitbucket-pipelines.yml added
 1 file changed, 53 insertions(+)
 create mode 100755 bitbucket-pipelines.yml
************* Processing for branch: cluster_based_allocation *************
branch 'cluster_based_allocation' set up to track 'origin/cluster_based_allocation'.
[cluster_based_allocation c7483a6] DO-50 bitbucket-pipelines.yml added
 1 file changed, 53 insertions(+)
 create mode 100755 bitbucket-pipelines.yml
************* Processing for branch: ecs-fargate *************
branch 'ecs-fargate' set up to track 'origin/ecs-fargate'.
[ecs-fargate bfba11c] DO-50 bitbucket-pipelines.yml added
 1 file changed, 53 insertions(+)
 create mode 100755 bitbucket-pipelines.yml
************* Processing for branch: google_cloud_support *************
branch 'google_cloud_support' set up to track 'origin/google_cloud_support'.
[google_cloud_support 424d179] DO-50 bitbucket-pipelines.yml added
 1 file changed, 53 insertions(+)
 create mode 100755 bitbucket-pipelines.yml
************* Processing for branch: oracle_cloud_support *************
branch 'oracle_cloud_support' set up to track 'origin/oracle_cloud_support'.
[oracle_cloud_support 39fc9eb] DO-50 bitbucket-pipelines.yml added
 1 file changed, 53 insertions(+)
 create mode 100755 bitbucket-pipelines.yml
Actioned perform on branch for repo vc_instance_launcher are: alicloud_changecluster_based_allocationecs-fargategoogle_cloud_supportoracle_cloud_support  
Cleanup completed... for vc_instance_launcher
******************************-----------******************************
working on repo admin-webapp ........ 
************* Processing for branch: development *************
branch 'development' set up to track 'origin/development'.
[development 2d00e30] DO-50 bitbucket-pipelines.yml added
 1 file changed, 53 insertions(+)
 create mode 100755 bitbucket-pipelines.yml
************* Processing for branch: feature/IRA-52693-Learn-Migration *************
branch 'feature/IRA-52693-Learn-Migration' set up to track 'origin/feature/IRA-52693-Learn-Migration'.
[feature/IRA-52693-Learn-Migration 1384737] DO-50 bitbucket-pipelines.yml added
 1 file changed, 53 insertions(+)
 create mode 100755 bitbucket-pipelines.yml
************* Processing for branch: feature/cohortpage *************
branch 'feature/cohortpage' set up to track 'origin/feature/cohortpage'.
[feature/cohortpage 1c59b80] DO-50 bitbucket-pipelines.yml added
 1 file changed, 53 insertions(+)
 create mode 100755 bitbucket-pipelines.yml
************* Processing for branch: feature/integrate-api-changes *************
branch 'feature/integrate-api-changes' set up to track 'origin/feature/integrate-api-changes'.
[feature/integrate-api-changes a73ee4b] DO-50 bitbucket-pipelines.yml added
 1 file changed, 53 insertions(+)
 create mode 100755 bitbucket-pipelines.yml
************* Processing for branch: feature/reset-forget-pw *************
branch 'feature/reset-forget-pw' set up to track 'origin/feature/reset-forget-pw'.
[feature/reset-forget-pw 455f248] DO-50 bitbucket-pipelines.yml added
 1 file changed, 53 insertions(+)
 create mode 100755 bitbucket-pipelines.yml
************* Processing for branch: feature/settingup-theme *************
branch 'feature/settingup-theme' set up to track 'origin/feature/settingup-theme'.
[feature/settingup-theme 5ddb8e9] DO-50 bitbucket-pipelines.yml added
 1 file changed, 53 insertions(+)
 create mode 100755 bitbucket-pipelines.yml
************* Processing for branch: feature/userspage-api-integration *************
branch 'feature/userspage-api-integration' set up to track 'origin/feature/userspage-api-integration'.
[feature/userspage-api-integration 08b9dde] DO-50 bitbucket-pipelines.yml added
 1 file changed, 53 insertions(+)
 create mode 100755 bitbucket-pipelines.yml
************* Processing for branch: feature/programmepage *************
file already exist skip remaining steps....
Actioned perform on branch for repo admin-webapp are: developmentfeature/IRA-52693-Learn-Migrationfeature/cohortpagefeature/integrate-api-changesfeature/reset-forget-pwfeature/settingup-themefeature/userspage-api-integration  
Cleanup completed... for admin-webapp
******************************-----------******************************
working on repo ugcampus-content-platform-api ........ 
************* Processing for branch: develop *************
branch 'develop' set up to track 'origin/develop'.
[develop 9fbb43b] DO-50 bitbucket-pipelines.yml added
 1 file changed, 53 insertions(+)
 create mode 100755 bitbucket-pipelines.yml
************* Processing for branch: feature/api-versions *************
branch 'feature/api-versions' set up to track 'origin/feature/api-versions'.
[feature/api-versions f2446b1] DO-50 bitbucket-pipelines.yml added
 1 file changed, 53 insertions(+)
 create mode 100755 bitbucket-pipelines.yml
************* Processing for branch: staging *************
branch 'staging' set up to track 'origin/staging'.
[staging 0f5a741] DO-50 bitbucket-pipelines.yml added
 1 file changed, 53 insertions(+)
 create mode 100755 bitbucket-pipelines.yml
Actioned perform on branch for repo ugcampus-content-platform-api are: developfeature/api-versionsstaging  
Cleanup completed... for ugcampus-content-platform-api
******************************-----------******************************
working on repo ugcampus-content-platform-auth ........ 
************* Processing for branch: staging *************
branch 'staging' set up to track 'origin/staging'.
[staging 197fd56] DO-50 bitbucket-pipelines.yml added
 1 file changed, 53 insertions(+)
 create mode 100755 bitbucket-pipelines.yml
Actioned perform on branch for repo ugcampus-content-platform-auth are: staging  
Cleanup completed... for ugcampus-content-platform-auth
******************************-----------******************************
working on repo ugcampus-content-platform-static ........ 
************* Processing for branch: staging *************
branch 'staging' set up to track 'origin/staging'.
[staging b99f192] DO-50 bitbucket-pipelines.yml added
 1 file changed, 53 insertions(+)
 create mode 100755 bitbucket-pipelines.yml
Actioned perform on branch for repo ugcampus-content-platform-static are: staging  
Cleanup completed... for ugcampus-content-platform-static
******************************-----------******************************
working on repo ugcampus-delivery-platform-api ........ 
************* Processing for branch: staging *************
branch 'staging' set up to track 'origin/staging'.
[staging 8917874] DO-50 bitbucket-pipelines.yml added
 1 file changed, 53 insertions(+)
 create mode 100755 bitbucket-pipelines.yml
Actioned perform on branch for repo ugcampus-delivery-platform-api are: staging  
Cleanup completed... for ugcampus-delivery-platform-api
******************************-----------******************************
working on repo ugcampus-delivery-platform-auth ........ 
************* Processing for branch: staging *************
branch 'staging' set up to track 'origin/staging'.
[staging 35ed1d0] DO-50 bitbucket-pipelines.yml added
 1 file changed, 53 insertions(+)
 create mode 100755 bitbucket-pipelines.yml
Actioned perform on branch for repo ugcampus-delivery-platform-auth are: staging  
Cleanup completed... for ugcampus-delivery-platform-auth
******************************-----------******************************
working on repo ugcampus-delivery-platform-static ........ 
************* Processing for branch: staging *************
branch 'staging' set up to track 'origin/staging'.
[staging 0878f3d] DO-50 bitbucket-pipelines.yml added
 1 file changed, 53 insertions(+)
 create mode 100755 bitbucket-pipelines.yml
Actioned perform on branch for repo ugcampus-delivery-platform-static are: staging  
Cleanup completed... for ugcampus-delivery-platform-static
******************************-----------******************************
working on repo ugcampus-delivery-platform-webapp ........ 
************* Processing for branch: staging *************
branch 'staging' set up to track 'origin/staging'.
[staging 34d868b] DO-50 bitbucket-pipelines.yml added
 1 file changed, 53 insertions(+)
 create mode 100755 bitbucket-pipelines.yml
Actioned perform on branch for repo ugcampus-delivery-platform-webapp are: staging  
Cleanup completed... for ugcampus-delivery-platform-webapp
******************************-----------******************************
working on repo ugcampus-main-mongodb ........ 
************* Processing for branch: staging *************
branch 'staging' set up to track 'origin/staging'.
On branch staging
Your branch is up to date with 'origin/staging'.

nothing to commit, working tree clean
Actioned perform on branch for repo ugcampus-main-mongodb are: staging  
Cleanup completed... for ugcampus-main-mongodb
******************************-----------******************************
working on repo ugcampus-main-gateway ........ 
************* Processing for branch: staging *************
branch 'staging' set up to track 'origin/staging'.
[staging f6caa45] DO-50 bitbucket-pipelines.yml added
 1 file changed, 53 insertions(+)
 create mode 100755 bitbucket-pipelines.yml
Actioned perform on branch for repo ugcampus-main-gateway are: staging  
Cleanup completed... for ugcampus-main-gateway
******************************-----------******************************
working on repo ugcampus-content-platform-webapp ........ 
************* Processing for branch: staging *************
branch 'staging' set up to track 'origin/staging'.
[staging c07924e] DO-50 bitbucket-pipelines.yml added
 1 file changed, 53 insertions(+)
 create mode 100755 bitbucket-pipelines.yml
Actioned perform on branch for repo ugcampus-content-platform-webapp are: staging  
Cleanup completed... for ugcampus-content-platform-webapp
******************************-----------******************************
working on repo asgard ........ 
************* Processing for branch: dashboard/header+navbar *************
branch 'dashboard/header+navbar' set up to track 'origin/dashboard/header+navbar'.
[dashboard/header+navbar 0c88bf6] DO-50 bitbucket-pipelines.yml added
 1 file changed, 53 insertions(+)
 create mode 100755 bitbucket-pipelines.yml
************* Processing for branch: dashboard/reload-issue *************
branch 'dashboard/reload-issue' set up to track 'origin/dashboard/reload-issue'.
[dashboard/reload-issue d46fbaa] DO-50 bitbucket-pipelines.yml added
 1 file changed, 53 insertions(+)
 create mode 100755 bitbucket-pipelines.yml
************* Processing for branch: dev-asgard *************
branch 'dev-asgard' set up to track 'origin/dev-asgard'.
[dev-asgard 5c572c6] DO-50 bitbucket-pipelines.yml added
 1 file changed, 53 insertions(+)
 create mode 100755 bitbucket-pipelines.yml
************* Processing for branch: develop *************
branch 'develop' set up to track 'origin/develop'.
[develop 6e515d7] DO-50 bitbucket-pipelines.yml added
 1 file changed, 53 insertions(+)
 create mode 100755 bitbucket-pipelines.yml
************* Processing for branch: feature/architecture-changes *************
branch 'feature/architecture-changes' set up to track 'origin/feature/architecture-changes'.
[feature/architecture-changes d15c8f1] DO-50 bitbucket-pipelines.yml added
 1 file changed, 53 insertions(+)
 create mode 100755 bitbucket-pipelines.yml
************* Processing for branch: feature/editInstitute-loader-multiselect *************
branch 'feature/editInstitute-loader-multiselect' set up to track 'origin/feature/editInstitute-loader-multiselect'.
[feature/editInstitute-loader-multiselect c87aab8] DO-50 bitbucket-pipelines.yml added
 1 file changed, 53 insertions(+)
 create mode 100755 bitbucket-pipelines.yml
************* Processing for branch: feature/sesssion_and_recording *************
branch 'feature/sesssion_and_recording' set up to track 'origin/feature/sesssion_and_recording'.
[feature/sesssion_and_recording 3f154c6] DO-50 bitbucket-pipelines.yml added
 1 file changed, 53 insertions(+)
 create mode 100755 bitbucket-pipelines.yml
Actioned perform on branch for repo asgard are: dashboard/header+navbardashboard/reload-issuedev-asgarddevelopfeature/architecture-changesfeature/editInstitute-loader-multiselectfeature/sesssion_and_recording  
Cleanup completed... for asgard
******************************-----------******************************
working on repo falkenwebapp ........ 
Actioned perform on branch for repo falkenwebapp are:   
Cleanup completed... for falkenwebapp
******************************-----------******************************
working on repo ug2ugc ........ 
************* Processing for branch: develop *************
branch 'develop' set up to track 'origin/develop'.
[develop 5e11f15] DO-50 bitbucket-pipelines.yml added
 1 file changed, 53 insertions(+)
 create mode 100755 bitbucket-pipelines.yml
************* Processing for branch: feature/new-format *************
branch 'feature/new-format' set up to track 'origin/feature/new-format'.
[feature/new-format c934887] DO-50 bitbucket-pipelines.yml added
 1 file changed, 53 insertions(+)
 create mode 100755 bitbucket-pipelines.yml
************* Processing for branch: feature/ug-quiz-changes *************
branch 'feature/ug-quiz-changes' set up to track 'origin/feature/ug-quiz-changes'.
[feature/ug-quiz-changes 564d925] DO-50 bitbucket-pipelines.yml added
 1 file changed, 53 insertions(+)
 create mode 100755 bitbucket-pipelines.yml
************* Processing for branch: feature/ugc *************
branch 'feature/ugc' set up to track 'origin/feature/ugc'.
[feature/ugc 89c4b5f] DO-50 bitbucket-pipelines.yml added
 1 file changed, 53 insertions(+)
 create mode 100755 bitbucket-pipelines.yml
************* Processing for branch: fix/courseId-addon *************
branch 'fix/courseId-addon' set up to track 'origin/fix/courseId-addon'.
[fix/courseId-addon dfe0256] DO-50 bitbucket-pipelines.yml added
 1 file changed, 53 insertions(+)
 create mode 100755 bitbucket-pipelines.yml
************* Processing for branch: sushant-feature/data-transfer-temp-to-falken *************
branch 'sushant-feature/data-transfer-temp-to-falken' set up to track 'origin/sushant-feature/data-transfer-temp-to-falken'.
[sushant-feature/data-transfer-temp-to-falken 95565e8] DO-50 bitbucket-pipelines.yml added
 1 file changed, 53 insertions(+)
 create mode 100755 bitbucket-pipelines.yml
Actioned perform on branch for repo ug2ugc are: developfeature/new-formatfeature/ug-quiz-changesfeature/ugcfix/courseId-addonsushant-feature/data-transfer-temp-to-falken  
Cleanup completed... for ug2ugc
******************************-----------******************************
working on repo janus ........ 
************* Processing for branch: delayed-switch *************
branch 'delayed-switch' set up to track 'origin/delayed-switch'.
[delayed-switch 1ef28602] DO-50 bitbucket-pipelines.yml added
 1 file changed, 53 insertions(+)
 create mode 100755 bitbucket-pipelines.yml
************* Processing for branch: echo_canceller *************
branch 'echo_canceller' set up to track 'origin/echo_canceller'.
[echo_canceller 1e4bdbff] DO-50 bitbucket-pipelines.yml added
 1 file changed, 53 insertions(+)
 create mode 100755 bitbucket-pipelines.yml
************* Processing for branch: falken-janus *************
branch 'falken-janus' set up to track 'origin/falken-janus'.
[falken-janus dc0a1963] DO-50 bitbucket-pipelines.yml added
 1 file changed, 53 insertions(+)
 create mode 100755 bitbucket-pipelines.yml
************* Processing for branch: fr-simulcast-scale *************
branch 'fr-simulcast-scale' set up to track 'origin/fr-simulcast-scale'.
[fr-simulcast-scale b5aa7532] DO-50 bitbucket-pipelines.yml added
 1 file changed, 53 insertions(+)
 create mode 100755 bitbucket-pipelines.yml
************* Processing for branch: fullmoon-janus *************
Your branch is up to date with 'origin/fullmoon-janus'.
[fullmoon-janus 9505eab3] DO-50 bitbucket-pipelines.yml added
 1 file changed, 53 insertions(+)
 create mode 100755 bitbucket-pipelines.yml
************* Processing for branch: imp-vcsdk-from-master *************
branch 'imp-vcsdk-from-master' set up to track 'origin/imp-vcsdk-from-master'.
[imp-vcsdk-from-master 8aad467a] DO-50 bitbucket-pipelines.yml added
 1 file changed, 53 insertions(+)
 create mode 100755 bitbucket-pipelines.yml
************* Processing for branch: imp0.4.2 *************
branch 'imp0.4.2' set up to track 'origin/imp0.4.2'.
[imp0.4.2 26092e36] DO-50 bitbucket-pipelines.yml added
 1 file changed, 53 insertions(+)
 create mode 100755 bitbucket-pipelines.yml
************* Processing for branch: imp_multistream *************
branch 'imp_multistream' set up to track 'origin/imp_multistream'.
[imp_multistream 82e0c076] DO-50 bitbucket-pipelines.yml added
 1 file changed, 53 insertions(+)
 create mode 100755 bitbucket-pipelines.yml
************* Processing for branch: imp_vcstack125 *************
branch 'imp_vcstack125' set up to track 'origin/imp_vcstack125'.
[imp_vcstack125 0ce056d3] DO-50 bitbucket-pipelines.yml added
 1 file changed, 53 insertions(+)
 create mode 100755 bitbucket-pipelines.yml
************* Processing for branch: impmaster *************
branch 'impmaster' set up to track 'origin/impmaster'.
[impmaster d73c391f] DO-50 bitbucket-pipelines.yml added
 1 file changed, 53 insertions(+)
 create mode 100755 bitbucket-pipelines.yml
************* Processing for branch: janus_crash_fix *************
branch 'janus_crash_fix' set up to track 'origin/janus_crash_fix'.
[janus_crash_fix 73663a5e] DO-50 bitbucket-pipelines.yml added
 1 file changed, 53 insertions(+)
 create mode 100755 bitbucket-pipelines.yml
Actioned perform on branch for repo janus are: delayed-switchecho_cancellerfalken-janusfr-simulcast-scalefullmoon-janusimp-vcsdk-from-masterimp0.4.2imp_multistreamimp_vcstack125impmasterjanus_crash_fix  
Cleanup completed... for janus
******************************-----------******************************
working on repo htd ........ 
Actioned perform on branch for repo htd are:   
Cleanup completed... for htd
******************************-----------******************************
working on repo fullmoon-lambdas ........ 
Actioned perform on branch for repo fullmoon-lambdas are:   
Cleanup completed... for fullmoon-lambdas
******************************-----------******************************
working on repo fetchvideojs ........ 
************* Processing for branch: ab_13_errors *************
branch 'ab_13_errors' set up to track 'origin/ab_13_errors'.
[ab_13_errors abb2bf3] DO-50 bitbucket-pipelines.yml added
 1 file changed, 53 insertions(+)
 create mode 100755 bitbucket-pipelines.yml
************* Processing for branch: ab_aws_media *************
branch 'ab_aws_media' set up to track 'origin/ab_aws_media'.
[ab_aws_media 4607efd] DO-50 bitbucket-pipelines.yml added
 1 file changed, 53 insertions(+)
 create mode 100755 bitbucket-pipelines.yml
************* Processing for branch: ab_fetcvideo_jwt *************
branch 'ab_fetcvideo_jwt' set up to track 'origin/ab_fetcvideo_jwt'.
[ab_fetcvideo_jwt 426f08d] DO-50 bitbucket-pipelines.yml added
 1 file changed, 53 insertions(+)
 create mode 100755 bitbucket-pipelines.yml
************* Processing for branch: ab_vc_3_views *************
branch 'ab_vc_3_views' set up to track 'origin/ab_vc_3_views'.
[ab_vc_3_views 1c3cf16] DO-50 bitbucket-pipelines.yml added
 1 file changed, 53 insertions(+)
 create mode 100755 bitbucket-pipelines.yml
************* Processing for branch: ab_video_play_errors *************
branch 'ab_video_play_errors' set up to track 'origin/ab_video_play_errors'.
[ab_video_play_errors 7c89b31] DO-50 bitbucket-pipelines.yml added
 1 file changed, 53 insertions(+)
 create mode 100755 bitbucket-pipelines.yml
************* Processing for branch: develop *************
branch 'develop' set up to track 'origin/develop'.
[develop 968fe28] DO-50 bitbucket-pipelines.yml added
 1 file changed, 53 insertions(+)
 create mode 100755 bitbucket-pipelines.yml
************* Processing for branch: gp_vc_3_views *************
branch 'gp_vc_3_views' set up to track 'origin/gp_vc_3_views'.
[gp_vc_3_views 3d2c20c] DO-50 bitbucket-pipelines.yml added
 1 file changed, 53 insertions(+)
 create mode 100755 bitbucket-pipelines.yml
************* Processing for branch: gps_fc_fv *************
branch 'gps_fc_fv' set up to track 'origin/gps_fc_fv'.
[gps_fc_fv 29810cf] DO-50 bitbucket-pipelines.yml added
 1 file changed, 53 insertions(+)
 create mode 100755 bitbucket-pipelines.yml
************* Processing for branch: gps_fetchvideo *************
branch 'gps_fetchvideo' set up to track 'origin/gps_fetchvideo'.
[gps_fetchvideo 9ff6c8b] DO-50 bitbucket-pipelines.yml added
 1 file changed, 53 insertions(+)
 create mode 100755 bitbucket-pipelines.yml
************* Processing for branch: gps_nuc *************
branch 'gps_nuc' set up to track 'origin/gps_nuc'.
[gps_nuc 7c550f1] DO-50 bitbucket-pipelines.yml added
 1 file changed, 53 insertions(+)
 create mode 100755 bitbucket-pipelines.yml
************* Processing for branch: oracle *************
branch 'oracle' set up to track 'origin/oracle'.
[oracle e7b9708] DO-50 bitbucket-pipelines.yml added
 1 file changed, 53 insertions(+)
 create mode 100755 bitbucket-pipelines.yml
************* Processing for branch: prod *************
branch 'prod' set up to track 'origin/prod'.
[prod 28fefc7] DO-50 bitbucket-pipelines.yml added
 1 file changed, 53 insertions(+)
 create mode 100755 bitbucket-pipelines.yml
************* Processing for branch: sja *************
branch 'sja' set up to track 'origin/sja'.
[sja a504e12] DO-50 bitbucket-pipelines.yml added
 1 file changed, 53 insertions(+)
 create mode 100755 bitbucket-pipelines.yml
************* Processing for branch: vc2 *************
branch 'vc2' set up to track 'origin/vc2'.
[vc2 62877e9] DO-50 bitbucket-pipelines.yml added
 1 file changed, 53 insertions(+)
 create mode 100755 bitbucket-pipelines.yml
************* Processing for branch: vpn_playback *************
branch 'vpn_playback' set up to track 'origin/vpn_playback'.
[vpn_playback 7fa89bd] DO-50 bitbucket-pipelines.yml added
 1 file changed, 53 insertions(+)
 create mode 100755 bitbucket-pipelines.yml
Actioned perform on branch for repo fetchvideojs are: ab_13_errorsab_aws_mediaab_fetcvideo_jwtab_vc_3_viewsab_video_play_errorsdevelopgp_vc_3_viewsgps_fc_fvgps_fetchvideogps_nucoracleprodsjavc2vpn_playback  
Cleanup completed... for fetchvideojs
******************************-----------******************************
working on repo vc_cpu_req_modifier ........ 
Actioned perform on branch for repo vc_cpu_req_modifier are:   
Cleanup completed... for vc_cpu_req_modifier
******************************-----------******************************
working on repo vc_participants_estimator ........ 
Actioned perform on branch for repo vc_participants_estimator are:   
Cleanup completed... for vc_participants_estimator
******************************-----------******************************
working on repo ltisync_snu ........ 
Actioned perform on branch for repo ltisync_snu are:   
Cleanup completed... for ltisync_snu
******************************-----------******************************
working on repo filepreview ........ 
Actioned perform on branch for repo filepreview are:   
Cleanup completed... for filepreview
******************************-----------******************************
working on repo impartus_vc_billing ........ 
Actioned perform on branch for repo impartus_vc_billing are:   
Cleanup completed... for impartus_vc_billing
******************************-----------******************************
working on repo vpndiagnostics ........ 
************* Processing for branch: develop *************
branch 'develop' set up to track 'origin/develop'.
[develop 0d15fa3] DO-50 bitbucket-pipelines.yml added
 1 file changed, 53 insertions(+)
 create mode 100755 bitbucket-pipelines.yml
************* Processing for branch: fix/updatedKeys *************
branch 'fix/updatedKeys' set up to track 'origin/fix/updatedKeys'.
[fix/updatedKeys a528a90] DO-50 bitbucket-pipelines.yml added
 1 file changed, 53 insertions(+)
 create mode 100755 bitbucket-pipelines.yml
Actioned perform on branch for repo vpndiagnostics are: developfix/updatedKeys  
Cleanup completed... for vpndiagnostics
******************************-----------******************************
working on repo dblessrecordingservice ........ 
************* Processing for branch: IRS_worker_model *************
branch 'IRS_worker_model' set up to track 'origin/IRS_worker_model'.
[IRS_worker_model 631a1edb] DO-50 bitbucket-pipelines.yml added
 1 file changed, 53 insertions(+)
 create mode 100755 bitbucket-pipelines.yml
************* Processing for branch: alok_bugfixes *************
branch 'alok_bugfixes' set up to track 'origin/alok_bugfixes'.
[alok_bugfixes 43212e71] DO-50 bitbucket-pipelines.yml added
 1 file changed, 53 insertions(+)
 create mode 100755 bitbucket-pipelines.yml
************* Processing for branch: br_2_0_1 *************
branch 'br_2_0_1' set up to track 'origin/br_2_0_1'.
[br_2_0_1 58673435] DO-50 bitbucket-pipelines.yml added
 1 file changed, 53 insertions(+)
 create mode 100755 bitbucket-pipelines.yml
************* Processing for branch: br_2_0_2 *************
branch 'br_2_0_2' set up to track 'origin/br_2_0_2'.
[br_2_0_2 bfea5173] DO-50 bitbucket-pipelines.yml added
 1 file changed, 53 insertions(+)
 create mode 100755 bitbucket-pipelines.yml
************* Processing for branch: br_2_0_3 *************
branch 'br_2_0_3' set up to track 'origin/br_2_0_3'.
[br_2_0_3 da83dc78] DO-50 bitbucket-pipelines.yml added
 1 file changed, 53 insertions(+)
 create mode 100755 bitbucket-pipelines.yml
************* Processing for branch: br_2_1_1 *************
branch 'br_2_1_1' set up to track 'origin/br_2_1_1'.
[br_2_1_1 bff42d9f] DO-50 bitbucket-pipelines.yml added
 1 file changed, 53 insertions(+)
 create mode 100755 bitbucket-pipelines.yml
************* Processing for branch: br_2_1_2 *************
branch 'br_2_1_2' set up to track 'origin/br_2_1_2'.
[br_2_1_2 1ee797f0] DO-50 bitbucket-pipelines.yml added
 1 file changed, 53 insertions(+)
 create mode 100755 bitbucket-pipelines.yml
************* Processing for branch: br_2_1_3 *************
branch 'br_2_1_3' set up to track 'origin/br_2_1_3'.
[br_2_1_3 93f86681] DO-50 bitbucket-pipelines.yml added
 1 file changed, 53 insertions(+)
 create mode 100755 bitbucket-pipelines.yml
************* Processing for branch: br_2_1_4 *************
branch 'br_2_1_4' set up to track 'origin/br_2_1_4'.
[br_2_1_4 a6a5a6a2] DO-50 bitbucket-pipelines.yml added
 1 file changed, 53 insertions(+)
 create mode 100755 bitbucket-pipelines.yml
************* Processing for branch: br_2_1_5 *************
branch 'br_2_1_5' set up to track 'origin/br_2_1_5'.
[br_2_1_5 d291f3b0] DO-50 bitbucket-pipelines.yml added
 1 file changed, 53 insertions(+)
 create mode 100755 bitbucket-pipelines.yml
************* Processing for branch: br_2_2_0 *************
branch 'br_2_2_0' set up to track 'origin/br_2_2_0'.
[br_2_2_0 ce077233] DO-50 bitbucket-pipelines.yml added
 1 file changed, 53 insertions(+)
 create mode 100755 bitbucket-pipelines.yml
************* Processing for branch: br_2_2_1 *************
branch 'br_2_2_1' set up to track 'origin/br_2_2_1'.
[br_2_2_1 9fc44823] DO-50 bitbucket-pipelines.yml added
 1 file changed, 53 insertions(+)
 create mode 100755 bitbucket-pipelines.yml
************* Processing for branch: br_2_2_2 *************
branch 'br_2_2_2' set up to track 'origin/br_2_2_2'.
[br_2_2_2 b74ec775] DO-50 bitbucket-pipelines.yml added
 1 file changed, 53 insertions(+)
 create mode 100755 bitbucket-pipelines.yml
************* Processing for branch: br_2_3_0 *************
branch 'br_2_3_0' set up to track 'origin/br_2_3_0'.
[br_2_3_0 cd64b255] DO-50 bitbucket-pipelines.yml added
 1 file changed, 53 insertions(+)
 create mode 100755 bitbucket-pipelines.yml
************* Processing for branch: br_2_4_0 *************
branch 'br_2_4_0' set up to track 'origin/br_2_4_0'.
[br_2_4_0 d69eaf47] DO-50 bitbucket-pipelines.yml added
 1 file changed, 53 insertions(+)
 create mode 100755 bitbucket-pipelines.yml
************* Processing for branch: br_2_4_1 *************
branch 'br_2_4_1' set up to track 'origin/br_2_4_1'.
[br_2_4_1 9549e67c] DO-50 bitbucket-pipelines.yml added
 1 file changed, 53 insertions(+)
 create mode 100755 bitbucket-pipelines.yml
************* Processing for branch: br_2_4_2 *************
branch 'br_2_4_2' set up to track 'origin/br_2_4_2'.
[br_2_4_2 05a36feb] DO-50 bitbucket-pipelines.yml added
 1 file changed, 53 insertions(+)
 create mode 100755 bitbucket-pipelines.yml
************* Processing for branch: br_2_5_0 *************
branch 'br_2_5_0' set up to track 'origin/br_2_5_0'.
[br_2_5_0 d0b5c24b] DO-50 bitbucket-pipelines.yml added
 1 file changed, 53 insertions(+)
 create mode 100755 bitbucket-pipelines.yml
************* Processing for branch: br_3_0_0 *************
branch 'br_3_0_0' set up to track 'origin/br_3_0_0'.
[br_3_0_0 8a333cfc] DO-50 bitbucket-pipelines.yml added
 1 file changed, 53 insertions(+)
 create mode 100755 bitbucket-pipelines.yml
************* Processing for branch: develop *************
branch 'develop' set up to track 'origin/develop'.
[develop d91dd261] DO-50 bitbucket-pipelines.yml added
 1 file changed, 53 insertions(+)
 create mode 100755 bitbucket-pipelines.yml
************* Processing for branch: ebin_bug_fix *************
branch 'ebin_bug_fix' set up to track 'origin/ebin_bug_fix'.
[ebin_bug_fix d0e4dce9] DO-50 bitbucket-pipelines.yml added
 1 file changed, 53 insertions(+)
 create mode 100755 bitbucket-pipelines.yml
************* Processing for branch: ebin_configBugFix *************
branch 'ebin_configBugFix' set up to track 'origin/ebin_configBugFix'.
[ebin_configBugFix fc429a44] DO-50 bitbucket-pipelines.yml added
 1 file changed, 53 insertions(+)
 create mode 100755 bitbucket-pipelines.yml
************* Processing for branch: ebin_dev *************
branch 'ebin_dev' set up to track 'origin/ebin_dev'.
[ebin_dev 7bfad7c8] DO-50 bitbucket-pipelines.yml added
 1 file changed, 53 insertions(+)
 create mode 100755 bitbucket-pipelines.yml
************* Processing for branch: echo_cancelled_live *************
branch 'echo_cancelled_live' set up to track 'origin/echo_cancelled_live'.
[echo_cancelled_live 80fe0e03] DO-50 bitbucket-pipelines.yml added
 1 file changed, 53 insertions(+)
 create mode 100755 bitbucket-pipelines.yml
************* Processing for branch: fb_changes *************
branch 'fb_changes' set up to track 'origin/fb_changes'.
[fb_changes 1e50a70c] DO-50 bitbucket-pipelines.yml added
 1 file changed, 53 insertions(+)
 create mode 100755 bitbucket-pipelines.yml
************* Processing for branch: feature/et/dockerized-build *************
branch 'feature/et/dockerized-build' set up to track 'origin/feature/et/dockerized-build'.
[feature/et/dockerized-build ffeffafb] DO-50 bitbucket-pipelines.yml added
 1 file changed, 53 insertions(+)
 create mode 100755 bitbucket-pipelines.yml
************* Processing for branch: feature/et/mp4-creation *************
branch 'feature/et/mp4-creation' set up to track 'origin/feature/et/mp4-creation'.
[feature/et/mp4-creation 1fbcb9fc] DO-50 bitbucket-pipelines.yml added
 1 file changed, 53 insertions(+)
 create mode 100755 bitbucket-pipelines.yml
************* Processing for branch: fix/et/pixel-format-issue *************
branch 'fix/et/pixel-format-issue' set up to track 'origin/fix/et/pixel-format-issue'.
[fix/et/pixel-format-issue c270e6d0] DO-50 bitbucket-pipelines.yml added
 1 file changed, 53 insertions(+)
 create mode 100755 bitbucket-pipelines.yml
************* Processing for branch: nvenc_support *************
branch 'nvenc_support' set up to track 'origin/nvenc_support'.
[nvenc_support 765490c9] DO-50 bitbucket-pipelines.yml added
 1 file changed, 53 insertions(+)
 create mode 100755 bitbucket-pipelines.yml
************* Processing for branch: old-develop *************
branch 'old-develop' set up to track 'origin/old-develop'.
[old-develop dad8e4bc] DO-50 bitbucket-pipelines.yml added
 1 file changed, 53 insertions(+)
 create mode 100755 bitbucket-pipelines.yml
************* Processing for branch: rpi_wheezy *************
branch 'rpi_wheezy' set up to track 'origin/rpi_wheezy'.
[rpi_wheezy b9ec69e4] DO-50 bitbucket-pipelines.yml added
 1 file changed, 53 insertions(+)
 create mode 100755 bitbucket-pipelines.yml
************* Processing for branch: satyam-dev *************
branch 'satyam-dev' set up to track 'origin/satyam-dev'.
[satyam-dev 05733506] DO-50 bitbucket-pipelines.yml added
 1 file changed, 53 insertions(+)
 create mode 100755 bitbucket-pipelines.yml
************* Processing for branch: sja-subtitle-generation *************
branch 'sja-subtitle-generation' set up to track 'origin/sja-subtitle-generation'.
[sja-subtitle-generation 3cb4bdde] DO-50 bitbucket-pipelines.yml added
 1 file changed, 53 insertions(+)
 create mode 100755 bitbucket-pipelines.yml
************* Processing for branch: ubuntu_16_switch *************
branch 'ubuntu_16_switch' set up to track 'origin/ubuntu_16_switch'.
[ubuntu_16_switch c3900782] DO-50 bitbucket-pipelines.yml added
 1 file changed, 53 insertions(+)
 create mode 100755 bitbucket-pipelines.yml
Actioned perform on branch for repo dblessrecordingservice are: IRS_worker_modelalok_bugfixesbr_2_0_1br_2_0_2br_2_0_3br_2_1_1br_2_1_2br_2_1_3br_2_1_4br_2_1_5br_2_2_0br_2_2_1br_2_2_2br_2_3_0br_2_4_0br_2_4_1br_2_4_2br_2_5_0br_3_0_0developebin_bug_fixebin_configBugFixebin_devecho_cancelled_livefb_changesfeature/et/dockerized-buildfeature/et/mp4-creationfix/et/pixel-format-issuenvenc_supportold-developrpi_wheezysatyam-devsja-subtitle-generationubuntu_16_switch  
Cleanup completed... for dblessrecordingservice
******************************-----------******************************
working on repo ugcservices-batch-job ........ 
************* Processing for branch: develop *************
branch 'develop' set up to track 'origin/develop'.
[develop 7bed098] DO-50 bitbucket-pipelines.yml added
 1 file changed, 53 insertions(+)
 create mode 100755 bitbucket-pipelines.yml
Actioned perform on branch for repo ugcservices-batch-job are: develop  
Cleanup completed... for ugcservices-batch-job
******************************-----------******************************
working on repo ltisync_docker ........ 
************* Processing for branch: brightspace-integration *************
branch 'brightspace-integration' set up to track 'origin/brightspace-integration'.
[brightspace-integration 9d60b57] DO-50 bitbucket-pipelines.yml added
 1 file changed, 53 insertions(+)
 create mode 100755 bitbucket-pipelines.yml
Actioned perform on branch for repo ltisync_docker are: brightspace-integration  
Cleanup completed... for ltisync_docker
******************************-----------******************************
working on repo ugcgreivance ........ 
************* Processing for branch: develop *************
branch 'develop' set up to track 'origin/develop'.
[develop bda1bd7] DO-50 bitbucket-pipelines.yml added
 1 file changed, 53 insertions(+)
 create mode 100755 bitbucket-pipelines.yml
************* Processing for branch: develop-udit *************
branch 'develop-udit' set up to track 'origin/develop-udit'.
[develop-udit 7e4e78b] DO-50 bitbucket-pipelines.yml added
 1 file changed, 53 insertions(+)
 create mode 100755 bitbucket-pipelines.yml
************* Processing for branch: grievances-udit *************
branch 'grievances-udit' set up to track 'origin/grievances-udit'.
[grievances-udit d16129e] DO-50 bitbucket-pipelines.yml added
 1 file changed, 53 insertions(+)
 create mode 100755 bitbucket-pipelines.yml
************* Processing for branch: changes/greivanceForm *************
file already exist skip remaining steps....
Actioned perform on branch for repo ugcgreivance are: developdevelop-uditgrievances-udit  
Cleanup completed... for ugcgreivance
******************************-----------******************************
working on repo feed ........ 
************* Processing for branch: feature/save-notifications *************
branch 'feature/save-notifications' set up to track 'origin/feature/save-notifications'.
[feature/save-notifications 7dd4656] DO-50 bitbucket-pipelines.yml added
 1 file changed, 53 insertions(+)
 create mode 100755 bitbucket-pipelines.yml
Actioned perform on branch for repo feed are: feature/save-notifications  
Cleanup completed... for feed
******************************-----------******************************
working on repo electron-package ........ 
Actioned perform on branch for repo electron-package are:   
Cleanup completed... for electron-package
******************************-----------******************************
working on repo falken-bc-video-pull ........ 
Actioned perform on branch for repo falken-bc-video-pull are:   
Cleanup completed... for falken-bc-video-pull
******************************-----------******************************
working on repo falken_ios ........ 
Actioned perform on branch for repo falken_ios are:   
Cleanup completed... for falken_ios
******************************-----------******************************
working on repo falken ........ 
************* Processing for branch: ak/fixes *************
branch 'ak/fixes' set up to track 'origin/ak/fixes'.
[ak/fixes f2dabc37] DO-50 bitbucket-pipelines.yml added
 1 file changed, 53 insertions(+)
 create mode 100755 bitbucket-pipelines.yml
************* Processing for branch: bug-fixes/ak/desktop-version *************
branch 'bug-fixes/ak/desktop-version' set up to track 'origin/bug-fixes/ak/desktop-version'.
[bug-fixes/ak/desktop-version a679c3bb] DO-50 bitbucket-pipelines.yml added
 1 file changed, 53 insertions(+)
 create mode 100755 bitbucket-pipelines.yml
************* Processing for branch: bug-fixes/ak/jira *************
branch 'bug-fixes/ak/jira' set up to track 'origin/bug-fixes/ak/jira'.
[bug-fixes/ak/jira d9067fbd] DO-50 bitbucket-pipelines.yml added
 1 file changed, 53 insertions(+)
 create mode 100755 bitbucket-pipelines.yml
************* Processing for branch: bug-fixes/ak/jira-tickets *************
branch 'bug-fixes/ak/jira-tickets' set up to track 'origin/bug-fixes/ak/jira-tickets'.
[bug-fixes/ak/jira-tickets b2f033a7] DO-50 bitbucket-pipelines.yml added
 1 file changed, 53 insertions(+)
 create mode 100755 bitbucket-pipelines.yml
************* Processing for branch: bug/course-null *************
branch 'bug/course-null' set up to track 'origin/bug/course-null'.
[bug/course-null 7d03a3f4] DO-50 bitbucket-pipelines.yml added
 1 file changed, 53 insertions(+)
 create mode 100755 bitbucket-pipelines.yml
************* Processing for branch: bug/course-state-issue *************
branch 'bug/course-state-issue' set up to track 'origin/bug/course-state-issue'.
[bug/course-state-issue 5dc6404d] DO-50 bitbucket-pipelines.yml added
 1 file changed, 53 insertions(+)
 create mode 100755 bitbucket-pipelines.yml
************* Processing for branch: bug/percent-height *************
branch 'bug/percent-height' set up to track 'origin/bug/percent-height'.
[bug/percent-height 02afbddf] DO-50 bitbucket-pipelines.yml added
 1 file changed, 53 insertions(+)
 create mode 100755 bitbucket-pipelines.yml
************* Processing for branch: bugs/calendar-web *************
branch 'bugs/calendar-web' set up to track 'origin/bugs/calendar-web'.
[bugs/calendar-web b353bf05] DO-50 bitbucket-pipelines.yml added
 1 file changed, 53 insertions(+)
 create mode 100755 bitbucket-pipelines.yml
************* Processing for branch: calendar/bug-fixes *************
branch 'calendar/bug-fixes' set up to track 'origin/calendar/bug-fixes'.
[calendar/bug-fixes f754fc1d] DO-50 bitbucket-pipelines.yml added
 1 file changed, 53 insertions(+)
 create mode 100755 bitbucket-pipelines.yml
************* Processing for branch: calendar/masterclass-calls *************
branch 'calendar/masterclass-calls' set up to track 'origin/calendar/masterclass-calls'.
[calendar/masterclass-calls ac6f8379] DO-50 bitbucket-pipelines.yml added
 1 file changed, 53 insertions(+)
 create mode 100755 bitbucket-pipelines.yml
************* Processing for branch: changes/client-architecture *************
branch 'changes/client-architecture' set up to track 'origin/changes/client-architecture'.
[changes/client-architecture 6cd60032] DO-50 bitbucket-pipelines.yml added
 1 file changed, 53 insertions(+)
 create mode 100755 bitbucket-pipelines.yml
************* Processing for branch: changes/dashboard-header-christmas *************
branch 'changes/dashboard-header-christmas' set up to track 'origin/changes/dashboard-header-christmas'.
[changes/dashboard-header-christmas bbcd7fec] DO-50 bitbucket-pipelines.yml added
 1 file changed, 53 insertions(+)
 create mode 100755 bitbucket-pipelines.yml
************* Processing for branch: changes/dashboard-sb *************
branch 'changes/dashboard-sb' set up to track 'origin/changes/dashboard-sb'.
[changes/dashboard-sb 5ecbc840] DO-50 bitbucket-pipelines.yml added
 1 file changed, 53 insertions(+)
 create mode 100755 bitbucket-pipelines.yml
************* Processing for branch: changes/guest-user *************
branch 'changes/guest-user' set up to track 'origin/changes/guest-user'.
[changes/guest-user 3f6f5ed4] DO-50 bitbucket-pipelines.yml added
 1 file changed, 53 insertions(+)
 create mode 100755 bitbucket-pipelines.yml
************* Processing for branch: courses/likes *************
branch 'courses/likes' set up to track 'origin/courses/likes'.
[courses/likes 176a6bee] DO-50 bitbucket-pipelines.yml added
 1 file changed, 53 insertions(+)
 create mode 100755 bitbucket-pipelines.yml
************* Processing for branch: courses/percentage-completed *************
branch 'courses/percentage-completed' set up to track 'origin/courses/percentage-completed'.
[courses/percentage-completed ac82f4c1] DO-50 bitbucket-pipelines.yml added
 1 file changed, 53 insertions(+)
 create mode 100755 bitbucket-pipelines.yml
************* Processing for branch: courses/release-changes *************
branch 'courses/release-changes' set up to track 'origin/courses/release-changes'.
[courses/release-changes 7db0afbd] DO-50 bitbucket-pipelines.yml added
 1 file changed, 53 insertions(+)
 create mode 100755 bitbucket-pipelines.yml
************* Processing for branch: courses/ui-fixes *************
branch 'courses/ui-fixes' set up to track 'origin/courses/ui-fixes'.
[courses/ui-fixes 519dc686] DO-50 bitbucket-pipelines.yml added
 1 file changed, 53 insertions(+)
 create mode 100755 bitbucket-pipelines.yml
************* Processing for branch: courses/video-player *************
branch 'courses/video-player' set up to track 'origin/courses/video-player'.
[courses/video-player 5d7fe06f] DO-50 bitbucket-pipelines.yml added
 1 file changed, 53 insertions(+)
 create mode 100755 bitbucket-pipelines.yml
************* Processing for branch: dashboard/no-loader *************
branch 'dashboard/no-loader' set up to track 'origin/dashboard/no-loader'.
[dashboard/no-loader 96e53ab2] DO-50 bitbucket-pipelines.yml added
 1 file changed, 53 insertions(+)
 create mode 100755 bitbucket-pipelines.yml
************* Processing for branch: desktop/ak/doubt-screens *************
branch 'desktop/ak/doubt-screens' set up to track 'origin/desktop/ak/doubt-screens'.
[desktop/ak/doubt-screens c7dc442b] DO-50 bitbucket-pipelines.yml added
 1 file changed, 53 insertions(+)
 create mode 100755 bitbucket-pipelines.yml
************* Processing for branch: desktop/alok *************
branch 'desktop/alok' set up to track 'origin/desktop/alok'.
[desktop/alok 80da45ff] DO-50 bitbucket-pipelines.yml added
 1 file changed, 53 insertions(+)
 create mode 100755 bitbucket-pipelines.yml
************* Processing for branch: desktop/develop *************
branch 'desktop/develop' set up to track 'origin/desktop/develop'.
[desktop/develop e4df5124] DO-50 bitbucket-pipelines.yml added
 1 file changed, 53 insertions(+)
 create mode 100755 bitbucket-pipelines.yml
************* Processing for branch: develop *************
branch 'develop' set up to track 'origin/develop'.
[develop b661380c] DO-50 bitbucket-pipelines.yml added
 1 file changed, 53 insertions(+)
 create mode 100755 bitbucket-pipelines.yml
************* Processing for branch: falken/stable/dev *************
branch 'falken/stable/dev' set up to track 'origin/falken/stable/dev'.
[falken/stable/dev 221b629a] DO-50 bitbucket-pipelines.yml added
 1 file changed, 53 insertions(+)
 create mode 100755 bitbucket-pipelines.yml
************* Processing for branch: featuer/mycalls-api *************
branch 'featuer/mycalls-api' set up to track 'origin/featuer/mycalls-api'.
[featuer/mycalls-api cfe5e332] DO-50 bitbucket-pipelines.yml added
 1 file changed, 53 insertions(+)
 create mode 100755 bitbucket-pipelines.yml
************* Processing for branch: feature/HideFooter *************
branch 'feature/HideFooter' set up to track 'origin/feature/HideFooter'.
[feature/HideFooter 65ea65aa] DO-50 bitbucket-pipelines.yml added
 1 file changed, 53 insertions(+)
 create mode 100755 bitbucket-pipelines.yml
************* Processing for branch: feature/Popup *************
branch 'feature/Popup' set up to track 'origin/feature/Popup'.
[feature/Popup bec70e19] DO-50 bitbucket-pipelines.yml added
 1 file changed, 53 insertions(+)
 create mode 100755 bitbucket-pipelines.yml
************* Processing for branch: feature/VC-one-on-one *************
branch 'feature/VC-one-on-one' set up to track 'origin/feature/VC-one-on-one'.
[feature/VC-one-on-one 88df5014] DO-50 bitbucket-pipelines.yml added
 1 file changed, 53 insertions(+)
 create mode 100755 bitbucket-pipelines.yml
************* Processing for branch: feature/ak-doubts *************
branch 'feature/ak-doubts' set up to track 'origin/feature/ak-doubts'.
[feature/ak-doubts 557edbe5] DO-50 bitbucket-pipelines.yml added
 1 file changed, 53 insertions(+)
 create mode 100755 bitbucket-pipelines.yml
************* Processing for branch: feature/ak-doubts-answers *************
branch 'feature/ak-doubts-answers' set up to track 'origin/feature/ak-doubts-answers'.
[feature/ak-doubts-answers 309b0064] DO-50 bitbucket-pipelines.yml added
 1 file changed, 53 insertions(+)
 create mode 100755 bitbucket-pipelines.yml
************* Processing for branch: feature/ak/closing-referrals *************
branch 'feature/ak/closing-referrals' set up to track 'origin/feature/ak/closing-referrals'.
[feature/ak/closing-referrals 7e13a0b4] DO-50 bitbucket-pipelines.yml added
 1 file changed, 53 insertions(+)
 create mode 100755 bitbucket-pipelines.yml
************* Processing for branch: feature/ak/create-doubt-flow *************
branch 'feature/ak/create-doubt-flow' set up to track 'origin/feature/ak/create-doubt-flow'.
[feature/ak/create-doubt-flow e79491fa] DO-50 bitbucket-pipelines.yml added
 1 file changed, 53 insertions(+)
 create mode 100755 bitbucket-pipelines.yml
************* Processing for branch: feature/ak/css-corrections *************
branch 'feature/ak/css-corrections' set up to track 'origin/feature/ak/css-corrections'.
[feature/ak/css-corrections 9c83868e] DO-50 bitbucket-pipelines.yml added
 1 file changed, 53 insertions(+)
 create mode 100755 bitbucket-pipelines.yml
************* Processing for branch: feature/ak/doubt-assignment *************
branch 'feature/ak/doubt-assignment' set up to track 'origin/feature/ak/doubt-assignment'.
[feature/ak/doubt-assignment 18bd8070] DO-50 bitbucket-pipelines.yml added
 1 file changed, 53 insertions(+)
 create mode 100755 bitbucket-pipelines.yml
************* Processing for branch: feature/ak/doubt-create-checks *************
branch 'feature/ak/doubt-create-checks' set up to track 'origin/feature/ak/doubt-create-checks'.
[feature/ak/doubt-create-checks b5c9d1fe] DO-50 bitbucket-pipelines.yml added
 1 file changed, 53 insertions(+)
 create mode 100755 bitbucket-pipelines.yml
************* Processing for branch: feature/ak/doubts-lp *************
branch 'feature/ak/doubts-lp' set up to track 'origin/feature/ak/doubts-lp'.
[feature/ak/doubts-lp 8f86e14e] DO-50 bitbucket-pipelines.yml added
 1 file changed, 53 insertions(+)
 create mode 100755 bitbucket-pipelines.yml
************* Processing for branch: feature/ak/flow-expert-doubts *************
branch 'feature/ak/flow-expert-doubts' set up to track 'origin/feature/ak/flow-expert-doubts'.
[feature/ak/flow-expert-doubts fd29d63e] DO-50 bitbucket-pipelines.yml added
 1 file changed, 53 insertions(+)
 create mode 100755 bitbucket-pipelines.yml
************* Processing for branch: feature/ak/flow-integration *************
branch 'feature/ak/flow-integration' set up to track 'origin/feature/ak/flow-integration'.
[feature/ak/flow-integration f8412e12] DO-50 bitbucket-pipelines.yml added
 1 file changed, 53 insertions(+)
 create mode 100755 bitbucket-pipelines.yml
************* Processing for branch: feature/ak/flow-search-n-doubt *************
branch 'feature/ak/flow-search-n-doubt' set up to track 'origin/feature/ak/flow-search-n-doubt'.
[feature/ak/flow-search-n-doubt 58ee15ca] DO-50 bitbucket-pipelines.yml added
 1 file changed, 53 insertions(+)
 create mode 100755 bitbucket-pipelines.yml
************* Processing for branch: feature/ak/jobs-api-integrations *************
branch 'feature/ak/jobs-api-integrations' set up to track 'origin/feature/ak/jobs-api-integrations'.
[feature/ak/jobs-api-integrations 182c2604] DO-50 bitbucket-pipelines.yml added
 1 file changed, 53 insertions(+)
 create mode 100755 bitbucket-pipelines.yml
************* Processing for branch: feature/ak/jobs-assessment *************
branch 'feature/ak/jobs-assessment' set up to track 'origin/feature/ak/jobs-assessment'.
[feature/ak/jobs-assessment cd2f1cbe] DO-50 bitbucket-pipelines.yml added
 1 file changed, 53 insertions(+)
 create mode 100755 bitbucket-pipelines.yml
************* Processing for branch: feature/ak/one-arcade *************
branch 'feature/ak/one-arcade' set up to track 'origin/feature/ak/one-arcade'.
[feature/ak/one-arcade 6aa6e959] DO-50 bitbucket-pipelines.yml added
 1 file changed, 53 insertions(+)
 create mode 100755 bitbucket-pipelines.yml
************* Processing for branch: feature/ak/redux-api-integration *************
branch 'feature/ak/redux-api-integration' set up to track 'origin/feature/ak/redux-api-integration'.
[feature/ak/redux-api-integration d8372dbe] DO-50 bitbucket-pipelines.yml added
 1 file changed, 53 insertions(+)
 create mode 100755 bitbucket-pipelines.yml
************* Processing for branch: feature/ak/search-ask-experts *************
branch 'feature/ak/search-ask-experts' set up to track 'origin/feature/ak/search-ask-experts'.
[feature/ak/search-ask-experts d05f77b3] DO-50 bitbucket-pipelines.yml added
 1 file changed, 53 insertions(+)
 create mode 100755 bitbucket-pipelines.yml
************* Processing for branch: feature/ak/search-doubt-answer *************
branch 'feature/ak/search-doubt-answer' set up to track 'origin/feature/ak/search-doubt-answer'.
[feature/ak/search-doubt-answer e9a5eec6] DO-50 bitbucket-pipelines.yml added
 1 file changed, 53 insertions(+)
 create mode 100755 bitbucket-pipelines.yml
************* Processing for branch: feature/ak/t1-result-navigation *************
branch 'feature/ak/t1-result-navigation' set up to track 'origin/feature/ak/t1-result-navigation'.
[feature/ak/t1-result-navigation a882ab05] DO-50 bitbucket-pipelines.yml added
 1 file changed, 53 insertions(+)
 create mode 100755 bitbucket-pipelines.yml
************* Processing for branch: feature/api-calendar-fix *************
branch 'feature/api-calendar-fix' set up to track 'origin/feature/api-calendar-fix'.
[feature/api-calendar-fix 5e365f47] DO-50 bitbucket-pipelines.yml added
 1 file changed, 53 insertions(+)
 create mode 100755 bitbucket-pipelines.yml
************* Processing for branch: feature/architecture *************
branch 'feature/architecture' set up to track 'origin/feature/architecture'.
[feature/architecture f6eeecd8] DO-50 bitbucket-pipelines.yml added
 1 file changed, 53 insertions(+)
 create mode 100755 bitbucket-pipelines.yml
************* Processing for branch: feature/atoms-sk *************
branch 'feature/atoms-sk' set up to track 'origin/feature/atoms-sk'.
[feature/atoms-sk ac623426] DO-50 bitbucket-pipelines.yml added
 1 file changed, 53 insertions(+)
 create mode 100755 bitbucket-pipelines.yml
************* Processing for branch: feature/call-details-page *************
branch 'feature/call-details-page' set up to track 'origin/feature/call-details-page'.
[feature/call-details-page 64c44b19] DO-50 bitbucket-pipelines.yml added
 1 file changed, 53 insertions(+)
 create mode 100755 bitbucket-pipelines.yml
************* Processing for branch: feature/campus-videos *************
branch 'feature/campus-videos' set up to track 'origin/feature/campus-videos'.
[feature/campus-videos 7a7fe343] DO-50 bitbucket-pipelines.yml added
 1 file changed, 53 insertions(+)
 create mode 100755 bitbucket-pipelines.yml
************* Processing for branch: feature/chat *************
branch 'feature/chat' set up to track 'origin/feature/chat'.
[feature/chat 3c59ba4d] DO-50 bitbucket-pipelines.yml added
 1 file changed, 53 insertions(+)
 create mode 100755 bitbucket-pipelines.yml
************* Processing for branch: feature/core-layout *************
branch 'feature/core-layout' set up to track 'origin/feature/core-layout'.
[feature/core-layout 2eccbd36] DO-50 bitbucket-pipelines.yml added
 1 file changed, 53 insertions(+)
 create mode 100755 bitbucket-pipelines.yml
************* Processing for branch: feature/course-list *************
branch 'feature/course-list' set up to track 'origin/feature/course-list'.
[feature/course-list 660d3c59] DO-50 bitbucket-pipelines.yml added
 1 file changed, 53 insertions(+)
 create mode 100755 bitbucket-pipelines.yml
************* Processing for branch: feature/course-list-api *************
branch 'feature/course-list-api' set up to track 'origin/feature/course-list-api'.
[feature/course-list-api df7b88f7] DO-50 bitbucket-pipelines.yml added
 1 file changed, 53 insertions(+)
 create mode 100755 bitbucket-pipelines.yml
************* Processing for branch: feature/course-list-web *************
branch 'feature/course-list-web' set up to track 'origin/feature/course-list-web'.
[feature/course-list-web a8dd2cb1] DO-50 bitbucket-pipelines.yml added
 1 file changed, 53 insertions(+)
 create mode 100755 bitbucket-pipelines.yml
************* Processing for branch: feature/course-quiz *************
branch 'feature/course-quiz' set up to track 'origin/feature/course-quiz'.
[feature/course-quiz 97ddd264] DO-50 bitbucket-pipelines.yml added
 1 file changed, 53 insertions(+)
 create mode 100755 bitbucket-pipelines.yml
************* Processing for branch: feature/courses-web *************
branch 'feature/courses-web' set up to track 'origin/feature/courses-web'.
[feature/courses-web 8c2394ba] DO-50 bitbucket-pipelines.yml added
 1 file changed, 53 insertions(+)
 create mode 100755 bitbucket-pipelines.yml
************* Processing for branch: feature/doubts-add-api *************
branch 'feature/doubts-add-api' set up to track 'origin/feature/doubts-add-api'.
[feature/doubts-add-api bff8e927] DO-50 bitbucket-pipelines.yml added
 1 file changed, 53 insertions(+)
 create mode 100755 bitbucket-pipelines.yml
************* Processing for branch: feature/draggable-popup *************
branch 'feature/draggable-popup' set up to track 'origin/feature/draggable-popup'.
[feature/draggable-popup 7cfd1cfe] DO-50 bitbucket-pipelines.yml added
 1 file changed, 53 insertions(+)
 create mode 100755 bitbucket-pipelines.yml
************* Processing for branch: feature/dts-ceipal *************
branch 'feature/dts-ceipal' set up to track 'origin/feature/dts-ceipal'.
[feature/dts-ceipal 4fbf1887] DO-50 bitbucket-pipelines.yml added
 1 file changed, 53 insertions(+)
 create mode 100755 bitbucket-pipelines.yml
************* Processing for branch: feature/encrypt-user-data *************
branch 'feature/encrypt-user-data' set up to track 'origin/feature/encrypt-user-data'.
[feature/encrypt-user-data 10b97b80] DO-50 bitbucket-pipelines.yml added
 1 file changed, 53 insertions(+)
 create mode 100755 bitbucket-pipelines.yml
************* Processing for branch: feature/expert-ui *************
branch 'feature/expert-ui' set up to track 'origin/feature/expert-ui'.
[feature/expert-ui 1f4dba68] DO-50 bitbucket-pipelines.yml added
 1 file changed, 53 insertions(+)
 create mode 100755 bitbucket-pipelines.yml
************* Processing for branch: feature/header-component *************
branch 'feature/header-component' set up to track 'origin/feature/header-component'.
[feature/header-component fe357503] DO-50 bitbucket-pipelines.yml added
 1 file changed, 53 insertions(+)
 create mode 100755 bitbucket-pipelines.yml
************* Processing for branch: feature/hp/expert-rating *************
branch 'feature/hp/expert-rating' set up to track 'origin/feature/hp/expert-rating'.
[feature/hp/expert-rating d4269b83] DO-50 bitbucket-pipelines.yml added
 1 file changed, 53 insertions(+)
 create mode 100755 bitbucket-pipelines.yml
************* Processing for branch: feature/hp/otp *************
branch 'feature/hp/otp' set up to track 'origin/feature/hp/otp'.
[feature/hp/otp 5dff1841] DO-50 bitbucket-pipelines.yml added
 1 file changed, 53 insertions(+)
 create mode 100755 bitbucket-pipelines.yml
************* Processing for branch: feature/hp/prev-year-question *************
branch 'feature/hp/prev-year-question' set up to track 'origin/feature/hp/prev-year-question'.
[feature/hp/prev-year-question a6784537] DO-50 bitbucket-pipelines.yml added
 1 file changed, 53 insertions(+)
 create mode 100755 bitbucket-pipelines.yml
************* Processing for branch: feature/hp/profile-web *************
branch 'feature/hp/profile-web' set up to track 'origin/feature/hp/profile-web'.
[feature/hp/profile-web 5779aa3d] DO-50 bitbucket-pipelines.yml added
 1 file changed, 53 insertions(+)
 create mode 100755 bitbucket-pipelines.yml
************* Processing for branch: feature/hp/streak *************
branch 'feature/hp/streak' set up to track 'origin/feature/hp/streak'.
[feature/hp/streak b0d049ee] DO-50 bitbucket-pipelines.yml added
 1 file changed, 53 insertions(+)
 create mode 100755 bitbucket-pipelines.yml
************* Processing for branch: feature/hp/time-tracker *************
branch 'feature/hp/time-tracker' set up to track 'origin/feature/hp/time-tracker'.
[feature/hp/time-tracker 6273d568] DO-50 bitbucket-pipelines.yml added
 1 file changed, 53 insertions(+)
 create mode 100755 bitbucket-pipelines.yml
************* Processing for branch: feature/hp/url-share *************
branch 'feature/hp/url-share' set up to track 'origin/feature/hp/url-share'.
[feature/hp/url-share b9b7e39e] DO-50 bitbucket-pipelines.yml added
 1 file changed, 53 insertions(+)
 create mode 100755 bitbucket-pipelines.yml
************* Processing for branch: feature/import-jobs-xlsx *************
branch 'feature/import-jobs-xlsx' set up to track 'origin/feature/import-jobs-xlsx'.
[feature/import-jobs-xlsx 336f5622] DO-50 bitbucket-pipelines.yml added
 1 file changed, 53 insertions(+)
 create mode 100755 bitbucket-pipelines.yml
************* Processing for branch: feature/infinite-scroll/feed *************
branch 'feature/infinite-scroll/feed' set up to track 'origin/feature/infinite-scroll/feed'.
[feature/infinite-scroll/feed 4971eb36] DO-50 bitbucket-pipelines.yml added
 1 file changed, 53 insertions(+)
 create mode 100755 bitbucket-pipelines.yml
************* Processing for branch: feature/jobs-api *************
branch 'feature/jobs-api' set up to track 'origin/feature/jobs-api'.
[feature/jobs-api 9a053458] DO-50 bitbucket-pipelines.yml added
 1 file changed, 53 insertions(+)
 create mode 100755 bitbucket-pipelines.yml
************* Processing for branch: feature/jobs-ui *************
branch 'feature/jobs-ui' set up to track 'origin/feature/jobs-ui'.
[feature/jobs-ui cbcc947d] DO-50 bitbucket-pipelines.yml added
 1 file changed, 53 insertions(+)
 create mode 100755 bitbucket-pipelines.yml
************* Processing for branch: feature/login *************
branch 'feature/login' set up to track 'origin/feature/login'.
[feature/login 519a0b60] DO-50 bitbucket-pipelines.yml added
 1 file changed, 53 insertions(+)
 create mode 100755 bitbucket-pipelines.yml
************* Processing for branch: feature/login-screen *************
branch 'feature/login-screen' set up to track 'origin/feature/login-screen'.
[feature/login-screen b3160889] DO-50 bitbucket-pipelines.yml added
 1 file changed, 53 insertions(+)
 create mode 100755 bitbucket-pipelines.yml
************* Processing for branch: feature/masterclass-api-architecture *************
branch 'feature/masterclass-api-architecture' set up to track 'origin/feature/masterclass-api-architecture'.
[feature/masterclass-api-architecture dd51feb0] DO-50 bitbucket-pipelines.yml added
 1 file changed, 53 insertions(+)
 create mode 100755 bitbucket-pipelines.yml
************* Processing for branch: feature/module-group-modules *************
branch 'feature/module-group-modules' set up to track 'origin/feature/module-group-modules'.
[feature/module-group-modules 06a1b56f] DO-50 bitbucket-pipelines.yml added
 1 file changed, 53 insertions(+)
 create mode 100755 bitbucket-pipelines.yml
************* Processing for branch: feature/navbar-popups *************
branch 'feature/navbar-popups' set up to track 'origin/feature/navbar-popups'.
[feature/navbar-popups b746b9d2] DO-50 bitbucket-pipelines.yml added
 1 file changed, 53 insertions(+)
 create mode 100755 bitbucket-pipelines.yml
************* Processing for branch: feature/notifications *************
branch 'feature/notifications' set up to track 'origin/feature/notifications'.
[feature/notifications dcf2ca59] DO-50 bitbucket-pipelines.yml added
 1 file changed, 53 insertions(+)
 create mode 100755 bitbucket-pipelines.yml
************* Processing for branch: feature/one-arcade *************
branch 'feature/one-arcade' set up to track 'origin/feature/one-arcade'.
[feature/one-arcade d863633b] DO-50 bitbucket-pipelines.yml added
 1 file changed, 53 insertions(+)
 create mode 100755 bitbucket-pipelines.yml
************* Processing for branch: feature/polls-ui *************
branch 'feature/polls-ui' set up to track 'origin/feature/polls-ui'.
[feature/polls-ui 593bbf14] DO-50 bitbucket-pipelines.yml added
 1 file changed, 53 insertions(+)
 create mode 100755 bitbucket-pipelines.yml
************* Processing for branch: feature/profile *************
branch 'feature/profile' set up to track 'origin/feature/profile'.
[feature/profile 3e630dd8] DO-50 bitbucket-pipelines.yml added
 1 file changed, 53 insertions(+)
 create mode 100755 bitbucket-pipelines.yml
************* Processing for branch: feature/profile-add-api *************
branch 'feature/profile-add-api' set up to track 'origin/feature/profile-add-api'.
[feature/profile-add-api 2acd133a] DO-50 bitbucket-pipelines.yml added
 1 file changed, 53 insertions(+)
 create mode 100755 bitbucket-pipelines.yml
************* Processing for branch: feature/referral-info *************
branch 'feature/referral-info' set up to track 'origin/feature/referral-info'.
[feature/referral-info 7e1fcda0] DO-50 bitbucket-pipelines.yml added
 1 file changed, 53 insertions(+)
 create mode 100755 bitbucket-pipelines.yml
************* Processing for branch: feature/referral-list *************
branch 'feature/referral-list' set up to track 'origin/feature/referral-list'.
[feature/referral-list 7bb7a9fc] DO-50 bitbucket-pipelines.yml added
 1 file changed, 53 insertions(+)
 create mode 100755 bitbucket-pipelines.yml
************* Processing for branch: feature/schedule-call *************
branch 'feature/schedule-call' set up to track 'origin/feature/schedule-call'.
[feature/schedule-call 80382b5b] DO-50 bitbucket-pipelines.yml added
 1 file changed, 53 insertions(+)
 create mode 100755 bitbucket-pipelines.yml
************* Processing for branch: feature/segment-components *************
branch 'feature/segment-components' set up to track 'origin/feature/segment-components'.
[feature/segment-components 99c2ef29] DO-50 bitbucket-pipelines.yml added
 1 file changed, 53 insertions(+)
 create mode 100755 bitbucket-pipelines.yml
************* Processing for branch: feature/sessions-list *************
branch 'feature/sessions-list' set up to track 'origin/feature/sessions-list'.
[feature/sessions-list 3da7fba0] DO-50 bitbucket-pipelines.yml added
 1 file changed, 53 insertions(+)
 create mode 100755 bitbucket-pipelines.yml
************* Processing for branch: feature/side-bar-fixes *************
branch 'feature/side-bar-fixes' set up to track 'origin/feature/side-bar-fixes'.
[feature/side-bar-fixes cea26223] DO-50 bitbucket-pipelines.yml added
 1 file changed, 53 insertions(+)
 create mode 100755 bitbucket-pipelines.yml
************* Processing for branch: feature/skeletons *************
branch 'feature/skeletons' set up to track 'origin/feature/skeletons'.
[feature/skeletons 862693c4] DO-50 bitbucket-pipelines.yml added
 1 file changed, 53 insertions(+)
 create mode 100755 bitbucket-pipelines.yml
************* Processing for branch: feature/st-feed-api *************
branch 'feature/st-feed-api' set up to track 'origin/feature/st-feed-api'.
[feature/st-feed-api c7ff83c2] DO-50 bitbucket-pipelines.yml added
 1 file changed, 53 insertions(+)
 create mode 100755 bitbucket-pipelines.yml
************* Processing for branch: feature/st/app-tour *************
branch 'feature/st/app-tour' set up to track 'origin/feature/st/app-tour'.
[feature/st/app-tour 4528da2c] DO-50 bitbucket-pipelines.yml added
 1 file changed, 53 insertions(+)
 create mode 100755 bitbucket-pipelines.yml
************* Processing for branch: feature/st/desktop-ui-feed *************
branch 'feature/st/desktop-ui-feed' set up to track 'origin/feature/st/desktop-ui-feed'.
[feature/st/desktop-ui-feed 124c3779] DO-50 bitbucket-pipelines.yml added
 1 file changed, 53 insertions(+)
 create mode 100755 bitbucket-pipelines.yml
************* Processing for branch: feature/st/id-card-verification *************
branch 'feature/st/id-card-verification' set up to track 'origin/feature/st/id-card-verification'.
[feature/st/id-card-verification 5963e2a7] DO-50 bitbucket-pipelines.yml added
 1 file changed, 53 insertions(+)
 create mode 100755 bitbucket-pipelines.yml
************* Processing for branch: feature/st/job-assessment-guide *************
branch 'feature/st/job-assessment-guide' set up to track 'origin/feature/st/job-assessment-guide'.
[feature/st/job-assessment-guide 78302f67] DO-50 bitbucket-pipelines.yml added
 1 file changed, 53 insertions(+)
 create mode 100755 bitbucket-pipelines.yml
************* Processing for branch: feature/st/jrt-client-migration *************
branch 'feature/st/jrt-client-migration' set up to track 'origin/feature/st/jrt-client-migration'.
[feature/st/jrt-client-migration 11deb4b3] DO-50 bitbucket-pipelines.yml added
 1 file changed, 53 insertions(+)
 create mode 100755 bitbucket-pipelines.yml
************* Processing for branch: feature/st/jrt-integration *************
branch 'feature/st/jrt-integration' set up to track 'origin/feature/st/jrt-integration'.
[feature/st/jrt-integration ad8057f7] DO-50 bitbucket-pipelines.yml added
 1 file changed, 53 insertions(+)
 create mode 100755 bitbucket-pipelines.yml
************* Processing for branch: feature/st/likes-api *************
branch 'feature/st/likes-api' set up to track 'origin/feature/st/likes-api'.
[feature/st/likes-api c972087c] DO-50 bitbucket-pipelines.yml added
 1 file changed, 53 insertions(+)
 create mode 100755 bitbucket-pipelines.yml
************* Processing for branch: feature/st/pre-signup-flow *************
branch 'feature/st/pre-signup-flow' set up to track 'origin/feature/st/pre-signup-flow'.
[feature/st/pre-signup-flow aaf858e9] DO-50 bitbucket-pipelines.yml added
 1 file changed, 53 insertions(+)
 create mode 100755 bitbucket-pipelines.yml
************* Processing for branch: feature/st/profile-ui *************
branch 'feature/st/profile-ui' set up to track 'origin/feature/st/profile-ui'.
[feature/st/profile-ui 787dd50c] DO-50 bitbucket-pipelines.yml added
 1 file changed, 53 insertions(+)
 create mode 100755 bitbucket-pipelines.yml
************* Processing for branch: feature/st/quill-js *************
branch 'feature/st/quill-js' set up to track 'origin/feature/st/quill-js'.
[feature/st/quill-js 3e8c1e3f] DO-50 bitbucket-pipelines.yml added
 1 file changed, 53 insertions(+)
 create mode 100755 bitbucket-pipelines.yml
************* Processing for branch: feature/st/referral-and-settings-ui *************
branch 'feature/st/referral-and-settings-ui' set up to track 'origin/feature/st/referral-and-settings-ui'.
[feature/st/referral-and-settings-ui 019e3187] DO-50 bitbucket-pipelines.yml added
 1 file changed, 53 insertions(+)
 create mode 100755 bitbucket-pipelines.yml
************* Processing for branch: feature/st/side-menu-navigation *************
branch 'feature/st/side-menu-navigation' set up to track 'origin/feature/st/side-menu-navigation'.
[feature/st/side-menu-navigation 1adfbc63] DO-50 bitbucket-pipelines.yml added
 1 file changed, 53 insertions(+)
 create mode 100755 bitbucket-pipelines.yml
************* Processing for branch: feature/st/skeleton-ui-feed *************
branch 'feature/st/skeleton-ui-feed' set up to track 'origin/feature/st/skeleton-ui-feed'.
[feature/st/skeleton-ui-feed bf2a35ba] DO-50 bitbucket-pipelines.yml added
 1 file changed, 53 insertions(+)
 create mode 100755 bitbucket-pipelines.yml
************* Processing for branch: feature/st/web-ui-side-nav *************
branch 'feature/st/web-ui-side-nav' set up to track 'origin/feature/st/web-ui-side-nav'.
[feature/st/web-ui-side-nav fe4ba570] DO-50 bitbucket-pipelines.yml added
 1 file changed, 53 insertions(+)
 create mode 100755 bitbucket-pipelines.yml
************* Processing for branch: feature/toast-message *************
branch 'feature/toast-message' set up to track 'origin/feature/toast-message'.
[feature/toast-message 75c3b706] DO-50 bitbucket-pipelines.yml added
 1 file changed, 53 insertions(+)
 create mode 100755 bitbucket-pipelines.yml
************* Processing for branch: feature/update-ESLINT-Prettier *************
branch 'feature/update-ESLINT-Prettier' set up to track 'origin/feature/update-ESLINT-Prettier'.
[feature/update-ESLINT-Prettier 7a6b63d4] DO-50 bitbucket-pipelines.yml added
 1 file changed, 53 insertions(+)
 create mode 100755 bitbucket-pipelines.yml
************* Processing for branch: feature/update-book-a-call *************
branch 'feature/update-book-a-call' set up to track 'origin/feature/update-book-a-call'.
[feature/update-book-a-call ef4ef01c] DO-50 bitbucket-pipelines.yml added
 1 file changed, 53 insertions(+)
 create mode 100755 bitbucket-pipelines.yml
************* Processing for branch: feature/upgradCourses-architecture *************
branch 'feature/upgradCourses-architecture' set up to track 'origin/feature/upgradCourses-architecture'.
[feature/upgradCourses-architecture d7562f99] DO-50 bitbucket-pipelines.yml added
 1 file changed, 53 insertions(+)
 create mode 100755 bitbucket-pipelines.yml
************* Processing for branch: feature/user-verification *************
branch 'feature/user-verification' set up to track 'origin/feature/user-verification'.
[feature/user-verification 8a0fa97e] DO-50 bitbucket-pipelines.yml added
 1 file changed, 53 insertions(+)
 create mode 100755 bitbucket-pipelines.yml
************* Processing for branch: feature/web-mycalls *************
branch 'feature/web-mycalls' set up to track 'origin/feature/web-mycalls'.
[feature/web-mycalls 80abcb8b] DO-50 bitbucket-pipelines.yml added
 1 file changed, 53 insertions(+)
 create mode 100755 bitbucket-pipelines.yml
************* Processing for branch: feature/whatsapp-integration *************
branch 'feature/whatsapp-integration' set up to track 'origin/feature/whatsapp-integration'.
[feature/whatsapp-integration 54ef1777] DO-50 bitbucket-pipelines.yml added
 1 file changed, 53 insertions(+)
 create mode 100755 bitbucket-pipelines.yml
************* Processing for branch: feature/ws-mc *************
branch 'feature/ws-mc' set up to track 'origin/feature/ws-mc'.
[feature/ws-mc 13437e0c] DO-50 bitbucket-pipelines.yml added
 1 file changed, 53 insertions(+)
 create mode 100755 bitbucket-pipelines.yml
************* Processing for branch: fix/ak/pending-tasks *************
branch 'fix/ak/pending-tasks' set up to track 'origin/fix/ak/pending-tasks'.
[fix/ak/pending-tasks 4e83210c] DO-50 bitbucket-pipelines.yml added
 1 file changed, 53 insertions(+)
 create mode 100755 bitbucket-pipelines.yml
************* Processing for branch: fix/ak/release *************
branch 'fix/ak/release' set up to track 'origin/fix/ak/release'.
[fix/ak/release 4b63846e] DO-50 bitbucket-pipelines.yml added
 1 file changed, 53 insertions(+)
 create mode 100755 bitbucket-pipelines.yml
************* Processing for branch: fix/code-review *************
branch 'fix/code-review' set up to track 'origin/fix/code-review'.
[fix/code-review 0c30e180] DO-50 bitbucket-pipelines.yml added
 1 file changed, 53 insertions(+)
 create mode 100755 bitbucket-pipelines.yml
************* Processing for branch: fix/courses-bugs *************
branch 'fix/courses-bugs' set up to track 'origin/fix/courses-bugs'.
[fix/courses-bugs e3f63df7] DO-50 bitbucket-pipelines.yml added
 1 file changed, 53 insertions(+)
 create mode 100755 bitbucket-pipelines.yml
************* Processing for branch: fix/dev-env *************
branch 'fix/dev-env' set up to track 'origin/fix/dev-env'.
[fix/dev-env 7bc8aa4a] DO-50 bitbucket-pipelines.yml added
 1 file changed, 53 insertions(+)
 create mode 100755 bitbucket-pipelines.yml
************* Processing for branch: fix/diwali-bg *************
branch 'fix/diwali-bg' set up to track 'origin/fix/diwali-bg'.
[fix/diwali-bg 04e52346] DO-50 bitbucket-pipelines.yml added
 1 file changed, 53 insertions(+)
 create mode 100755 bitbucket-pipelines.yml
************* Processing for branch: fix/equarions-css *************
branch 'fix/equarions-css' set up to track 'origin/fix/equarions-css'.
[fix/equarions-css e3b7f0ab] DO-50 bitbucket-pipelines.yml added
 1 file changed, 53 insertions(+)
 create mode 100755 bitbucket-pipelines.yml
************* Processing for branch: fix/equation-fix-2 *************
branch 'fix/equation-fix-2' set up to track 'origin/fix/equation-fix-2'.
[fix/equation-fix-2 16610817] DO-50 bitbucket-pipelines.yml added
 1 file changed, 53 insertions(+)
 create mode 100755 bitbucket-pipelines.yml
************* Processing for branch: fix/expert-profile *************
branch 'fix/expert-profile' set up to track 'origin/fix/expert-profile'.
[fix/expert-profile bb5b5580] DO-50 bitbucket-pipelines.yml added
 1 file changed, 53 insertions(+)
 create mode 100755 bitbucket-pipelines.yml
************* Processing for branch: fix/hp/expert-page *************
branch 'fix/hp/expert-page' set up to track 'origin/fix/hp/expert-page'.
[fix/hp/expert-page 1084cc39] DO-50 bitbucket-pipelines.yml added
 1 file changed, 53 insertions(+)
 create mode 100755 bitbucket-pipelines.yml
************* Processing for branch: fix/hp/logged-out-routes *************
branch 'fix/hp/logged-out-routes' set up to track 'origin/fix/hp/logged-out-routes'.
[fix/hp/logged-out-routes 9bc13351] DO-50 bitbucket-pipelines.yml added
 1 file changed, 53 insertions(+)
 create mode 100755 bitbucket-pipelines.yml
************* Processing for branch: fix/hp/profile-title *************
branch 'fix/hp/profile-title' set up to track 'origin/fix/hp/profile-title'.
[fix/hp/profile-title fd44fb60] DO-50 bitbucket-pipelines.yml added
 1 file changed, 53 insertions(+)
 create mode 100755 bitbucket-pipelines.yml
************* Processing for branch: fix/hp/search-scroll *************
branch 'fix/hp/search-scroll' set up to track 'origin/fix/hp/search-scroll'.
[fix/hp/search-scroll 433efc78] DO-50 bitbucket-pipelines.yml added
 1 file changed, 53 insertions(+)
 create mode 100755 bitbucket-pipelines.yml
************* Processing for branch: fix/hp/streak *************
branch 'fix/hp/streak' set up to track 'origin/fix/hp/streak'.
[fix/hp/streak 658c62c5] DO-50 bitbucket-pipelines.yml added
 1 file changed, 53 insertions(+)
 create mode 100755 bitbucket-pipelines.yml
************* Processing for branch: fix/hp/streak-loader *************
branch 'fix/hp/streak-loader' set up to track 'origin/fix/hp/streak-loader'.
[fix/hp/streak-loader 1743577b] DO-50 bitbucket-pipelines.yml added
 1 file changed, 53 insertions(+)
 create mode 100755 bitbucket-pipelines.yml
************* Processing for branch: fix/hp/streak-reward *************
branch 'fix/hp/streak-reward' set up to track 'origin/fix/hp/streak-reward'.
[fix/hp/streak-reward 259c8f24] DO-50 bitbucket-pipelines.yml added
 1 file changed, 53 insertions(+)
 create mode 100755 bitbucket-pipelines.yml
************* Processing for branch: fix/hp/title *************
branch 'fix/hp/title' set up to track 'origin/fix/hp/title'.
[fix/hp/title b4851c74] DO-50 bitbucket-pipelines.yml added
 1 file changed, 53 insertions(+)
 create mode 100755 bitbucket-pipelines.yml
************* Processing for branch: fix/my-calls-page *************
branch 'fix/my-calls-page' set up to track 'origin/fix/my-calls-page'.
[fix/my-calls-page a3896fa3] DO-50 bitbucket-pipelines.yml added
 1 file changed, 53 insertions(+)
 create mode 100755 bitbucket-pipelines.yml
************* Processing for branch: fix/my-calls-ui *************
branch 'fix/my-calls-ui' set up to track 'origin/fix/my-calls-ui'.
[fix/my-calls-ui 1a87db2d] DO-50 bitbucket-pipelines.yml added
 1 file changed, 53 insertions(+)
 create mode 100755 bitbucket-pipelines.yml
************* Processing for branch: fix/post-activity *************
branch 'fix/post-activity' set up to track 'origin/fix/post-activity'.
[fix/post-activity 188621d2] DO-50 bitbucket-pipelines.yml added
 1 file changed, 53 insertions(+)
 create mode 100755 bitbucket-pipelines.yml
************* Processing for branch: fix/pt/set-default-formatter *************
branch 'fix/pt/set-default-formatter' set up to track 'origin/fix/pt/set-default-formatter'.
[fix/pt/set-default-formatter 1c26ac92] DO-50 bitbucket-pipelines.yml added
 1 file changed, 53 insertions(+)
 create mode 100755 bitbucket-pipelines.yml
************* Processing for branch: fix/referral-info *************
branch 'fix/referral-info' set up to track 'origin/fix/referral-info'.
[fix/referral-info aaa938b9] DO-50 bitbucket-pipelines.yml added
 1 file changed, 53 insertions(+)
 create mode 100755 bitbucket-pipelines.yml
************* Processing for branch: fix/referral-reward *************
branch 'fix/referral-reward' set up to track 'origin/fix/referral-reward'.
[fix/referral-reward 8dbdda28] DO-50 bitbucket-pipelines.yml added
 1 file changed, 53 insertions(+)
 create mode 100755 bitbucket-pipelines.yml
************* Processing for branch: fix/scroll-issue *************
branch 'fix/scroll-issue' set up to track 'origin/fix/scroll-issue'.
[fix/scroll-issue 7ca90ae1] DO-50 bitbucket-pipelines.yml added
 1 file changed, 53 insertions(+)
 create mode 100755 bitbucket-pipelines.yml
************* Processing for branch: fix/st/doselect-issue *************
branch 'fix/st/doselect-issue' set up to track 'origin/fix/st/doselect-issue'.
[fix/st/doselect-issue a70db8d2] DO-50 bitbucket-pipelines.yml added
 1 file changed, 53 insertions(+)
 create mode 100755 bitbucket-pipelines.yml
************* Processing for branch: fix/st/paid-courses-prod *************
branch 'fix/st/paid-courses-prod' set up to track 'origin/fix/st/paid-courses-prod'.
[fix/st/paid-courses-prod 7603c8fa] DO-50 bitbucket-pipelines.yml added
 1 file changed, 53 insertions(+)
 create mode 100755 bitbucket-pipelines.yml
************* Processing for branch: fix/st/redirection-issue *************
branch 'fix/st/redirection-issue' set up to track 'origin/fix/st/redirection-issue'.
[fix/st/redirection-issue d65f593e] DO-50 bitbucket-pipelines.yml added
 1 file changed, 53 insertions(+)
 create mode 100755 bitbucket-pipelines.yml
************* Processing for branch: fix/submit-answer-review *************
branch 'fix/submit-answer-review' set up to track 'origin/fix/submit-answer-review'.
[fix/submit-answer-review eb2580eb] DO-50 bitbucket-pipelines.yml added
 1 file changed, 53 insertions(+)
 create mode 100755 bitbucket-pipelines.yml
************* Processing for branch: fix/vouchers *************
branch 'fix/vouchers' set up to track 'origin/fix/vouchers'.
[fix/vouchers 12f11f5b] DO-50 bitbucket-pipelines.yml added
 1 file changed, 53 insertions(+)
 create mode 100755 bitbucket-pipelines.yml
************* Processing for branch: fix/xoxo-redis *************
branch 'fix/xoxo-redis' set up to track 'origin/fix/xoxo-redis'.
[fix/xoxo-redis da93d676] DO-50 bitbucket-pipelines.yml added
 1 file changed, 53 insertions(+)
 create mode 100755 bitbucket-pipelines.yml
************* Processing for branch: fixes/ak/beta-release *************
branch 'fixes/ak/beta-release' set up to track 'origin/fixes/ak/beta-release'.
[fixes/ak/beta-release 24ff0f15] DO-50 bitbucket-pipelines.yml added
 1 file changed, 53 insertions(+)
 create mode 100755 bitbucket-pipelines.yml
************* Processing for branch: fixes/ak/dashboard-view *************
branch 'fixes/ak/dashboard-view' set up to track 'origin/fixes/ak/dashboard-view'.
[fixes/ak/dashboard-view 98cc4666] DO-50 bitbucket-pipelines.yml added
 1 file changed, 53 insertions(+)
 create mode 100755 bitbucket-pipelines.yml
************* Processing for branch: fixes/ak/data-and-css *************
branch 'fixes/ak/data-and-css' set up to track 'origin/fixes/ak/data-and-css'.
[fixes/ak/data-and-css 25ed4c6a] DO-50 bitbucket-pipelines.yml added
 1 file changed, 53 insertions(+)
 create mode 100755 bitbucket-pipelines.yml
************* Processing for branch: fixes/ak/doubt-char-check *************
branch 'fixes/ak/doubt-char-check' set up to track 'origin/fixes/ak/doubt-char-check'.
[fixes/ak/doubt-char-check 868200ee] DO-50 bitbucket-pipelines.yml added
 1 file changed, 53 insertions(+)
 create mode 100755 bitbucket-pipelines.yml
************* Processing for branch: fixes/ak/doubt-n-dash *************
branch 'fixes/ak/doubt-n-dash' set up to track 'origin/fixes/ak/doubt-n-dash'.
[fixes/ak/doubt-n-dash eaee0062] DO-50 bitbucket-pipelines.yml added
 1 file changed, 53 insertions(+)
 create mode 100755 bitbucket-pipelines.yml
************* Processing for branch: fixes/ak/navigations *************
branch 'fixes/ak/navigations' set up to track 'origin/fixes/ak/navigations'.
[fixes/ak/navigations fcca9f83] DO-50 bitbucket-pipelines.yml added
 1 file changed, 53 insertions(+)
 create mode 100755 bitbucket-pipelines.yml
************* Processing for branch: fixes/ak/optimisations *************
branch 'fixes/ak/optimisations' set up to track 'origin/fixes/ak/optimisations'.
[fixes/ak/optimisations 0ea77279] DO-50 bitbucket-pipelines.yml added
 1 file changed, 53 insertions(+)
 create mode 100755 bitbucket-pipelines.yml
************* Processing for branch: fixes/ak/report-mailer *************
branch 'fixes/ak/report-mailer' set up to track 'origin/fixes/ak/report-mailer'.
[fixes/ak/report-mailer 997b89dd] DO-50 bitbucket-pipelines.yml added
 1 file changed, 53 insertions(+)
 create mode 100755 bitbucket-pipelines.yml
************* Processing for branch: fixes/ak/review-query *************
branch 'fixes/ak/review-query' set up to track 'origin/fixes/ak/review-query'.
[fixes/ak/review-query c92c527a] DO-50 bitbucket-pipelines.yml added
 1 file changed, 53 insertions(+)
 create mode 100755 bitbucket-pipelines.yml
************* Processing for branch: fixes/course-ui-fixes *************
branch 'fixes/course-ui-fixes' set up to track 'origin/fixes/course-ui-fixes'.
[fixes/course-ui-fixes e5c9f763] DO-50 bitbucket-pipelines.yml added
 1 file changed, 53 insertions(+)
 create mode 100755 bitbucket-pipelines.yml
************* Processing for branch: fixes/hp *************
branch 'fixes/hp' set up to track 'origin/fixes/hp'.
[fixes/hp 226b8265] DO-50 bitbucket-pipelines.yml added
 1 file changed, 53 insertions(+)
 create mode 100755 bitbucket-pipelines.yml
************* Processing for branch: fixes/sk-jira-fixes *************
branch 'fixes/sk-jira-fixes' set up to track 'origin/fixes/sk-jira-fixes'.
[fixes/sk-jira-fixes 79bb5fdb] DO-50 bitbucket-pipelines.yml added
 1 file changed, 53 insertions(+)
 create mode 100755 bitbucket-pipelines.yml
************* Processing for branch: fixes/st/paid-courses *************
branch 'fixes/st/paid-courses' set up to track 'origin/fixes/st/paid-courses'.
[fixes/st/paid-courses 5db83f37] DO-50 bitbucket-pipelines.yml added
 1 file changed, 53 insertions(+)
 create mode 100755 bitbucket-pipelines.yml
************* Processing for branch: fixes/st/referral-page *************
branch 'fixes/st/referral-page' set up to track 'origin/fixes/st/referral-page'.
[fixes/st/referral-page 45db90a4] DO-50 bitbucket-pipelines.yml added
 1 file changed, 53 insertions(+)
 create mode 100755 bitbucket-pipelines.yml
************* Processing for branch: freeze/ak/doubt-mobile *************
branch 'freeze/ak/doubt-mobile' set up to track 'origin/freeze/ak/doubt-mobile'.
[freeze/ak/doubt-mobile abd54512] DO-50 bitbucket-pipelines.yml added
 1 file changed, 53 insertions(+)
 create mode 100755 bitbucket-pipelines.yml
************* Processing for branch: freeze/ak/doubts-dashboard *************
branch 'freeze/ak/doubts-dashboard' set up to track 'origin/freeze/ak/doubts-dashboard'.
[freeze/ak/doubts-dashboard 28da5d02] DO-50 bitbucket-pipelines.yml added
 1 file changed, 53 insertions(+)
 create mode 100755 bitbucket-pipelines.yml
************* Processing for branch: hotfixes/ak/desktop-develop *************
branch 'hotfixes/ak/desktop-develop' set up to track 'origin/hotfixes/ak/desktop-develop'.
[hotfixes/ak/desktop-develop 217965c5] DO-50 bitbucket-pipelines.yml added
 1 file changed, 53 insertions(+)
 create mode 100755 bitbucket-pipelines.yml
************* Processing for branch: hp/title-change *************
branch 'hp/title-change' set up to track 'origin/hp/title-change'.
[hp/title-change a01fcc81] DO-50 bitbucket-pipelines.yml added
 1 file changed, 53 insertions(+)
 create mode 100755 bitbucket-pipelines.yml
************* Processing for branch: last-stable-master *************
branch 'last-stable-master' set up to track 'origin/last-stable-master'.
[last-stable-master ac5e5f22] DO-50 bitbucket-pipelines.yml added
 1 file changed, 53 insertions(+)
 create mode 100755 bitbucket-pipelines.yml
************* Processing for branch: module/ak/quill-js *************
branch 'module/ak/quill-js' set up to track 'origin/module/ak/quill-js'.
[module/ak/quill-js 6a38b897] DO-50 bitbucket-pipelines.yml added
 1 file changed, 53 insertions(+)
 create mode 100755 bitbucket-pipelines.yml
************* Processing for branch: optimisation/ak/doubts *************
branch 'optimisation/ak/doubts' set up to track 'origin/optimisation/ak/doubts'.
[optimisation/ak/doubts d4e18bd7] DO-50 bitbucket-pipelines.yml added
 1 file changed, 53 insertions(+)
 create mode 100755 bitbucket-pipelines.yml
************* Processing for branch: poc/ak/quill-js *************
branch 'poc/ak/quill-js' set up to track 'origin/poc/ak/quill-js'.
[poc/ak/quill-js 57a7b0ef] DO-50 bitbucket-pipelines.yml added
 1 file changed, 53 insertions(+)
 create mode 100755 bitbucket-pipelines.yml
************* Processing for branch: poc/breadcrumbs *************
branch 'poc/breadcrumbs' set up to track 'origin/poc/breadcrumbs'.
[poc/breadcrumbs 24316681] DO-50 bitbucket-pipelines.yml added
 1 file changed, 53 insertions(+)
 create mode 100755 bitbucket-pipelines.yml
************* Processing for branch: project/scss *************
branch 'project/scss' set up to track 'origin/project/scss'.
[project/scss ce0968bc] DO-50 bitbucket-pipelines.yml added
 1 file changed, 53 insertions(+)
 create mode 100755 bitbucket-pipelines.yml
************* Processing for branch: revert-pr-653 *************
branch 'revert-pr-653' set up to track 'origin/revert-pr-653'.
[revert-pr-653 0e23d405] DO-50 bitbucket-pipelines.yml added
 1 file changed, 53 insertions(+)
 create mode 100755 bitbucket-pipelines.yml
************* Processing for branch: revert/ak/diwali-changes *************
branch 'revert/ak/diwali-changes' set up to track 'origin/revert/ak/diwali-changes'.
[revert/ak/diwali-changes 593c78f5] DO-50 bitbucket-pipelines.yml added
 1 file changed, 53 insertions(+)
 create mode 100755 bitbucket-pipelines.yml
************* Processing for branch: saketh/ui/fixes *************
branch 'saketh/ui/fixes' set up to track 'origin/saketh/ui/fixes'.
[saketh/ui/fixes baeaafa2] DO-50 bitbucket-pipelines.yml added
 1 file changed, 53 insertions(+)
 create mode 100755 bitbucket-pipelines.yml
************* Processing for branch: sb/feature/coins-distribution *************
branch 'sb/feature/coins-distribution' set up to track 'origin/sb/feature/coins-distribution'.
[sb/feature/coins-distribution 419be2fe] DO-50 bitbucket-pipelines.yml added
 1 file changed, 53 insertions(+)
 create mode 100755 bitbucket-pipelines.yml
************* Processing for branch: sb/feature/unauth-section *************
branch 'sb/feature/unauth-section' set up to track 'origin/sb/feature/unauth-section'.
[sb/feature/unauth-section 15c40685] DO-50 bitbucket-pipelines.yml added
 1 file changed, 53 insertions(+)
 create mode 100755 bitbucket-pipelines.yml
************* Processing for branch: sb/fixes *************
branch 'sb/fixes' set up to track 'origin/sb/fixes'.
[sb/fixes 34395351] DO-50 bitbucket-pipelines.yml added
 1 file changed, 53 insertions(+)
 create mode 100755 bitbucket-pipelines.yml
************* Processing for branch: sk/calendar-courses-fixes *************
branch 'sk/calendar-courses-fixes' set up to track 'origin/sk/calendar-courses-fixes'.
[sk/calendar-courses-fixes 9bb41fc8] DO-50 bitbucket-pipelines.yml added
 1 file changed, 53 insertions(+)
 create mode 100755 bitbucket-pipelines.yml
************* Processing for branch: sk/calls-bugs *************
branch 'sk/calls-bugs' set up to track 'origin/sk/calls-bugs'.
[sk/calls-bugs 01d59c0d] DO-50 bitbucket-pipelines.yml added
 1 file changed, 53 insertions(+)
 create mode 100755 bitbucket-pipelines.yml
************* Processing for branch: sk/course-api-updates *************
branch 'sk/course-api-updates' set up to track 'origin/sk/course-api-updates'.
[sk/course-api-updates b7aa9e6c] DO-50 bitbucket-pipelines.yml added
 1 file changed, 53 insertions(+)
 create mode 100755 bitbucket-pipelines.yml
************* Processing for branch: sk/course-image *************
branch 'sk/course-image' set up to track 'origin/sk/course-image'.
[sk/course-image 4c037544] DO-50 bitbucket-pipelines.yml added
 1 file changed, 53 insertions(+)
 create mode 100755 bitbucket-pipelines.yml
************* Processing for branch: sk/course/allow-guest *************
branch 'sk/course/allow-guest' set up to track 'origin/sk/course/allow-guest'.
[sk/course/allow-guest 35e23c83] DO-50 bitbucket-pipelines.yml added
 1 file changed, 53 insertions(+)
 create mode 100755 bitbucket-pipelines.yml
************* Processing for branch: sk/courses-api-changes *************
branch 'sk/courses-api-changes' set up to track 'origin/sk/courses-api-changes'.
[sk/courses-api-changes 1d01b4bf] DO-50 bitbucket-pipelines.yml added
 1 file changed, 53 insertions(+)
 create mode 100755 bitbucket-pipelines.yml
************* Processing for branch: sk/courses-calendar-web-fixes *************
branch 'sk/courses-calendar-web-fixes' set up to track 'origin/sk/courses-calendar-web-fixes'.
[sk/courses-calendar-web-fixes 39f2d5c8] DO-50 bitbucket-pipelines.yml added
 1 file changed, 53 insertions(+)
 create mode 100755 bitbucket-pipelines.yml
************* Processing for branch: sk/dashboard-calls *************
branch 'sk/dashboard-calls' set up to track 'origin/sk/dashboard-calls'.
[sk/dashboard-calls fd8e2150] DO-50 bitbucket-pipelines.yml added
 1 file changed, 53 insertions(+)
 create mode 100755 bitbucket-pipelines.yml
************* Processing for branch: sk/expert-bugs *************
branch 'sk/expert-bugs' set up to track 'origin/sk/expert-bugs'.
[sk/expert-bugs b3a25bc0] DO-50 bitbucket-pipelines.yml added
 1 file changed, 53 insertions(+)
 create mode 100755 bitbucket-pipelines.yml
************* Processing for branch: sk/feed-and-courses *************
branch 'sk/feed-and-courses' set up to track 'origin/sk/feed-and-courses'.
[sk/feed-and-courses 33d7218d] DO-50 bitbucket-pipelines.yml added
 1 file changed, 53 insertions(+)
 create mode 100755 bitbucket-pipelines.yml
************* Processing for branch: sk/fixes-calendar *************
branch 'sk/fixes-calendar' set up to track 'origin/sk/fixes-calendar'.
[sk/fixes-calendar 72685efe] DO-50 bitbucket-pipelines.yml added
 1 file changed, 53 insertions(+)
 create mode 100755 bitbucket-pipelines.yml
************* Processing for branch: sk/freez-code *************
branch 'sk/freez-code' set up to track 'origin/sk/freez-code'.
[sk/freez-code 81ed41a2] DO-50 bitbucket-pipelines.yml added
 1 file changed, 53 insertions(+)
 create mode 100755 bitbucket-pipelines.yml
************* Processing for branch: sk/quiz-ux-changes *************
branch 'sk/quiz-ux-changes' set up to track 'origin/sk/quiz-ux-changes'.
[sk/quiz-ux-changes 6dd36b81] DO-50 bitbucket-pipelines.yml added
 1 file changed, 53 insertions(+)
 create mode 100755 bitbucket-pipelines.yml
************* Processing for branch: sk/release-fixes *************
branch 'sk/release-fixes' set up to track 'origin/sk/release-fixes'.
[sk/release-fixes 31b08c37] DO-50 bitbucket-pipelines.yml added
 1 file changed, 53 insertions(+)
 create mode 100755 bitbucket-pipelines.yml
************* Processing for branch: sk/segment-percent-complete *************
branch 'sk/segment-percent-complete' set up to track 'origin/sk/segment-percent-complete'.
[sk/segment-percent-complete 76ac0828] DO-50 bitbucket-pipelines.yml added
 1 file changed, 53 insertions(+)
 create mode 100755 bitbucket-pipelines.yml
************* Processing for branch: sk/textfield-bugs *************
branch 'sk/textfield-bugs' set up to track 'origin/sk/textfield-bugs'.
[sk/textfield-bugs 5d8c4e8b] DO-50 bitbucket-pipelines.yml added
 1 file changed, 53 insertions(+)
 create mode 100755 bitbucket-pipelines.yml
************* Processing for branch: st/fixes *************
branch 'st/fixes' set up to track 'origin/st/fixes'.
[st/fixes e4fe1f36] DO-50 bitbucket-pipelines.yml added
 1 file changed, 53 insertions(+)
 create mode 100755 bitbucket-pipelines.yml
************* Processing for branch: stable-version/master-28112022 *************
branch 'stable-version/master-28112022' set up to track 'origin/stable-version/master-28112022'.
[stable-version/master-28112022 72b39995] DO-50 bitbucket-pipelines.yml added
 1 file changed, 53 insertions(+)
 create mode 100755 bitbucket-pipelines.yml
************* Processing for branch: staging *************
branch 'staging' set up to track 'origin/staging'.
[staging 960f35f3] DO-50 bitbucket-pipelines.yml added
 1 file changed, 53 insertions(+)
 create mode 100755 bitbucket-pipelines.yml
************* Processing for branch: sushant/changes/coins-table-delete *************
branch 'sushant/changes/coins-table-delete' set up to track 'origin/sushant/changes/coins-table-delete'.
[sushant/changes/coins-table-delete d5539167] DO-50 bitbucket-pipelines.yml added
 1 file changed, 53 insertions(+)
 create mode 100755 bitbucket-pipelines.yml
************* Processing for branch: sushant/css/fixes *************
branch 'sushant/css/fixes' set up to track 'origin/sushant/css/fixes'.
[sushant/css/fixes 005f48a1] DO-50 bitbucket-pipelines.yml added
 1 file changed, 53 insertions(+)
 create mode 100755 bitbucket-pipelines.yml
************* Processing for branch: sushant/desktop *************
branch 'sushant/desktop' set up to track 'origin/sushant/desktop'.
[sushant/desktop 0e8cf77b] DO-50 bitbucket-pipelines.yml added
 1 file changed, 53 insertions(+)
 create mode 100755 bitbucket-pipelines.yml
************* Processing for branch: sushant/feature/courses-api *************
branch 'sushant/feature/courses-api' set up to track 'origin/sushant/feature/courses-api'.
[sushant/feature/courses-api 8a54329d] DO-50 bitbucket-pipelines.yml added
 1 file changed, 53 insertions(+)
 create mode 100755 bitbucket-pipelines.yml
************* Processing for branch: sushant/feature/masterclass *************
branch 'sushant/feature/masterclass' set up to track 'origin/sushant/feature/masterclass'.
[sushant/feature/masterclass ea86a84b] DO-50 bitbucket-pipelines.yml added
 1 file changed, 53 insertions(+)
 create mode 100755 bitbucket-pipelines.yml
************* Processing for branch: sushant/feature/user-details *************
branch 'sushant/feature/user-details' set up to track 'origin/sushant/feature/user-details'.
[sushant/feature/user-details ecac77fb] DO-50 bitbucket-pipelines.yml added
 1 file changed, 53 insertions(+)
 create mode 100755 bitbucket-pipelines.yml
************* Processing for branch: sushant/feature/vc *************
branch 'sushant/feature/vc' set up to track 'origin/sushant/feature/vc'.
[sushant/feature/vc 519ff1d5] DO-50 bitbucket-pipelines.yml added
 1 file changed, 53 insertions(+)
 create mode 100755 bitbucket-pipelines.yml
************* Processing for branch: sushant/fixes *************
branch 'sushant/fixes' set up to track 'origin/sushant/fixes'.
[sushant/fixes c9fa3049] DO-50 bitbucket-pipelines.yml added
 1 file changed, 53 insertions(+)
 create mode 100755 bitbucket-pipelines.yml
************* Processing for branch: sushant/poc/desktop *************
branch 'sushant/poc/desktop' set up to track 'origin/sushant/poc/desktop'.
[sushant/poc/desktop b58f97f9] DO-50 bitbucket-pipelines.yml added
 1 file changed, 53 insertions(+)
 create mode 100755 bitbucket-pipelines.yml
************* Processing for branch: trial/infinite-scrol-breadcrumbs *************
branch 'trial/infinite-scrol-breadcrumbs' set up to track 'origin/trial/infinite-scrol-breadcrumbs'.
[trial/infinite-scrol-breadcrumbs d1ad383b] DO-50 bitbucket-pipelines.yml added
 1 file changed, 53 insertions(+)
 create mode 100755 bitbucket-pipelines.yml
************* Processing for branch: update/ak/dashboard *************
branch 'update/ak/dashboard' set up to track 'origin/update/ak/dashboard'.
[update/ak/dashboard 519f1d1b] DO-50 bitbucket-pipelines.yml added
 1 file changed, 53 insertions(+)
 create mode 100755 bitbucket-pipelines.yml
************* Processing for branch: update/ak/new-year-insta *************
branch 'update/ak/new-year-insta' set up to track 'origin/update/ak/new-year-insta'.
[update/ak/new-year-insta 1e3dd291] DO-50 bitbucket-pipelines.yml added
 1 file changed, 53 insertions(+)
 create mode 100755 bitbucket-pipelines.yml
************* Processing for branch: update/job-banner *************
branch 'update/job-banner' set up to track 'origin/update/job-banner'.
[update/job-banner 6ead41b4] DO-50 bitbucket-pipelines.yml added
 1 file changed, 53 insertions(+)
 create mode 100755 bitbucket-pipelines.yml
Actioned perform on branch for repo falken are: ak/fixesbug-fixes/ak/desktop-versionbug-fixes/ak/jirabug-fixes/ak/jira-ticketsbug/course-nullbug/course-state-issuebug/percent-heightbugs/calendar-webcalendar/bug-fixescalendar/masterclass-callschanges/client-architecturechanges/dashboard-header-christmaschanges/dashboard-sbchanges/guest-usercourses/likescourses/percentage-completedcourses/release-changescourses/ui-fixescourses/video-playerdashboard/no-loaderdesktop/ak/doubt-screensdesktop/alokdesktop/developdevelopfalken/stable/devfeatuer/mycalls-apifeature/HideFooterfeature/Popupfeature/VC-one-on-onefeature/ak-doubtsfeature/ak-doubts-answersfeature/ak/closing-referralsfeature/ak/create-doubt-flowfeature/ak/css-correctionsfeature/ak/doubt-assignmentfeature/ak/doubt-create-checksfeature/ak/doubts-lpfeature/ak/flow-expert-doubtsfeature/ak/flow-integrationfeature/ak/flow-search-n-doubtfeature/ak/jobs-api-integrationsfeature/ak/jobs-assessmentfeature/ak/one-arcadefeature/ak/redux-api-integrationfeature/ak/search-ask-expertsfeature/ak/search-doubt-answerfeature/ak/t1-result-navigationfeature/api-calendar-fixfeature/architecturefeature/atoms-skfeature/call-details-pagefeature/campus-videosfeature/chatfeature/core-layoutfeature/course-listfeature/course-list-apifeature/course-list-webfeature/course-quizfeature/courses-webfeature/doubts-add-apifeature/draggable-popupfeature/dts-ceipalfeature/encrypt-user-datafeature/expert-uifeature/header-componentfeature/hp/expert-ratingfeature/hp/otpfeature/hp/prev-year-questionfeature/hp/profile-webfeature/hp/streakfeature/hp/time-trackerfeature/hp/url-sharefeature/import-jobs-xlsxfeature/infinite-scroll/feedfeature/jobs-apifeature/jobs-uifeature/loginfeature/login-screenfeature/masterclass-api-architecturefeature/module-group-modulesfeature/navbar-popupsfeature/notificationsfeature/one-arcadefeature/polls-uifeature/profilefeature/profile-add-apifeature/referral-infofeature/referral-listfeature/schedule-callfeature/segment-componentsfeature/sessions-listfeature/side-bar-fixesfeature/skeletonsfeature/st-feed-apifeature/st/app-tourfeature/st/desktop-ui-feedfeature/st/id-card-verificationfeature/st/job-assessment-guidefeature/st/jrt-client-migrationfeature/st/jrt-integrationfeature/st/likes-apifeature/st/pre-signup-flowfeature/st/profile-uifeature/st/quill-jsfeature/st/referral-and-settings-uifeature/st/side-menu-navigationfeature/st/skeleton-ui-feedfeature/st/web-ui-side-navfeature/toast-messagefeature/update-ESLINT-Prettierfeature/update-book-a-callfeature/upgradCourses-architecturefeature/user-verificationfeature/web-mycallsfeature/whatsapp-integrationfeature/ws-mcfix/ak/pending-tasksfix/ak/releasefix/code-reviewfix/courses-bugsfix/dev-envfix/diwali-bgfix/equarions-cssfix/equation-fix-2fix/expert-profilefix/hp/expert-pagefix/hp/logged-out-routesfix/hp/profile-titlefix/hp/search-scrollfix/hp/streakfix/hp/streak-loaderfix/hp/streak-rewardfix/hp/titlefix/my-calls-pagefix/my-calls-uifix/post-activityfix/pt/set-default-formatterfix/referral-infofix/referral-rewardfix/scroll-issuefix/st/doselect-issuefix/st/paid-courses-prodfix/st/redirection-issuefix/submit-answer-reviewfix/vouchersfix/xoxo-redisfixes/ak/beta-releasefixes/ak/dashboard-viewfixes/ak/data-and-cssfixes/ak/doubt-char-checkfixes/ak/doubt-n-dashfixes/ak/navigationsfixes/ak/optimisationsfixes/ak/report-mailerfixes/ak/review-queryfixes/course-ui-fixesfixes/hpfixes/sk-jira-fixesfixes/st/paid-coursesfixes/st/referral-pagefreeze/ak/doubt-mobilefreeze/ak/doubts-dashboardhotfixes/ak/desktop-develophp/title-changelast-stable-mastermodule/ak/quill-jsoptimisation/ak/doubtspoc/ak/quill-jspoc/breadcrumbsproject/scssrevert-pr-653revert/ak/diwali-changessaketh/ui/fixessb/feature/coins-distributionsb/feature/unauth-sectionsb/fixessk/calendar-courses-fixessk/calls-bugssk/course-api-updatessk/course-imagesk/course/allow-guestsk/courses-api-changessk/courses-calendar-web-fixessk/dashboard-callssk/expert-bugssk/feed-and-coursessk/fixes-calendarsk/freez-codesk/quiz-ux-changessk/release-fixessk/segment-percent-completesk/textfield-bugsst/fixesstable-version/master-28112022stagingsushant/changes/coins-table-deletesushant/css/fixessushant/desktopsushant/feature/courses-apisushant/feature/masterclasssushant/feature/user-detailssushant/feature/vcsushant/fixessushant/poc/desktoptrial/infinite-scrol-breadcrumbsupdate/ak/dashboardupdate/ak/new-year-instaupdate/job-banner  
Cleanup completed... for falken
******************************-----------******************************
working on repo repository ........ 
Actioned perform on branch for repo repository are:   
Cleanup completed... for repository
******************************-----------******************************
working on repo assessments ........ 
************* Processing for branch: develop *************
branch 'develop' set up to track 'origin/develop'.
[develop 27dc909] DO-50 bitbucket-pipelines.yml added
 1 file changed, 53 insertions(+)
 create mode 100755 bitbucket-pipelines.yml
************* Processing for branch: feature/ak/languify-webhook *************
branch 'feature/ak/languify-webhook' set up to track 'origin/feature/ak/languify-webhook'.
[feature/ak/languify-webhook ed777f5] DO-50 bitbucket-pipelines.yml added
 1 file changed, 53 insertions(+)
 create mode 100755 bitbucket-pipelines.yml
************* Processing for branch: feature/ak/webhook *************
branch 'feature/ak/webhook' set up to track 'origin/feature/ak/webhook'.
[feature/ak/webhook 19cb9cd] DO-50 bitbucket-pipelines.yml added
 1 file changed, 53 insertions(+)
 create mode 100755 bitbucket-pipelines.yml
************* Processing for branch: feature/st/do-select-api *************
branch 'feature/st/do-select-api' set up to track 'origin/feature/st/do-select-api'.
[feature/st/do-select-api 77bf739] DO-50 bitbucket-pipelines.yml added
 1 file changed, 53 insertions(+)
 create mode 100755 bitbucket-pipelines.yml
************* Processing for branch: feature/st/landing-page-mobile-ui *************
branch 'feature/st/landing-page-mobile-ui' set up to track 'origin/feature/st/landing-page-mobile-ui'.
[feature/st/landing-page-mobile-ui 98beecb] DO-50 bitbucket-pipelines.yml added
 1 file changed, 53 insertions(+)
 create mode 100755 bitbucket-pipelines.yml
************* Processing for branch: feature/st/landing-page-ui *************
branch 'feature/st/landing-page-ui' set up to track 'origin/feature/st/landing-page-ui'.
[feature/st/landing-page-ui a0979a2] DO-50 bitbucket-pipelines.yml added
 1 file changed, 53 insertions(+)
 create mode 100755 bitbucket-pipelines.yml
************* Processing for branch: feature/st/languify-integration *************
branch 'feature/st/languify-integration' set up to track 'origin/feature/st/languify-integration'.
[feature/st/languify-integration 7be490c] DO-50 bitbucket-pipelines.yml added
 1 file changed, 53 insertions(+)
 create mode 100755 bitbucket-pipelines.yml
************* Processing for branch: feature/st/test-invite-mail *************
branch 'feature/st/test-invite-mail' set up to track 'origin/feature/st/test-invite-mail'.
[feature/st/test-invite-mail d743532] DO-50 bitbucket-pipelines.yml added
 1 file changed, 53 insertions(+)
 create mode 100755 bitbucket-pipelines.yml
************* Processing for branch: feature/st/webhook *************
branch 'feature/st/webhook' set up to track 'origin/feature/st/webhook'.
[feature/st/webhook 026cddf] DO-50 bitbucket-pipelines.yml added
 1 file changed, 53 insertions(+)
 create mode 100755 bitbucket-pipelines.yml
************* Processing for branch: project-setup *************
branch 'project-setup' set up to track 'origin/project-setup'.
[project-setup b0bf39b] DO-50 bitbucket-pipelines.yml added
 1 file changed, 53 insertions(+)
 create mode 100755 bitbucket-pipelines.yml
************* Processing for branch: revert-pr-1 *************
branch 'revert-pr-1' set up to track 'origin/revert-pr-1'.
[revert-pr-1 7a590a5] DO-50 bitbucket-pipelines.yml added
 1 file changed, 53 insertions(+)
 create mode 100755 bitbucket-pipelines.yml
Actioned perform on branch for repo assessments are: developfeature/ak/languify-webhookfeature/ak/webhookfeature/st/do-select-apifeature/st/landing-page-mobile-uifeature/st/landing-page-uifeature/st/languify-integrationfeature/st/test-invite-mailfeature/st/webhookproject-setuprevert-pr-1  
Cleanup completed... for assessments
******************************-----------******************************
working on repo upgrad ........ 
************* Processing for branch: bug/safari-video *************
branch 'bug/safari-video' set up to track 'origin/bug/safari-video'.
[bug/safari-video bfee8ec] DO-50 bitbucket-pipelines.yml added
 1 file changed, 53 insertions(+)
 create mode 100755 bitbucket-pipelines.yml
************* Processing for branch: feature/additional-changes *************
branch 'feature/additional-changes' set up to track 'origin/feature/additional-changes'.
[feature/additional-changes 4459398] DO-50 bitbucket-pipelines.yml added
 1 file changed, 53 insertions(+)
 create mode 100755 bitbucket-pipelines.yml
************* Processing for branch: feature/coupon-text-change *************
branch 'feature/coupon-text-change' set up to track 'origin/feature/coupon-text-change'.
[feature/coupon-text-change 2a64773] DO-50 bitbucket-pipelines.yml added
 1 file changed, 53 insertions(+)
 create mode 100755 bitbucket-pipelines.yml
************* Processing for branch: feature/datepicker-newcode-changes *************
branch 'feature/datepicker-newcode-changes' set up to track 'origin/feature/datepicker-newcode-changes'.
[feature/datepicker-newcode-changes 37c9256] DO-50 bitbucket-pipelines.yml added
 1 file changed, 53 insertions(+)
 create mode 100755 bitbucket-pipelines.yml
************* Processing for branch: feature/diwali-coupon *************
branch 'feature/diwali-coupon' set up to track 'origin/feature/diwali-coupon'.
[feature/diwali-coupon c40c82a] DO-50 bitbucket-pipelines.yml added
 1 file changed, 53 insertions(+)
 create mode 100755 bitbucket-pipelines.yml
************* Processing for branch: feature/dockerchange *************
branch 'feature/dockerchange' set up to track 'origin/feature/dockerchange'.
[feature/dockerchange 440e5df] DO-50 bitbucket-pipelines.yml added
 1 file changed, 53 insertions(+)
 create mode 100755 bitbucket-pipelines.yml
************* Processing for branch: feature/emi-value-change *************
branch 'feature/emi-value-change' set up to track 'origin/feature/emi-value-change'.
[feature/emi-value-change 7024a91] DO-50 bitbucket-pipelines.yml added
 1 file changed, 53 insertions(+)
 create mode 100755 bitbucket-pipelines.yml
************* Processing for branch: feature/finalchanges *************
branch 'feature/finalchanges' set up to track 'origin/feature/finalchanges'.
[feature/finalchanges 066387a] DO-50 bitbucket-pipelines.yml added
 1 file changed, 53 insertions(+)
 create mode 100755 bitbucket-pipelines.yml
************* Processing for branch: feature/growth10-coupon *************
branch 'feature/growth10-coupon' set up to track 'origin/feature/growth10-coupon'.
[feature/growth10-coupon 069aa6c] DO-50 bitbucket-pipelines.yml added
 1 file changed, 53 insertions(+)
 create mode 100755 bitbucket-pipelines.yml
************* Processing for branch: feature/leadsquared-api-changes *************
branch 'feature/leadsquared-api-changes' set up to track 'origin/feature/leadsquared-api-changes'.
[feature/leadsquared-api-changes 427a621] DO-50 bitbucket-pipelines.yml added
 1 file changed, 53 insertions(+)
 create mode 100755 bitbucket-pipelines.yml
************* Processing for branch: feature/loader-and-learnerform *************
branch 'feature/loader-and-learnerform' set up to track 'origin/feature/loader-and-learnerform'.
[feature/loader-and-learnerform b37e3a1] DO-50 bitbucket-pipelines.yml added
 1 file changed, 53 insertions(+)
 create mode 100755 bitbucket-pipelines.yml
************* Processing for branch: feature/new-video *************
branch 'feature/new-video' set up to track 'origin/feature/new-video'.
[feature/new-video 3bf6182] DO-50 bitbucket-pipelines.yml added
 1 file changed, 53 insertions(+)
 create mode 100755 bitbucket-pipelines.yml
************* Processing for branch: feature/remove-coupon *************
branch 'feature/remove-coupon' set up to track 'origin/feature/remove-coupon'.
[feature/remove-coupon 9e189bb] DO-50 bitbucket-pipelines.yml added
 1 file changed, 53 insertions(+)
 create mode 100755 bitbucket-pipelines.yml
************* Processing for branch: feature/spacing-fixes *************
branch 'feature/spacing-fixes' set up to track 'origin/feature/spacing-fixes'.
[feature/spacing-fixes f29b897] DO-50 bitbucket-pipelines.yml added
 1 file changed, 53 insertions(+)
 create mode 100755 bitbucket-pipelines.yml
************* Processing for branch: landingPage/Changes *************
branch 'landingPage/Changes' set up to track 'origin/landingPage/Changes'.
[landingPage/Changes 4366444] DO-50 bitbucket-pipelines.yml added
 1 file changed, 53 insertions(+)
 create mode 100755 bitbucket-pipelines.yml
************* Processing for branch: responsiveness *************
branch 'responsiveness' set up to track 'origin/responsiveness'.
[responsiveness a2192e6] DO-50 bitbucket-pipelines.yml added
 1 file changed, 53 insertions(+)
 create mode 100755 bitbucket-pipelines.yml
Actioned perform on branch for repo upgrad are: bug/safari-videofeature/additional-changesfeature/coupon-text-changefeature/datepicker-newcode-changesfeature/diwali-couponfeature/dockerchangefeature/emi-value-changefeature/finalchangesfeature/growth10-couponfeature/leadsquared-api-changesfeature/loader-and-learnerformfeature/new-videofeature/remove-couponfeature/spacing-fixeslandingPage/Changesresponsiveness  
Cleanup completed... for upgrad
******************************-----------******************************
working on repo chat-popup ........ 
Actioned perform on branch for repo chat-popup are:   
Cleanup completed... for chat-popup
******************************-----------******************************
working on repo vc-event-handler ........ 
Actioned perform on branch for repo vc-event-handler are:   
Cleanup completed... for vc-event-handler
******************************-----------******************************
working on repo ltibatch ........ 
Actioned perform on branch for repo ltibatch are:   
Cleanup completed... for ltibatch
******************************-----------******************************
working on repo androidvcgatewaysdk ........ 
Actioned perform on branch for repo androidvcgatewaysdk are:   
Cleanup completed... for androidvcgatewaysdk
******************************-----------******************************
working on repo nativedigitalclassroomiossdk ........ 
Actioned perform on branch for repo nativedigitalclassroomiossdk are:   
Cleanup completed... for nativedigitalclassroomiossdk
******************************-----------******************************
working on repo android-integration-sample ........ 
************* Processing for branch: temp *************
branch 'temp' set up to track 'origin/temp'.
[temp f577075] DO-50 bitbucket-pipelines.yml added
 1 file changed, 53 insertions(+)
 create mode 100755 bitbucket-pipelines.yml
Actioned perform on branch for repo android-integration-sample are: temp  
Cleanup completed... for android-integration-sample
******************************-----------******************************
working on repo falken_android ........ 
Actioned perform on branch for repo falken_android are:   
Cleanup completed... for falken_android
******************************-----------******************************
working on repo docker-flipped-processing ........ 
************* Processing for branch: develop *************
branch 'develop' set up to track 'origin/develop'.
[develop 1675fad] DO-50 bitbucket-pipelines.yml added
 1 file changed, 53 insertions(+)
 create mode 100755 bitbucket-pipelines.yml
************* Processing for branch: et/fix/mysql-connector-update *************
branch 'et/fix/mysql-connector-update' set up to track 'origin/et/fix/mysql-connector-update'.
[et/fix/mysql-connector-update f975c94] DO-50 bitbucket-pipelines.yml added
 1 file changed, 53 insertions(+)
 create mode 100755 bitbucket-pipelines.yml
Actioned perform on branch for repo docker-flipped-processing are: developet/fix/mysql-connector-update  
Cleanup completed... for docker-flipped-processing
******************************-----------******************************
working on repo recommendation ........ 
************* Processing for branch: adithya-kanukanti/dockerfile-edited-online-with-bitbucket-1704362145716 *************
branch 'adithya-kanukanti/dockerfile-edited-online-with-bitbucket-1704362145716' set up to track 'origin/adithya-kanukanti/dockerfile-edited-online-with-bitbucket-1704362145716'.
[adithya-kanukanti/dockerfile-edited-online-with-bitbucket-1704362145716 a91e15a] DO-50 bitbucket-pipelines.yml added
 1 file changed, 53 insertions(+)
 create mode 100755 bitbucket-pipelines.yml
Actioned perform on branch for repo recommendation are: adithya-kanukanti/dockerfile-edited-online-with-bitbucket-1704362145716  
Cleanup completed... for recommendation
******************************-----------******************************
working on repo mysql_connections_manager ........ 
Actioned perform on branch for repo mysql_connections_manager are:   
Cleanup completed... for mysql_connections_manager
******************************-----------******************************
working on repo vc-record ........ 
************* Processing for branch: abr *************
branch 'abr' set up to track 'origin/abr'.
[abr 581d681] DO-50 bitbucket-pipelines.yml added
 1 file changed, 53 insertions(+)
 create mode 100755 bitbucket-pipelines.yml
************* Processing for branch: alok-dev *************
branch 'alok-dev' set up to track 'origin/alok-dev'.
[alok-dev cf63d75] DO-50 bitbucket-pipelines.yml added
 1 file changed, 53 insertions(+)
 create mode 100755 bitbucket-pipelines.yml
************* Processing for branch: develop *************
branch 'develop' set up to track 'origin/develop'.
[develop bddb03b] DO-50 bitbucket-pipelines.yml added
 1 file changed, 53 insertions(+)
 create mode 100755 bitbucket-pipelines.yml
************* Processing for branch: docker_proc *************
branch 'docker_proc' set up to track 'origin/docker_proc'.
[docker_proc 1615785] DO-50 bitbucket-pipelines.yml added
 1 file changed, 53 insertions(+)
 create mode 100755 bitbucket-pipelines.yml
************* Processing for branch: dynamic-video-mixing *************
branch 'dynamic-video-mixing' set up to track 'origin/dynamic-video-mixing'.
[dynamic-video-mixing f0890ac] DO-50 bitbucket-pipelines.yml added
 1 file changed, 53 insertions(+)
 create mode 100755 bitbucket-pipelines.yml
************* Processing for branch: feature/et/aws-migration *************
branch 'feature/et/aws-migration' set up to track 'origin/feature/et/aws-migration'.
[feature/et/aws-migration ed52512] DO-50 bitbucket-pipelines.yml added
 1 file changed, 53 insertions(+)
 create mode 100755 bitbucket-pipelines.yml
************* Processing for branch: feature/et/wb-path-created-record *************
branch 'feature/et/wb-path-created-record' set up to track 'origin/feature/et/wb-path-created-record'.
[feature/et/wb-path-created-record 3417e89] DO-50 bitbucket-pipelines.yml added
 1 file changed, 53 insertions(+)
 create mode 100755 bitbucket-pipelines.yml
************* Processing for branch: sdk-rec *************
branch 'sdk-rec' set up to track 'origin/sdk-rec'.
[sdk-rec 7afcd69] DO-50 bitbucket-pipelines.yml added
 1 file changed, 53 insertions(+)
 create mode 100755 bitbucket-pipelines.yml
************* Processing for branch: v1_docker_proc *************
branch 'v1_docker_proc' set up to track 'origin/v1_docker_proc'.
[v1_docker_proc c41e0ff] DO-50 bitbucket-pipelines.yml added
 1 file changed, 53 insertions(+)
 create mode 100755 bitbucket-pipelines.yml
************* Processing for branch: vc_dblessirs *************
branch 'vc_dblessirs' set up to track 'origin/vc_dblessirs'.
[vc_dblessirs 6d0b339] DO-50 bitbucket-pipelines.yml added
 1 file changed, 53 insertions(+)
 create mode 100755 bitbucket-pipelines.yml
************* Processing for branch: whiteboard *************
branch 'whiteboard' set up to track 'origin/whiteboard'.
[whiteboard 555dddc] DO-50 bitbucket-pipelines.yml added
 1 file changed, 53 insertions(+)
 create mode 100755 bitbucket-pipelines.yml
Actioned perform on branch for repo vc-record are: abralok-devdevelopdocker_procdynamic-video-mixingfeature/et/aws-migrationfeature/et/wb-path-created-recordsdk-recv1_docker_procvc_dblessirswhiteboard  
Cleanup completed... for vc-record
******************************-----------******************************
working on repo ice_client ........ 
************* Processing for branch: broadcast_stream *************
branch 'broadcast_stream' set up to track 'origin/broadcast_stream'.
[broadcast_stream ab0e17e] DO-50 bitbucket-pipelines.yml added
 1 file changed, 53 insertions(+)
 create mode 100755 bitbucket-pipelines.yml
************* Processing for branch: ebin_dev *************
branch 'ebin_dev' set up to track 'origin/ebin_dev'.
[ebin_dev 1d26776] DO-50 bitbucket-pipelines.yml added
 1 file changed, 53 insertions(+)
 create mode 100755 bitbucket-pipelines.yml
************* Processing for branch: echo-playback-delay *************
branch 'echo-playback-delay' set up to track 'origin/echo-playback-delay'.
[echo-playback-delay 36f8294] DO-50 bitbucket-pipelines.yml added
 1 file changed, 53 insertions(+)
 create mode 100755 bitbucket-pipelines.yml
************* Processing for branch: echo_cancelled_live *************
branch 'echo_cancelled_live' set up to track 'origin/echo_cancelled_live'.
[echo_cancelled_live 7e9ec2f] DO-50 bitbucket-pipelines.yml added
 1 file changed, 53 insertions(+)
 create mode 100755 bitbucket-pipelines.yml
************* Processing for branch: et/feature/rob-for-audioplay *************
branch 'et/feature/rob-for-audioplay' set up to track 'origin/et/feature/rob-for-audioplay'.
[et/feature/rob-for-audioplay 3708510] DO-50 bitbucket-pipelines.yml added
 1 file changed, 53 insertions(+)
 create mode 100755 bitbucket-pipelines.yml
************* Processing for branch: live_hls *************
branch 'live_hls' set up to track 'origin/live_hls'.
[live_hls 1a9ba36] DO-50 bitbucket-pipelines.yml added
 1 file changed, 53 insertions(+)
 create mode 100755 bitbucket-pipelines.yml
************* Processing for branch: rtmp_out *************
branch 'rtmp_out' set up to track 'origin/rtmp_out'.
[rtmp_out 38110e7] DO-50 bitbucket-pipelines.yml added
 1 file changed, 53 insertions(+)
 create mode 100755 bitbucket-pipelines.yml
************* Processing for branch: serverside_abr *************
branch 'serverside_abr' set up to track 'origin/serverside_abr'.
[serverside_abr b026f24] DO-50 bitbucket-pipelines.yml added
 1 file changed, 53 insertions(+)
 create mode 100755 bitbucket-pipelines.yml
************* Processing for branch: temporal_svc *************
branch 'temporal_svc' set up to track 'origin/temporal_svc'.
[temporal_svc b527a28] DO-50 bitbucket-pipelines.yml added
 1 file changed, 53 insertions(+)
 create mode 100755 bitbucket-pipelines.yml
************* Processing for branch: ubuntu-20 *************
branch 'ubuntu-20' set up to track 'origin/ubuntu-20'.
[ubuntu-20 7b3dfb3] DO-50 bitbucket-pipelines.yml added
 1 file changed, 53 insertions(+)
 create mode 100755 bitbucket-pipelines.yml
************* Processing for branch: vcloadtest *************
branch 'vcloadtest' set up to track 'origin/vcloadtest'.
[vcloadtest 7785124] DO-50 bitbucket-pipelines.yml added
 1 file changed, 53 insertions(+)
 create mode 100755 bitbucket-pipelines.yml
************* Processing for branch: webrtc-audio-processing-1.0 *************
branch 'webrtc-audio-processing-1.0' set up to track 'origin/webrtc-audio-processing-1.0'.
[webrtc-audio-processing-1.0 0a952ce] DO-50 bitbucket-pipelines.yml added
 1 file changed, 53 insertions(+)
 create mode 100755 bitbucket-pipelines.yml
Actioned perform on branch for repo ice_client are: broadcast_streamebin_devecho-playback-delayecho_cancelled_liveet/feature/rob-for-audioplaylive_hlsrtmp_outserverside_abrtemporal_svcubuntu-20vcloadtestwebrtc-audio-processing-1.0  
Cleanup completed... for ice_client
******************************-----------******************************
working on repo automation ........ 
Actioned perform on branch for repo automation are:   
Cleanup completed... for automation
******************************-----------******************************
working on repo ugc-sso ........ 
************* Processing for branch: develop *************
branch 'develop' set up to track 'origin/develop'.
[develop 3b54df4] DO-50 bitbucket-pipelines.yml added
 1 file changed, 53 insertions(+)
 create mode 100755 bitbucket-pipelines.yml
************* Processing for branch: feature/st/project-setup *************
branch 'feature/st/project-setup' set up to track 'origin/feature/st/project-setup'.
[feature/st/project-setup 3c2068e] DO-50 bitbucket-pipelines.yml added
 1 file changed, 53 insertions(+)
 create mode 100755 bitbucket-pipelines.yml
Actioned perform on branch for repo ugc-sso are: developfeature/st/project-setup  
Cleanup completed... for ugc-sso
******************************-----------******************************
working on repo lsqdatatransfer ........ 
************* Processing for branch: develop *************
branch 'develop' set up to track 'origin/develop'.
[develop 2d11bc4] DO-50 bitbucket-pipelines.yml added
 1 file changed, 53 insertions(+)
 create mode 100755 bitbucket-pipelines.yml
************* Processing for branch: fix/ak/lsq-apis *************
branch 'fix/ak/lsq-apis' set up to track 'origin/fix/ak/lsq-apis'.
[fix/ak/lsq-apis 4aa9e15] DO-50 bitbucket-pipelines.yml added
 1 file changed, 53 insertions(+)
 create mode 100755 bitbucket-pipelines.yml
Actioned perform on branch for repo lsqdatatransfer are: developfix/ak/lsq-apis  
Cleanup completed... for lsqdatatransfer
******************************-----------******************************
working on repo fullmoon ........ 
************* Processing for branch: AdvanceSearch_Fix *************
branch 'AdvanceSearch_Fix' set up to track 'origin/AdvanceSearch_Fix'.
[AdvanceSearch_Fix 7b4bb13d6] DO-50 bitbucket-pipelines.yml added
 1 file changed, 53 insertions(+)
 create mode 100755 bitbucket-pipelines.yml
************* Processing for branch: Backpack_Prof_Share *************
branch 'Backpack_Prof_Share' set up to track 'origin/Backpack_Prof_Share'.
[Backpack_Prof_Share e1cf2fe51] DO-50 bitbucket-pipelines.yml added
 1 file changed, 53 insertions(+)
 create mode 100755 bitbucket-pipelines.yml
************* Processing for branch: BugFix-AB-fullmoon *************
branch 'BugFix-AB-fullmoon' set up to track 'origin/BugFix-AB-fullmoon'.
[BugFix-AB-fullmoon 1cb296ae1] DO-50 bitbucket-pipelines.yml added
 1 file changed, 53 insertions(+)
 create mode 100755 bitbucket-pipelines.yml
************* Processing for branch: ab_fixes *************
branch 'ab_fixes' set up to track 'origin/ab_fixes'.
[ab_fixes a6ef23841] DO-50 bitbucket-pipelines.yml added
 1 file changed, 53 insertions(+)
 create mode 100755 bitbucket-pipelines.yml
************* Processing for branch: ab_urlshortner *************
branch 'ab_urlshortner' set up to track 'origin/ab_urlshortner'.
[ab_urlshortner 13ca32f47] DO-50 bitbucket-pipelines.yml added
 1 file changed, 53 insertions(+)
 create mode 100755 bitbucket-pipelines.yml
************* Processing for branch: abhishek_studentApp *************
branch 'abhishek_studentApp' set up to track 'origin/abhishek_studentApp'.
[abhishek_studentApp 8f5ac8e08] DO-50 bitbucket-pipelines.yml added
 1 file changed, 53 insertions(+)
 create mode 100755 bitbucket-pipelines.yml
************* Processing for branch: add_notes_v1 *************
branch 'add_notes_v1' set up to track 'origin/add_notes_v1'.
[add_notes_v1 2cd6a050f] DO-50 bitbucket-pipelines.yml added
 1 file changed, 53 insertions(+)
 create mode 100755 bitbucket-pipelines.yml
************* Processing for branch: admin-video-HF *************
branch 'admin-video-HF' set up to track 'origin/admin-video-HF'.
[admin-video-HF 9027953c4] DO-50 bitbucket-pipelines.yml added
 1 file changed, 53 insertions(+)
 create mode 100755 bitbucket-pipelines.yml
************* Processing for branch: alok-dev-revert *************
branch 'alok-dev-revert' set up to track 'origin/alok-dev-revert'.
[alok-dev-revert 81a91300e] DO-50 bitbucket-pipelines.yml added
 1 file changed, 53 insertions(+)
 create mode 100755 bitbucket-pipelines.yml
************* Processing for branch: alok4 *************
branch 'alok4' set up to track 'origin/alok4'.
[alok4 c9c9e935a] DO-50 bitbucket-pipelines.yml added
 1 file changed, 53 insertions(+)
 create mode 100755 bitbucket-pipelines.yml
************* Processing for branch: alok_branch2 *************
branch 'alok_branch2' set up to track 'origin/alok_branch2'.
[alok_branch2 7d697144e] DO-50 bitbucket-pipelines.yml added
 1 file changed, 53 insertions(+)
 create mode 100755 bitbucket-pipelines.yml
************* Processing for branch: alok_broadcast *************
branch 'alok_broadcast' set up to track 'origin/alok_broadcast'.
[alok_broadcast 87da076e8] DO-50 bitbucket-pipelines.yml added
 1 file changed, 53 insertions(+)
 create mode 100755 bitbucket-pipelines.yml
************* Processing for branch: alok_bugfix *************
branch 'alok_bugfix' set up to track 'origin/alok_bugfix'.
[alok_bugfix 1314bb936] DO-50 bitbucket-pipelines.yml added
 1 file changed, 53 insertions(+)
 create mode 100755 bitbucket-pipelines.yml
************* Processing for branch: alok_bugfixes *************
branch 'alok_bugfixes' set up to track 'origin/alok_bugfixes'.
[alok_bugfixes c1ee65e14] DO-50 bitbucket-pipelines.yml added
 1 file changed, 53 insertions(+)
 create mode 100755 bitbucket-pipelines.yml
************* Processing for branch: alok_fixes *************
branch 'alok_fixes' set up to track 'origin/alok_fixes'.
[alok_fixes e5512ffd7] DO-50 bitbucket-pipelines.yml added
 1 file changed, 53 insertions(+)
 create mode 100755 bitbucket-pipelines.yml
************* Processing for branch: alok_hf2 *************
branch 'alok_hf2' set up to track 'origin/alok_hf2'.
[alok_hf2 bc0a7fddb] DO-50 bitbucket-pipelines.yml added
 1 file changed, 53 insertions(+)
 create mode 100755 bitbucket-pipelines.yml
************* Processing for branch: alok_hf3 *************
branch 'alok_hf3' set up to track 'origin/alok_hf3'.
[alok_hf3 9065fcffe] DO-50 bitbucket-pipelines.yml added
 1 file changed, 53 insertions(+)
 create mode 100755 bitbucket-pipelines.yml
************* Processing for branch: alok_hf4 *************
branch 'alok_hf4' set up to track 'origin/alok_hf4'.
[alok_hf4 571db0a7c] DO-50 bitbucket-pipelines.yml added
 1 file changed, 53 insertions(+)
 create mode 100755 bitbucket-pipelines.yml
************* Processing for branch: branch-fix *************
branch 'branch-fix' set up to track 'origin/branch-fix'.
[branch-fix 30495e565] DO-50 bitbucket-pipelines.yml added
 1 file changed, 53 insertions(+)
 create mode 100755 bitbucket-pipelines.yml
************* Processing for branch: bsf-surya *************
branch 'bsf-surya' set up to track 'origin/bsf-surya'.
[bsf-surya 581603225] DO-50 bitbucket-pipelines.yml added
 1 file changed, 53 insertions(+)
 create mode 100755 bitbucket-pipelines.yml
************* Processing for branch: bsf2-surya *************
branch 'bsf2-surya' set up to track 'origin/bsf2-surya'.
[bsf2-surya 35884b609] DO-50 bitbucket-pipelines.yml added
 1 file changed, 53 insertions(+)
 create mode 100755 bitbucket-pipelines.yml
************* Processing for branch: bug-fix/chat-server *************
branch 'bug-fix/chat-server' set up to track 'origin/bug-fix/chat-server'.
[bug-fix/chat-server 659ef92a4] DO-50 bitbucket-pipelines.yml added
 1 file changed, 53 insertions(+)
 create mode 100755 bitbucket-pipelines.yml
************* Processing for branch: bug-fix/emoji-keys *************
branch 'bug-fix/emoji-keys' set up to track 'origin/bug-fix/emoji-keys'.
[bug-fix/emoji-keys e0728d642] DO-50 bitbucket-pipelines.yml added
 1 file changed, 53 insertions(+)
 create mode 100755 bitbucket-pipelines.yml
************* Processing for branch: bug-fix/enhancements *************
branch 'bug-fix/enhancements' set up to track 'origin/bug-fix/enhancements'.
[bug-fix/enhancements f5acf3762] DO-50 bitbucket-pipelines.yml added
 1 file changed, 53 insertions(+)
 create mode 100755 bitbucket-pipelines.yml
************* Processing for branch: bug-fix/final *************
branch 'bug-fix/final' set up to track 'origin/bug-fix/final'.
[bug-fix/final 9a4227d91] DO-50 bitbucket-pipelines.yml added
 1 file changed, 53 insertions(+)
 create mode 100755 bitbucket-pipelines.yml
************* Processing for branch: bug-fix/mulptiple-features *************
branch 'bug-fix/mulptiple-features' set up to track 'origin/bug-fix/mulptiple-features'.
[bug-fix/mulptiple-features c2d5ea64a] DO-50 bitbucket-pipelines.yml added
 1 file changed, 53 insertions(+)
 create mode 100755 bitbucket-pipelines.yml
************* Processing for branch: bug-fix/panels *************
branch 'bug-fix/panels' set up to track 'origin/bug-fix/panels'.
[bug-fix/panels f90f1e5ea] DO-50 bitbucket-pipelines.yml added
 1 file changed, 53 insertions(+)
 create mode 100755 bitbucket-pipelines.yml
************* Processing for branch: bug-fix/prof-whiteboard *************
branch 'bug-fix/prof-whiteboard' set up to track 'origin/bug-fix/prof-whiteboard'.
[bug-fix/prof-whiteboard ddc7bfaa3] DO-50 bitbucket-pipelines.yml added
 1 file changed, 53 insertions(+)
 create mode 100755 bitbucket-pipelines.yml
************* Processing for branch: bug-fixes/breakout-mobile *************
branch 'bug-fixes/breakout-mobile' set up to track 'origin/bug-fixes/breakout-mobile'.
[bug-fixes/breakout-mobile 08cea80cb] DO-50 bitbucket-pipelines.yml added
 1 file changed, 53 insertions(+)
 create mode 100755 bitbucket-pipelines.yml
************* Processing for branch: bug-fixes/controls *************
branch 'bug-fixes/controls' set up to track 'origin/bug-fixes/controls'.
[bug-fixes/controls d38f52793] DO-50 bitbucket-pipelines.yml added
 1 file changed, 53 insertions(+)
 create mode 100755 bitbucket-pipelines.yml
************* Processing for branch: bug-fixes/edge-cases *************
branch 'bug-fixes/edge-cases' set up to track 'origin/bug-fixes/edge-cases'.
[bug-fixes/edge-cases 11231516d] DO-50 bitbucket-pipelines.yml added
 1 file changed, 53 insertions(+)
 create mode 100755 bitbucket-pipelines.yml
************* Processing for branch: bug-fixes/emojis *************
branch 'bug-fixes/emojis' set up to track 'origin/bug-fixes/emojis'.
[bug-fixes/emojis a6eb4cadf] DO-50 bitbucket-pipelines.yml added
 1 file changed, 53 insertions(+)
 create mode 100755 bitbucket-pipelines.yml
************* Processing for branch: bug-fixes/generic-polygons *************
branch 'bug-fixes/generic-polygons' set up to track 'origin/bug-fixes/generic-polygons'.
[bug-fixes/generic-polygons 8f5e274bf] DO-50 bitbucket-pipelines.yml added
 1 file changed, 53 insertions(+)
 create mode 100755 bitbucket-pipelines.yml
************* Processing for branch: bug-fixes/jira *************
branch 'bug-fixes/jira' set up to track 'origin/bug-fixes/jira'.
[bug-fixes/jira 4bbd12dea] DO-50 bitbucket-pipelines.yml added
 1 file changed, 53 insertions(+)
 create mode 100755 bitbucket-pipelines.yml
************* Processing for branch: bug-fixes/jira-2 *************
branch 'bug-fixes/jira-2' set up to track 'origin/bug-fixes/jira-2'.
[bug-fixes/jira-2 158b6478e] DO-50 bitbucket-pipelines.yml added
 1 file changed, 53 insertions(+)
 create mode 100755 bitbucket-pipelines.yml
************* Processing for branch: bug-fixes/jira-3 *************
branch 'bug-fixes/jira-3' set up to track 'origin/bug-fixes/jira-3'.
[bug-fixes/jira-3 c14139a00] DO-50 bitbucket-pipelines.yml added
 1 file changed, 53 insertions(+)
 create mode 100755 bitbucket-pipelines.yml
************* Processing for branch: bug-fixes/shapes *************
branch 'bug-fixes/shapes' set up to track 'origin/bug-fixes/shapes'.
[bug-fixes/shapes 00f331642] DO-50 bitbucket-pipelines.yml added
 1 file changed, 53 insertions(+)
 create mode 100755 bitbucket-pipelines.yml
************* Processing for branch: bug-fixes/whiteboard *************
branch 'bug-fixes/whiteboard' set up to track 'origin/bug-fixes/whiteboard'.
[bug-fixes/whiteboard 1ea67e10e] DO-50 bitbucket-pipelines.yml added
 1 file changed, 53 insertions(+)
 create mode 100755 bitbucket-pipelines.yml
************* Processing for branch: bugfix-alok *************
branch 'bugfix-alok' set up to track 'origin/bugfix-alok'.
[bugfix-alok 843c819cd] DO-50 bitbucket-pipelines.yml added
 1 file changed, 53 insertions(+)
 create mode 100755 bitbucket-pipelines.yml
************* Processing for branch: bugfix-chat *************
branch 'bugfix-chat' set up to track 'origin/bugfix-chat'.
[bugfix-chat f3a284465] DO-50 bitbucket-pipelines.yml added
 1 file changed, 53 insertions(+)
 create mode 100755 bitbucket-pipelines.yml
************* Processing for branch: bugfix-surya *************
branch 'bugfix-surya' set up to track 'origin/bugfix-surya'.
[bugfix-surya 470414f3d] DO-50 bitbucket-pipelines.yml added
 1 file changed, 53 insertions(+)
 create mode 100755 bitbucket-pipelines.yml
************* Processing for branch: bugfix-video *************
branch 'bugfix-video' set up to track 'origin/bugfix-video'.
[bugfix-video 05ca14f2f] DO-50 bitbucket-pipelines.yml added
 1 file changed, 53 insertions(+)
 create mode 100755 bitbucket-pipelines.yml
************* Processing for branch: build-64 *************
branch 'build-64' set up to track 'origin/build-64'.
[build-64 7b32359ff] DO-50 bitbucket-pipelines.yml added
 1 file changed, 53 insertions(+)
 create mode 100755 bitbucket-pipelines.yml
************* Processing for branch: canvas-pilot *************
branch 'canvas-pilot' set up to track 'origin/canvas-pilot'.
[canvas-pilot 8a8a71589] DO-50 bitbucket-pipelines.yml added
 1 file changed, 53 insertions(+)
 create mode 100755 bitbucket-pipelines.yml
************* Processing for branch: clean-up/attendee-list *************
branch 'clean-up/attendee-list' set up to track 'origin/clean-up/attendee-list'.
[clean-up/attendee-list cac3983fa] DO-50 bitbucket-pipelines.yml added
 1 file changed, 53 insertions(+)
 create mode 100755 bitbucket-pipelines.yml
************* Processing for branch: clean-up/chat-server *************
branch 'clean-up/chat-server' set up to track 'origin/clean-up/chat-server'.
[clean-up/chat-server ee11ecae1] DO-50 bitbucket-pipelines.yml added
 1 file changed, 53 insertions(+)
 create mode 100755 bitbucket-pipelines.yml
************* Processing for branch: develop *************
branch 'develop' set up to track 'origin/develop'.
[develop a83f9cafc] DO-50 bitbucket-pipelines.yml added
 1 file changed, 53 insertions(+)
 create mode 100755 bitbucket-pipelines.yml
************* Processing for branch: develop2 *************
branch 'develop2' set up to track 'origin/develop2'.
[develop2 37004c914] DO-50 bitbucket-pipelines.yml added
 1 file changed, 53 insertions(+)
 create mode 100755 bitbucket-pipelines.yml
************* Processing for branch: develop3 *************
branch 'develop3' set up to track 'origin/develop3'.
[develop3 a49fca524] DO-50 bitbucket-pipelines.yml added
 1 file changed, 53 insertions(+)
 create mode 100755 bitbucket-pipelines.yml
************* Processing for branch: develop_cloud *************
branch 'develop_cloud' set up to track 'origin/develop_cloud'.
[develop_cloud 6f19c2184] DO-50 bitbucket-pipelines.yml added
 1 file changed, 53 insertions(+)
 create mode 100755 bitbucket-pipelines.yml
************* Processing for branch: em_ios_change *************
branch 'em_ios_change' set up to track 'origin/em_ios_change'.
[em_ios_change 212bee076] DO-50 bitbucket-pipelines.yml added
 1 file changed, 53 insertions(+)
 create mode 100755 bitbucket-pipelines.yml
************* Processing for branch: et/abr_3rd_resolution_2 *************
branch 'et/abr_3rd_resolution_2' set up to track 'origin/et/abr_3rd_resolution_2'.
[et/abr_3rd_resolution_2 e95f220f3] DO-50 bitbucket-pipelines.yml added
 1 file changed, 53 insertions(+)
 create mode 100755 bitbucket-pipelines.yml
************* Processing for branch: et/feature/android-new-vc-url *************
branch 'et/feature/android-new-vc-url' set up to track 'origin/et/feature/android-new-vc-url'.
[et/feature/android-new-vc-url eb3f4e79e] DO-50 bitbucket-pipelines.yml added
 1 file changed, 53 insertions(+)
 create mode 100755 bitbucket-pipelines.yml
************* Processing for branch: et/feature/sso-login *************
branch 'et/feature/sso-login' set up to track 'origin/et/feature/sso-login'.
[et/feature/sso-login 4d86a3351] DO-50 bitbucket-pipelines.yml added
 1 file changed, 53 insertions(+)
 create mode 100755 bitbucket-pipelines.yml
************* Processing for branch: et/fix/dev_diff_to_master *************
branch 'et/fix/dev_diff_to_master' set up to track 'origin/et/fix/dev_diff_to_master'.
[et/fix/dev_diff_to_master 8f11213fa] DO-50 bitbucket-pipelines.yml added
 1 file changed, 53 insertions(+)
 create mode 100755 bitbucket-pipelines.yml
************* Processing for branch: et/fix/lti-mysql-fraction-issue *************
branch 'et/fix/lti-mysql-fraction-issue' set up to track 'origin/et/fix/lti-mysql-fraction-issue'.
[et/fix/lti-mysql-fraction-issue 77288c912] DO-50 bitbucket-pipelines.yml added
 1 file changed, 53 insertions(+)
 create mode 100755 bitbucket-pipelines.yml
************* Processing for branch: feature-freshChat *************
branch 'feature-freshChat' set up to track 'origin/feature-freshChat'.
[feature-freshChat 7e0cf4b9e] DO-50 bitbucket-pipelines.yml added
 1 file changed, 53 insertions(+)
 create mode 100755 bitbucket-pipelines.yml
************* Processing for branch: feature-supportchat *************
branch 'feature-supportchat' set up to track 'origin/feature-supportchat'.
[feature-supportchat 3158b681d] DO-50 bitbucket-pipelines.yml added
 1 file changed, 53 insertions(+)
 create mode 100755 bitbucket-pipelines.yml
************* Processing for branch: feature/ak/feedback-form-change *************
branch 'feature/ak/feedback-form-change' set up to track 'origin/feature/ak/feedback-form-change'.
[feature/ak/feedback-form-change 0018166d4] DO-50 bitbucket-pipelines.yml added
 1 file changed, 53 insertions(+)
 create mode 100755 bitbucket-pipelines.yml
************* Processing for branch: feature/ak/room-pin-api *************
branch 'feature/ak/room-pin-api' set up to track 'origin/feature/ak/room-pin-api'.
[feature/ak/room-pin-api 73f0c3d76] DO-50 bitbucket-pipelines.yml added
 1 file changed, 53 insertions(+)
 create mode 100755 bitbucket-pipelines.yml
************* Processing for branch: feature/ak/route-redirect *************
branch 'feature/ak/route-redirect' set up to track 'origin/feature/ak/route-redirect'.
[feature/ak/route-redirect 4bd9047d2] DO-50 bitbucket-pipelines.yml added
 1 file changed, 53 insertions(+)
 create mode 100755 bitbucket-pipelines.yml
************* Processing for branch: feature/breakout-session *************
branch 'feature/breakout-session' set up to track 'origin/feature/breakout-session'.
[feature/breakout-session 30f2b57c0] DO-50 bitbucket-pipelines.yml added
 1 file changed, 53 insertions(+)
 create mode 100755 bitbucket-pipelines.yml
************* Processing for branch: feature/directive *************
branch 'feature/directive' set up to track 'origin/feature/directive'.
[feature/directive a2d9c9b41] DO-50 bitbucket-pipelines.yml added
 1 file changed, 53 insertions(+)
 create mode 100755 bitbucket-pipelines.yml
************* Processing for branch: feature/emoji *************
branch 'feature/emoji' set up to track 'origin/feature/emoji'.
[feature/emoji 1d56859f7] DO-50 bitbucket-pipelines.yml added
 1 file changed, 53 insertions(+)
 create mode 100755 bitbucket-pipelines.yml
************* Processing for branch: feature/et/ab-packetlost-handling *************
branch 'feature/et/ab-packetlost-handling' set up to track 'origin/feature/et/ab-packetlost-handling'.
[feature/et/ab-packetlost-handling 470965f82] DO-50 bitbucket-pipelines.yml added
 1 file changed, 53 insertions(+)
 create mode 100755 bitbucket-pipelines.yml
************* Processing for branch: feature/et/lti-api-department-details *************
branch 'feature/et/lti-api-department-details' set up to track 'origin/feature/et/lti-api-department-details'.
[feature/et/lti-api-department-details 9bdb1fd1a] DO-50 bitbucket-pipelines.yml added
 1 file changed, 53 insertions(+)
 create mode 100755 bitbucket-pipelines.yml
************* Processing for branch: feature/et/vc-audio-level *************
branch 'feature/et/vc-audio-level' set up to track 'origin/feature/et/vc-audio-level'.
[feature/et/vc-audio-level bacd0401a] DO-50 bitbucket-pipelines.yml added
 1 file changed, 53 insertions(+)
 create mode 100755 bitbucket-pipelines.yml
************* Processing for branch: feature/et/vc_version_config *************
branch 'feature/et/vc_version_config' set up to track 'origin/feature/et/vc_version_config'.
[feature/et/vc_version_config f746fb53c] DO-50 bitbucket-pipelines.yml added
 1 file changed, 53 insertions(+)
 create mode 100755 bitbucket-pipelines.yml
************* Processing for branch: feature/flex-changes *************
branch 'feature/flex-changes' set up to track 'origin/feature/flex-changes'.
[feature/flex-changes ff04cf311] DO-50 bitbucket-pipelines.yml added
 1 file changed, 53 insertions(+)
 create mode 100755 bitbucket-pipelines.yml
************* Processing for branch: feature/generic-polygons *************
branch 'feature/generic-polygons' set up to track 'origin/feature/generic-polygons'.
[feature/generic-polygons 37e443ab5] DO-50 bitbucket-pipelines.yml added
 1 file changed, 53 insertions(+)
 create mode 100755 bitbucket-pipelines.yml
************* Processing for branch: feature/geometric-boxes *************
branch 'feature/geometric-boxes' set up to track 'origin/feature/geometric-boxes'.
[feature/geometric-boxes a5cb0b05a] DO-50 bitbucket-pipelines.yml added
 1 file changed, 53 insertions(+)
 create mode 100755 bitbucket-pipelines.yml
************* Processing for branch: feature/mobile-breakouts *************
branch 'feature/mobile-breakouts' set up to track 'origin/feature/mobile-breakouts'.
[feature/mobile-breakouts 47dbf9248] DO-50 bitbucket-pipelines.yml added
 1 file changed, 53 insertions(+)
 create mode 100755 bitbucket-pipelines.yml
************* Processing for branch: feature/peripheral-features *************
branch 'feature/peripheral-features' set up to track 'origin/feature/peripheral-features'.
[feature/peripheral-features 43132a7c3] DO-50 bitbucket-pipelines.yml added
 1 file changed, 53 insertions(+)
 create mode 100755 bitbucket-pipelines.yml
************* Processing for branch: feature/prof-breakout-session *************
branch 'feature/prof-breakout-session' set up to track 'origin/feature/prof-breakout-session'.
[feature/prof-breakout-session b36b254b0] DO-50 bitbucket-pipelines.yml added
 1 file changed, 53 insertions(+)
 create mode 100755 bitbucket-pipelines.yml
************* Processing for branch: feature/profile-completion-flex-changes *************
branch 'feature/profile-completion-flex-changes' set up to track 'origin/feature/profile-completion-flex-changes'.
[feature/profile-completion-flex-changes 284051e89] DO-50 bitbucket-pipelines.yml added
 1 file changed, 53 insertions(+)
 create mode 100755 bitbucket-pipelines.yml
************* Processing for branch: feature/redo-undo *************
branch 'feature/redo-undo' set up to track 'origin/feature/redo-undo'.
[feature/redo-undo 3ebdacb23] DO-50 bitbucket-pipelines.yml added
 1 file changed, 53 insertions(+)
 create mode 100755 bitbucket-pipelines.yml
************* Processing for branch: feature/st/background-effect *************
branch 'feature/st/background-effect' set up to track 'origin/feature/st/background-effect'.
[feature/st/background-effect 5db9579f6] DO-50 bitbucket-pipelines.yml added
 1 file changed, 53 insertions(+)
 create mode 100755 bitbucket-pipelines.yml
************* Processing for branch: feature/ug/livesession *************
branch 'feature/ug/livesession' set up to track 'origin/feature/ug/livesession'.
[feature/ug/livesession 1c4ddd880] DO-50 bitbucket-pipelines.yml added
 1 file changed, 53 insertions(+)
 create mode 100755 bitbucket-pipelines.yml
************* Processing for branch: feature/videoconf *************
branch 'feature/videoconf' set up to track 'origin/feature/videoconf'.
[feature/videoconf 8eff457cb] DO-50 bitbucket-pipelines.yml added
 1 file changed, 53 insertions(+)
 create mode 100755 bitbucket-pipelines.yml
************* Processing for branch: feature/wb-only *************
branch 'feature/wb-only' set up to track 'origin/feature/wb-only'.
[feature/wb-only 6ff88d72c] DO-50 bitbucket-pipelines.yml added
 1 file changed, 53 insertions(+)
 create mode 100755 bitbucket-pipelines.yml
************* Processing for branch: feature/web-view-whiteboard *************
branch 'feature/web-view-whiteboard' set up to track 'origin/feature/web-view-whiteboard'.
[feature/web-view-whiteboard 495d24dfc] DO-50 bitbucket-pipelines.yml added
 1 file changed, 53 insertions(+)
 create mode 100755 bitbucket-pipelines.yml
************* Processing for branch: features/clean-up *************
branch 'features/clean-up' set up to track 'origin/features/clean-up'.
[features/clean-up 3df8e50e7] DO-50 bitbucket-pipelines.yml added
 1 file changed, 53 insertions(+)
 create mode 100755 bitbucket-pipelines.yml
************* Processing for branch: fetchvideojs *************
branch 'fetchvideojs' set up to track 'origin/fetchvideojs'.
[fetchvideojs 889eea084] DO-50 bitbucket-pipelines.yml added
 1 file changed, 53 insertions(+)
 create mode 100755 bitbucket-pipelines.yml
************* Processing for branch: fix/ak/abusive-words *************
branch 'fix/ak/abusive-words' set up to track 'origin/fix/ak/abusive-words'.
[fix/ak/abusive-words 1b89414df] DO-50 bitbucket-pipelines.yml added
 1 file changed, 53 insertions(+)
 create mode 100755 bitbucket-pipelines.yml
************* Processing for branch: fix/ak/onecampus *************
branch 'fix/ak/onecampus' set up to track 'origin/fix/ak/onecampus'.
[fix/ak/onecampus e2b8c4f7c] DO-50 bitbucket-pipelines.yml added
 1 file changed, 53 insertions(+)
 create mode 100755 bitbucket-pipelines.yml
************* Processing for branch: fix/ak/secure-api-roompin *************
branch 'fix/ak/secure-api-roompin' set up to track 'origin/fix/ak/secure-api-roompin'.
[fix/ak/secure-api-roompin be119163a] DO-50 bitbucket-pipelines.yml added
 1 file changed, 53 insertions(+)
 create mode 100755 bitbucket-pipelines.yml
************* Processing for branch: fix/branch *************
branch 'fix/branch' set up to track 'origin/fix/branch'.
[fix/branch 9b184b25b] DO-50 bitbucket-pipelines.yml added
 1 file changed, 53 insertions(+)
 create mode 100755 bitbucket-pipelines.yml
************* Processing for branch: fix/chatserver *************
branch 'fix/chatserver' set up to track 'origin/fix/chatserver'.
[fix/chatserver d1f3bc284] DO-50 bitbucket-pipelines.yml added
 1 file changed, 53 insertions(+)
 create mode 100755 bitbucket-pipelines.yml
************* Processing for branch: fix/develop-merge *************
branch 'fix/develop-merge' set up to track 'origin/fix/develop-merge'.
[fix/develop-merge b0591e18c] DO-50 bitbucket-pipelines.yml added
 1 file changed, 53 insertions(+)
 create mode 100755 bitbucket-pipelines.yml
************* Processing for branch: fix/et/abr_3rd_resolution *************
branch 'fix/et/abr_3rd_resolution' set up to track 'origin/fix/et/abr_3rd_resolution'.
[fix/et/abr_3rd_resolution 653c70004] DO-50 bitbucket-pipelines.yml added
 1 file changed, 53 insertions(+)
 create mode 100755 bitbucket-pipelines.yml
************* Processing for branch: fix/et/bulkupload-duplicate *************
branch 'fix/et/bulkupload-duplicate' set up to track 'origin/fix/et/bulkupload-duplicate'.
[fix/et/bulkupload-duplicate 48d945ad4] DO-50 bitbucket-pipelines.yml added
 1 file changed, 53 insertions(+)
 create mode 100755 bitbucket-pipelines.yml
************* Processing for branch: fix/et/cache-in-db-utils *************
branch 'fix/et/cache-in-db-utils' set up to track 'origin/fix/et/cache-in-db-utils'.
[fix/et/cache-in-db-utils 510d1073a] DO-50 bitbucket-pipelines.yml added
 1 file changed, 53 insertions(+)
 create mode 100755 bitbucket-pipelines.yml
************* Processing for branch: fix/et/debian_package_fix *************
branch 'fix/et/debian_package_fix' set up to track 'origin/fix/et/debian_package_fix'.
[fix/et/debian_package_fix 86479e0bc] DO-50 bitbucket-pipelines.yml added
 1 file changed, 53 insertions(+)
 create mode 100755 bitbucket-pipelines.yml
************* Processing for branch: fix/et/whiteboard-time *************
branch 'fix/et/whiteboard-time' set up to track 'origin/fix/et/whiteboard-time'.
[fix/et/whiteboard-time d73074cb6] DO-50 bitbucket-pipelines.yml added
 1 file changed, 53 insertions(+)
 create mode 100755 bitbucket-pipelines.yml
************* Processing for branch: full-mooon *************
branch 'full-mooon' set up to track 'origin/full-mooon'.
[full-mooon 6c9d4cddf] DO-50 bitbucket-pipelines.yml added
 1 file changed, 53 insertions(+)
 create mode 100755 bitbucket-pipelines.yml
************* Processing for branch: gps_feature *************
branch 'gps_feature' set up to track 'origin/gps_feature'.
[gps_feature 319ce7248] DO-50 bitbucket-pipelines.yml added
 1 file changed, 53 insertions(+)
 create mode 100755 bitbucket-pipelines.yml
************* Processing for branch: gps_fullmoon *************
branch 'gps_fullmoon' set up to track 'origin/gps_fullmoon'.
[gps_fullmoon bd7802415] DO-50 bitbucket-pipelines.yml added
 1 file changed, 53 insertions(+)
 create mode 100755 bitbucket-pipelines.yml
************* Processing for branch: gps_fullmoon_master *************
branch 'gps_fullmoon_master' set up to track 'origin/gps_fullmoon_master'.
[gps_fullmoon_master 5f61f91f6] DO-50 bitbucket-pipelines.yml added
 1 file changed, 53 insertions(+)
 create mode 100755 bitbucket-pipelines.yml
************* Processing for branch: gps_vc *************
branch 'gps_vc' set up to track 'origin/gps_vc'.
[gps_vc 6ca9681c0] DO-50 bitbucket-pipelines.yml added
 1 file changed, 53 insertions(+)
 create mode 100755 bitbucket-pipelines.yml
************* Processing for branch: hf-surya *************
branch 'hf-surya' set up to track 'origin/hf-surya'.
[hf-surya 512fadee0] DO-50 bitbucket-pipelines.yml added
 1 file changed, 53 insertions(+)
 create mode 100755 bitbucket-pipelines.yml
************* Processing for branch: hotfix_cm2 *************
branch 'hotfix_cm2' set up to track 'origin/hotfix_cm2'.
[hotfix_cm2 b329e5f59] DO-50 bitbucket-pipelines.yml added
 1 file changed, 53 insertions(+)
 create mode 100755 bitbucket-pipelines.yml
************* Processing for branch: hotfix_mk2 *************
branch 'hotfix_mk2' set up to track 'origin/hotfix_mk2'.
[hotfix_mk2 bcb741ac4] DO-50 bitbucket-pipelines.yml added
 1 file changed, 53 insertions(+)
 create mode 100755 bitbucket-pipelines.yml
************* Processing for branch: hotfixes *************
branch 'hotfixes' set up to track 'origin/hotfixes'.
[hotfixes 526fec092] DO-50 bitbucket-pipelines.yml added
 1 file changed, 53 insertions(+)
 create mode 100755 bitbucket-pipelines.yml
************* Processing for branch: ios-cordova *************
branch 'ios-cordova' set up to track 'origin/ios-cordova'.
[ios-cordova 268b3aece] DO-50 bitbucket-pipelines.yml added
 1 file changed, 53 insertions(+)
 create mode 100755 bitbucket-pipelines.yml
************* Processing for branch: japit-demo *************
branch 'japit-demo' set up to track 'origin/japit-demo'.
[japit-demo 441f3d468] DO-50 bitbucket-pipelines.yml added
 1 file changed, 53 insertions(+)
 create mode 100755 bitbucket-pipelines.yml
************* Processing for branch: japit-demo-multicast *************
branch 'japit-demo-multicast' set up to track 'origin/japit-demo-multicast'.
[japit-demo-multicast acf638724] DO-50 bitbucket-pipelines.yml added
 1 file changed, 53 insertions(+)
 create mode 100755 bitbucket-pipelines.yml
************* Processing for branch: japit-feature *************
branch 'japit-feature' set up to track 'origin/japit-feature'.
[japit-feature 4bee9247f] DO-50 bitbucket-pipelines.yml added
 1 file changed, 53 insertions(+)
 create mode 100755 bitbucket-pipelines.yml
************* Processing for branch: js_code_checks *************
branch 'js_code_checks' set up to track 'origin/js_code_checks'.
[js_code_checks ec6208f4d] DO-50 bitbucket-pipelines.yml added
 1 file changed, 53 insertions(+)
 create mode 100755 bitbucket-pipelines.yml
************* Processing for branch: large-vc *************
branch 'large-vc' set up to track 'origin/large-vc'.
[large-vc 7c54db3f4] DO-50 bitbucket-pipelines.yml added
 1 file changed, 53 insertions(+)
 create mode 100755 bitbucket-pipelines.yml
************* Processing for branch: login-changes *************
branch 'login-changes' set up to track 'origin/login-changes'.
[login-changes 43258423b] DO-50 bitbucket-pipelines.yml added
 1 file changed, 53 insertions(+)
 create mode 100755 bitbucket-pipelines.yml
************* Processing for branch: ltiUISupport *************
branch 'ltiUISupport' set up to track 'origin/ltiUISupport'.
[ltiUISupport 51e68c677] DO-50 bitbucket-pipelines.yml added
 1 file changed, 53 insertions(+)
 create mode 100755 bitbucket-pipelines.yml
************* Processing for branch: manish *************
branch 'manish' set up to track 'origin/manish'.
[manish dc872f228] DO-50 bitbucket-pipelines.yml added
 1 file changed, 53 insertions(+)
 create mode 100755 bitbucket-pipelines.yml
************* Processing for branch: manish2 *************
branch 'manish2' set up to track 'origin/manish2'.
[manish2 c1ee92f0a] DO-50 bitbucket-pipelines.yml added
 1 file changed, 53 insertions(+)
 create mode 100755 bitbucket-pipelines.yml
************* Processing for branch: manish4 *************
branch 'manish4' set up to track 'origin/manish4'.
[manish4 d5ae90394] DO-50 bitbucket-pipelines.yml added
 1 file changed, 53 insertions(+)
 create mode 100755 bitbucket-pipelines.yml
************* Processing for branch: mk-bo *************
branch 'mk-bo' set up to track 'origin/mk-bo'.
[mk-bo b74fa83fd] DO-50 bitbucket-pipelines.yml added
 1 file changed, 53 insertions(+)
 create mode 100755 bitbucket-pipelines.yml
************* Processing for branch: mlfeed *************
branch 'mlfeed' set up to track 'origin/mlfeed'.
[mlfeed fdb758765] DO-50 bitbucket-pipelines.yml added
 1 file changed, 53 insertions(+)
 create mode 100755 bitbucket-pipelines.yml
************* Processing for branch: oracle_fix *************
branch 'oracle_fix' set up to track 'origin/oracle_fix'.
[oracle_fix 764754d55] DO-50 bitbucket-pipelines.yml added
 1 file changed, 53 insertions(+)
 create mode 100755 bitbucket-pipelines.yml
************* Processing for branch: re-do/wb-only *************
branch 're-do/wb-only' set up to track 'origin/re-do/wb-only'.
[re-do/wb-only 1102e02d9] DO-50 bitbucket-pipelines.yml added
 1 file changed, 53 insertions(+)
 create mode 100755 bitbucket-pipelines.yml
************* Processing for branch: record-writeup *************
branch 'record-writeup' set up to track 'origin/record-writeup'.
[record-writeup 178d2ea7f] DO-50 bitbucket-pipelines.yml added
 1 file changed, 53 insertions(+)
 create mode 100755 bitbucket-pipelines.yml
************* Processing for branch: revert/whiteboard *************
branch 'revert/whiteboard' set up to track 'origin/revert/whiteboard'.
[revert/whiteboard bbeef56e6] DO-50 bitbucket-pipelines.yml added
 1 file changed, 53 insertions(+)
 create mode 100755 bitbucket-pipelines.yml
************* Processing for branch: simulcast *************
branch 'simulcast' set up to track 'origin/simulcast'.
[simulcast 0a91d22d0] DO-50 bitbucket-pipelines.yml added
 1 file changed, 53 insertions(+)
 create mode 100755 bitbucket-pipelines.yml
************* Processing for branch: sja_change_2 *************
branch 'sja_change_2' set up to track 'origin/sja_change_2'.
[sja_change_2 8d17d9faa] DO-50 bitbucket-pipelines.yml added
 1 file changed, 53 insertions(+)
 create mode 100755 bitbucket-pipelines.yml
************* Processing for branch: sja_changes *************
branch 'sja_changes' set up to track 'origin/sja_changes'.
[sja_changes b7403dcfa] DO-50 bitbucket-pipelines.yml added
 1 file changed, 53 insertions(+)
 create mode 100755 bitbucket-pipelines.yml
************* Processing for branch: stateRoutingImpl *************
branch 'stateRoutingImpl' set up to track 'origin/stateRoutingImpl'.
[stateRoutingImpl e8b1a9cf0] DO-50 bitbucket-pipelines.yml added
 1 file changed, 53 insertions(+)
 create mode 100755 bitbucket-pipelines.yml
************* Processing for branch: subdirectory_change *************
branch 'subdirectory_change' set up to track 'origin/subdirectory_change'.
[subdirectory_change d750d93c1] DO-50 bitbucket-pipelines.yml added
 1 file changed, 53 insertions(+)
 create mode 100755 bitbucket-pipelines.yml
************* Processing for branch: temp1 *************
branch 'temp1' set up to track 'origin/temp1'.
[temp1 a01939cfc] DO-50 bitbucket-pipelines.yml added
 1 file changed, 53 insertions(+)
 create mode 100755 bitbucket-pipelines.yml
************* Processing for branch: temp_backsharing_coursepage *************
branch 'temp_backsharing_coursepage' set up to track 'origin/temp_backsharing_coursepage'.
[temp_backsharing_coursepage f09af5e84] DO-50 bitbucket-pipelines.yml added
 1 file changed, 53 insertions(+)
 create mode 100755 bitbucket-pipelines.yml
************* Processing for branch: uat *************
branch 'uat' set up to track 'origin/uat'.
[uat ba2d609df] DO-50 bitbucket-pipelines.yml added
 1 file changed, 53 insertions(+)
 create mode 100755 bitbucket-pipelines.yml
************* Processing for branch: url_redirection *************
branch 'url_redirection' set up to track 'origin/url_redirection'.
[url_redirection 864b436b9] DO-50 bitbucket-pipelines.yml added
 1 file changed, 53 insertions(+)
 create mode 100755 bitbucket-pipelines.yml
************* Processing for branch: vc-fixes *************
branch 'vc-fixes' set up to track 'origin/vc-fixes'.
[vc-fixes a501424b9] DO-50 bitbucket-pipelines.yml added
 1 file changed, 53 insertions(+)
 create mode 100755 bitbucket-pipelines.yml
************* Processing for branch: vc-nwbugfix *************
branch 'vc-nwbugfix' set up to track 'origin/vc-nwbugfix'.
[vc-nwbugfix 2e2115665] DO-50 bitbucket-pipelines.yml added
 1 file changed, 53 insertions(+)
 create mode 100755 bitbucket-pipelines.yml
************* Processing for branch: vc-sp *************
branch 'vc-sp' set up to track 'origin/vc-sp'.
[vc-sp cc3edc28e] DO-50 bitbucket-pipelines.yml added
 1 file changed, 53 insertions(+)
 create mode 100755 bitbucket-pipelines.yml
************* Processing for branch: vc-translations *************
branch 'vc-translations' set up to track 'origin/vc-translations'.
[vc-translations 0f8986931] DO-50 bitbucket-pipelines.yml added
 1 file changed, 53 insertions(+)
 create mode 100755 bitbucket-pipelines.yml
************* Processing for branch: vc_analytics *************
branch 'vc_analytics' set up to track 'origin/vc_analytics'.
[vc_analytics 6eb5e5045] DO-50 bitbucket-pipelines.yml added
 1 file changed, 53 insertions(+)
 create mode 100755 bitbucket-pipelines.yml
************* Processing for branch: vc_bugfix_phase1 *************
branch 'vc_bugfix_phase1' set up to track 'origin/vc_bugfix_phase1'.
[vc_bugfix_phase1 d1aab0c03] DO-50 bitbucket-pipelines.yml added
 1 file changed, 53 insertions(+)
 create mode 100755 bitbucket-pipelines.yml
************* Processing for branch: vc_ctrlr_integration *************
branch 'vc_ctrlr_integration' set up to track 'origin/vc_ctrlr_integration'.
[vc_ctrlr_integration a4294cd7e] DO-50 bitbucket-pipelines.yml added
 1 file changed, 53 insertions(+)
 create mode 100755 bitbucket-pipelines.yml
************* Processing for branch: vc_mobile_fixes *************
branch 'vc_mobile_fixes' set up to track 'origin/vc_mobile_fixes'.
[vc_mobile_fixes ef5bbe6ef] DO-50 bitbucket-pipelines.yml added
 1 file changed, 53 insertions(+)
 create mode 100755 bitbucket-pipelines.yml
************* Processing for branch: vc_recording *************
branch 'vc_recording' set up to track 'origin/vc_recording'.
[vc_recording 6586d1844] DO-50 bitbucket-pipelines.yml added
 1 file changed, 53 insertions(+)
 create mode 100755 bitbucket-pipelines.yml
************* Processing for branch: vcdev-phase2 *************
branch 'vcdev-phase2' set up to track 'origin/vcdev-phase2'.
[vcdev-phase2 da8ba0f1f] DO-50 bitbucket-pipelines.yml added
 1 file changed, 53 insertions(+)
 create mode 100755 bitbucket-pipelines.yml
************* Processing for branch: vcfixes2 *************
branch 'vcfixes2' set up to track 'origin/vcfixes2'.
[vcfixes2 02c75a20d] DO-50 bitbucket-pipelines.yml added
 1 file changed, 53 insertions(+)
 create mode 100755 bitbucket-pipelines.yml
************* Processing for branch: vchotfix *************
branch 'vchotfix' set up to track 'origin/vchotfix'.
[vchotfix 6c1af8c0a] DO-50 bitbucket-pipelines.yml added
 1 file changed, 53 insertions(+)
 create mode 100755 bitbucket-pipelines.yml
************* Processing for branch: vcrecordingbugfix *************
branch 'vcrecordingbugfix' set up to track 'origin/vcrecordingbugfix'.
[vcrecordingbugfix bb6f0c819] DO-50 bitbucket-pipelines.yml added
 1 file changed, 53 insertions(+)
 create mode 100755 bitbucket-pipelines.yml
************* Processing for branch: vcwithcontroller *************
branch 'vcwithcontroller' set up to track 'origin/vcwithcontroller'.
[vcwithcontroller eb4a83d77] DO-50 bitbucket-pipelines.yml added
 1 file changed, 53 insertions(+)
 create mode 100755 bitbucket-pipelines.yml
************* Processing for branch: vcwithwowza *************
branch 'vcwithwowza' set up to track 'origin/vcwithwowza'.
[vcwithwowza 65e3af0b9] DO-50 bitbucket-pipelines.yml added
 1 file changed, 53 insertions(+)
 create mode 100755 bitbucket-pipelines.yml
************* Processing for branch: video-conf *************
branch 'video-conf' set up to track 'origin/video-conf'.
[video-conf ffdd4eef0] DO-50 bitbucket-pipelines.yml added
 1 file changed, 53 insertions(+)
 create mode 100755 bitbucket-pipelines.yml
************* Processing for branch: vidpage *************
branch 'vidpage' set up to track 'origin/vidpage'.
[vidpage f675c5705] DO-50 bitbucket-pipelines.yml added
 1 file changed, 53 insertions(+)
 create mode 100755 bitbucket-pipelines.yml
************* Processing for branch: vinod_frontend *************
branch 'vinod_frontend' set up to track 'origin/vinod_frontend'.
[vinod_frontend 111dffec7] DO-50 bitbucket-pipelines.yml added
 1 file changed, 53 insertions(+)
 create mode 100755 bitbucket-pipelines.yml
************* Processing for branch: vinod_new2 *************
branch 'vinod_new2' set up to track 'origin/vinod_new2'.
[vinod_new2 6b18a49e6] DO-50 bitbucket-pipelines.yml added
 1 file changed, 53 insertions(+)
 create mode 100755 bitbucket-pipelines.yml
************* Processing for branch: vinod_video_new *************
branch 'vinod_video_new' set up to track 'origin/vinod_video_new'.
[vinod_video_new 2bf70b0e1] DO-50 bitbucket-pipelines.yml added
 1 file changed, 53 insertions(+)
 create mode 100755 bitbucket-pipelines.yml
************* Processing for branch: vm_student_ui *************
branch 'vm_student_ui' set up to track 'origin/vm_student_ui'.
[vm_student_ui 3d2621fee] DO-50 bitbucket-pipelines.yml added
 1 file changed, 53 insertions(+)
 create mode 100755 bitbucket-pipelines.yml
************* Processing for branch: whiteboardv1 *************
branch 'whiteboardv1' set up to track 'origin/whiteboardv1'.
[whiteboardv1 4a9735898] DO-50 bitbucket-pipelines.yml added
 1 file changed, 53 insertions(+)
 create mode 100755 bitbucket-pipelines.yml
Actioned perform on branch for repo fullmoon are: AdvanceSearch_FixBackpack_Prof_ShareBugFix-AB-fullmoonab_fixesab_urlshortnerabhishek_studentAppadd_notes_v1admin-video-HFalok-dev-revertalok4alok_branch2alok_broadcastalok_bugfixalok_bugfixesalok_fixesalok_hf2alok_hf3alok_hf4branch-fixbsf-suryabsf2-suryabug-fix/chat-serverbug-fix/emoji-keysbug-fix/enhancementsbug-fix/finalbug-fix/mulptiple-featuresbug-fix/panelsbug-fix/prof-whiteboardbug-fixes/breakout-mobilebug-fixes/controlsbug-fixes/edge-casesbug-fixes/emojisbug-fixes/generic-polygonsbug-fixes/jirabug-fixes/jira-2bug-fixes/jira-3bug-fixes/shapesbug-fixes/whiteboardbugfix-alokbugfix-chatbugfix-suryabugfix-videobuild-64canvas-pilotclean-up/attendee-listclean-up/chat-serverdevelopdevelop2develop3develop_cloudem_ios_changeet/abr_3rd_resolution_2et/feature/android-new-vc-urlet/feature/sso-loginet/fix/dev_diff_to_masteret/fix/lti-mysql-fraction-issuefeature-freshChatfeature-supportchatfeature/ak/feedback-form-changefeature/ak/room-pin-apifeature/ak/route-redirectfeature/breakout-sessionfeature/directivefeature/emojifeature/et/ab-packetlost-handlingfeature/et/lti-api-department-detailsfeature/et/vc-audio-levelfeature/et/vc_version_configfeature/flex-changesfeature/generic-polygonsfeature/geometric-boxesfeature/mobile-breakoutsfeature/peripheral-featuresfeature/prof-breakout-sessionfeature/profile-completion-flex-changesfeature/redo-undofeature/st/background-effectfeature/ug/livesessionfeature/videoconffeature/wb-onlyfeature/web-view-whiteboardfeatures/clean-upfetchvideojsfix/ak/abusive-wordsfix/ak/onecampusfix/ak/secure-api-roompinfix/branchfix/chatserverfix/develop-mergefix/et/abr_3rd_resolutionfix/et/bulkupload-duplicatefix/et/cache-in-db-utilsfix/et/debian_package_fixfix/et/whiteboard-timefull-mooongps_featuregps_fullmoongps_fullmoon_mastergps_vchf-suryahotfix_cm2hotfix_mk2hotfixesios-cordovajapit-demojapit-demo-multicastjapit-featurejs_code_checkslarge-vclogin-changesltiUISupportmanishmanish2manish4mk-bomlfeedoracle_fixre-do/wb-onlyrecord-writeuprevert/whiteboardsimulcastsja_change_2sja_changesstateRoutingImplsubdirectory_changetemp1temp_backsharing_coursepageuaturl_redirectionvc-fixesvc-nwbugfixvc-spvc-translationsvc_analyticsvc_bugfix_phase1vc_ctrlr_integrationvc_mobile_fixesvc_recordingvcdev-phase2vcfixes2vchotfixvcrecordingbugfixvcwithcontrollervcwithwowzavideo-confvidpagevinod_frontendvinod_new2vinod_video_newvm_student_uiwhiteboardv1  
Cleanup completed... for fullmoon
******************************-----------******************************
working on repo b2c ........ 
************* Processing for branch: LandingPages *************
branch 'LandingPages' set up to track 'origin/LandingPages'.
[LandingPages 6e23e2df] DO-50 bitbucket-pipelines.yml added
 1 file changed, 53 insertions(+)
 create mode 100755 bitbucket-pipelines.yml
************* Processing for branch: ak/master *************
branch 'ak/master' set up to track 'origin/ak/master'.
[ak/master 99afeefb] DO-50 bitbucket-pipelines.yml added
 1 file changed, 53 insertions(+)
 create mode 100755 bitbucket-pipelines.yml
************* Processing for branch: bug-fixes/ak/pap-payment *************
branch 'bug-fixes/ak/pap-payment' set up to track 'origin/bug-fixes/ak/pap-payment'.
[bug-fixes/ak/pap-payment 3f090655] DO-50 bitbucket-pipelines.yml added
 1 file changed, 53 insertions(+)
 create mode 100755 bitbucket-pipelines.yml
************* Processing for branch: change/coupon-startDate *************
branch 'change/coupon-startDate' set up to track 'origin/change/coupon-startDate'.
[change/coupon-startDate 38186af9] DO-50 bitbucket-pipelines.yml added
 1 file changed, 53 insertions(+)
 create mode 100755 bitbucket-pipelines.yml
************* Processing for branch: changes-udit *************
branch 'changes-udit' set up to track 'origin/changes-udit'.
[changes-udit 5d4bf14b] DO-50 bitbucket-pipelines.yml added
 1 file changed, 53 insertions(+)
 create mode 100755 bitbucket-pipelines.yml
************* Processing for branch: changes/activity-filter *************
branch 'changes/activity-filter' set up to track 'origin/changes/activity-filter'.
[changes/activity-filter 99ef5265] DO-50 bitbucket-pipelines.yml added
 1 file changed, 53 insertions(+)
 create mode 100755 bitbucket-pipelines.yml
************* Processing for branch: changes/offer-coupons *************
branch 'changes/offer-coupons' set up to track 'origin/changes/offer-coupons'.
[changes/offer-coupons 353bc2c5] DO-50 bitbucket-pipelines.yml added
 1 file changed, 53 insertions(+)
 create mode 100755 bitbucket-pipelines.yml
************* Processing for branch: changes/offer-letter *************
branch 'changes/offer-letter' set up to track 'origin/changes/offer-letter'.
[changes/offer-letter 05cd9b6d] DO-50 bitbucket-pipelines.yml added
 1 file changed, 53 insertions(+)
 create mode 100755 bitbucket-pipelines.yml
************* Processing for branch: demo/coupon-codes *************
branch 'demo/coupon-codes' set up to track 'origin/demo/coupon-codes'.
[demo/coupon-codes 394a221e] DO-50 bitbucket-pipelines.yml added
 1 file changed, 53 insertions(+)
 create mode 100755 bitbucket-pipelines.yml
************* Processing for branch: develop *************
branch 'develop' set up to track 'origin/develop'.
[develop ead3748c] DO-50 bitbucket-pipelines.yml added
 1 file changed, 53 insertions(+)
 create mode 100755 bitbucket-pipelines.yml
************* Processing for branch: eventsAdditions *************
branch 'eventsAdditions' set up to track 'origin/eventsAdditions'.
[eventsAdditions 6d7e7f0d] DO-50 bitbucket-pipelines.yml added
 1 file changed, 53 insertions(+)
 create mode 100755 bitbucket-pipelines.yml
************* Processing for branch: feature/activity-table *************
branch 'feature/activity-table' set up to track 'origin/feature/activity-table'.
[feature/activity-table 21feb9cb] DO-50 bitbucket-pipelines.yml added
 1 file changed, 53 insertions(+)
 create mode 100755 bitbucket-pipelines.yml
************* Processing for branch: feature/ak/b2b-market-price-change *************
branch 'feature/ak/b2b-market-price-change' set up to track 'origin/feature/ak/b2b-market-price-change'.
[feature/ak/b2b-market-price-change f71aac3c] DO-50 bitbucket-pipelines.yml added
 1 file changed, 53 insertions(+)
 create mode 100755 bitbucket-pipelines.yml
************* Processing for branch: feature/ak/bajaj-offer *************
branch 'feature/ak/bajaj-offer' set up to track 'origin/feature/ak/bajaj-offer'.
[feature/ak/bajaj-offer a94d91d3] DO-50 bitbucket-pipelines.yml added
 1 file changed, 53 insertions(+)
 create mode 100755 bitbucket-pipelines.yml
************* Processing for branch: feature/ak/campus-ambassador *************
branch 'feature/ak/campus-ambassador' set up to track 'origin/feature/ak/campus-ambassador'.
[feature/ak/campus-ambassador ea7d6ac7] DO-50 bitbucket-pipelines.yml added
 1 file changed, 53 insertions(+)
 create mode 100755 bitbucket-pipelines.yml
************* Processing for branch: feature/ak/cts-offer-letter *************
branch 'feature/ak/cts-offer-letter' set up to track 'origin/feature/ak/cts-offer-letter'.
[feature/ak/cts-offer-letter 35a6d040] DO-50 bitbucket-pipelines.yml added
 1 file changed, 53 insertions(+)
 create mode 100755 bitbucket-pipelines.yml
************* Processing for branch: feature/ak/faculty-ambassador *************
branch 'feature/ak/faculty-ambassador' set up to track 'origin/feature/ak/faculty-ambassador'.
[feature/ak/faculty-ambassador 4e703b1f] DO-50 bitbucket-pipelines.yml added
 1 file changed, 53 insertions(+)
 create mode 100755 bitbucket-pipelines.yml
************* Processing for branch: feature/ak/feedback-form *************
branch 'feature/ak/feedback-form' set up to track 'origin/feature/ak/feedback-form'.
[feature/ak/feedback-form c4649a11] DO-50 bitbucket-pipelines.yml added
 1 file changed, 53 insertions(+)
 create mode 100755 bitbucket-pipelines.yml
************* Processing for branch: feature/ak/feedback-page-update *************
branch 'feature/ak/feedback-page-update' set up to track 'origin/feature/ak/feedback-page-update'.
[feature/ak/feedback-page-update b563e329] DO-50 bitbucket-pipelines.yml added
 1 file changed, 53 insertions(+)
 create mode 100755 bitbucket-pipelines.yml
************* Processing for branch: feature/ak/fixes *************
branch 'feature/ak/fixes' set up to track 'origin/feature/ak/fixes'.
[feature/ak/fixes 885ebf87] DO-50 bitbucket-pipelines.yml added
 1 file changed, 53 insertions(+)
 create mode 100755 bitbucket-pipelines.yml
************* Processing for branch: feature/ak/ggu-pp-offer-letters *************
branch 'feature/ak/ggu-pp-offer-letters' set up to track 'origin/feature/ak/ggu-pp-offer-letters'.
[feature/ak/ggu-pp-offer-letters 99f37e42] DO-50 bitbucket-pipelines.yml added
 1 file changed, 53 insertions(+)
 create mode 100755 bitbucket-pipelines.yml
************* Processing for branch: feature/ak/insurance-sales *************
branch 'feature/ak/insurance-sales' set up to track 'origin/feature/ak/insurance-sales'.
[feature/ak/insurance-sales ba3c9541] DO-50 bitbucket-pipelines.yml added
 1 file changed, 53 insertions(+)
 create mode 100755 bitbucket-pipelines.yml
************* Processing for branch: feature/ak/internship-plus *************
branch 'feature/ak/internship-plus' set up to track 'origin/feature/ak/internship-plus'.
[feature/ak/internship-plus 1c06d872] DO-50 bitbucket-pipelines.yml added
 1 file changed, 53 insertions(+)
 create mode 100755 bitbucket-pipelines.yml
************* Processing for branch: feature/ak/loan-propelld *************
branch 'feature/ak/loan-propelld' set up to track 'origin/feature/ak/loan-propelld'.
[feature/ak/loan-propelld a5e691bf] DO-50 bitbucket-pipelines.yml added
 1 file changed, 53 insertions(+)
 create mode 100755 bitbucket-pipelines.yml
************* Processing for branch: feature/ak/mailer-grievances *************
branch 'feature/ak/mailer-grievances' set up to track 'origin/feature/ak/mailer-grievances'.
[feature/ak/mailer-grievances cb613a26] DO-50 bitbucket-pipelines.yml added
 1 file changed, 53 insertions(+)
 create mode 100755 bitbucket-pipelines.yml
************* Processing for branch: feature/ak/new-one-lsq *************
branch 'feature/ak/new-one-lsq' set up to track 'origin/feature/ak/new-one-lsq'.
[feature/ak/new-one-lsq a7608dd1] DO-50 bitbucket-pipelines.yml added
 1 file changed, 53 insertions(+)
 create mode 100755 bitbucket-pipelines.yml
************* Processing for branch: feature/ak/odin-one-lsq *************
branch 'feature/ak/odin-one-lsq' set up to track 'origin/feature/ak/odin-one-lsq'.
[feature/ak/odin-one-lsq 3be7f83a] DO-50 bitbucket-pipelines.yml added
 1 file changed, 53 insertions(+)
 create mode 100755 bitbucket-pipelines.yml
************* Processing for branch: feature/ak/paid-courses-falken *************
branch 'feature/ak/paid-courses-falken' set up to track 'origin/feature/ak/paid-courses-falken'.
[feature/ak/paid-courses-falken fd8f99eb] DO-50 bitbucket-pipelines.yml added
 1 file changed, 53 insertions(+)
 create mode 100755 bitbucket-pipelines.yml
************* Processing for branch: feature/ak/payment-backend *************
branch 'feature/ak/payment-backend' set up to track 'origin/feature/ak/payment-backend'.
[feature/ak/payment-backend 3743f6e2] DO-50 bitbucket-pipelines.yml added
 1 file changed, 53 insertions(+)
 create mode 100755 bitbucket-pipelines.yml
************* Processing for branch: feature/b2b2c-buy-now *************
branch 'feature/b2b2c-buy-now' set up to track 'origin/feature/b2b2c-buy-now'.
[feature/b2b2c-buy-now 3e814aa7] DO-50 bitbucket-pipelines.yml added
 1 file changed, 53 insertions(+)
 create mode 100755 bitbucket-pipelines.yml
************* Processing for branch: feature/b2b2c-coupon *************
branch 'feature/b2b2c-coupon' set up to track 'origin/feature/b2b2c-coupon'.
[feature/b2b2c-coupon 09e7d88f] DO-50 bitbucket-pipelines.yml added
 1 file changed, 53 insertions(+)
 create mode 100755 bitbucket-pipelines.yml
************* Processing for branch: feature/buy-now-flow *************
branch 'feature/buy-now-flow' set up to track 'origin/feature/buy-now-flow'.
[feature/buy-now-flow 052139c0] DO-50 bitbucket-pipelines.yml added
 1 file changed, 53 insertions(+)
 create mode 100755 bitbucket-pipelines.yml
************* Processing for branch: feature/change-public-pay-flow *************
branch 'feature/change-public-pay-flow' set up to track 'origin/feature/change-public-pay-flow'.
[feature/change-public-pay-flow 0ffd488b] DO-50 bitbucket-pipelines.yml added
 1 file changed, 53 insertions(+)
 create mode 100755 bitbucket-pipelines.yml
************* Processing for branch: feature/coupon-checkout *************
branch 'feature/coupon-checkout' set up to track 'origin/feature/coupon-checkout'.
[feature/coupon-checkout fe83acd9] DO-50 bitbucket-pipelines.yml added
 1 file changed, 53 insertions(+)
 create mode 100755 bitbucket-pipelines.yml
************* Processing for branch: feature/coupon-filter *************
branch 'feature/coupon-filter' set up to track 'origin/feature/coupon-filter'.
[feature/coupon-filter 17748145] DO-50 bitbucket-pipelines.yml added
 1 file changed, 53 insertions(+)
 create mode 100755 bitbucket-pipelines.yml
************* Processing for branch: feature/coupon-offer-logs *************
branch 'feature/coupon-offer-logs' set up to track 'origin/feature/coupon-offer-logs'.
[feature/coupon-offer-logs 8b8a8b62] DO-50 bitbucket-pipelines.yml added
 1 file changed, 53 insertions(+)
 create mode 100755 bitbucket-pipelines.yml
************* Processing for branch: feature/disable-coupon *************
branch 'feature/disable-coupon' set up to track 'origin/feature/disable-coupon'.
[feature/disable-coupon c9a0983a] DO-50 bitbucket-pipelines.yml added
 1 file changed, 53 insertions(+)
 create mode 100755 bitbucket-pipelines.yml
************* Processing for branch: feature/get-global-coupon-api *************
branch 'feature/get-global-coupon-api' set up to track 'origin/feature/get-global-coupon-api'.
[feature/get-global-coupon-api 229e2661] DO-50 bitbucket-pipelines.yml added
 1 file changed, 53 insertions(+)
 create mode 100755 bitbucket-pipelines.yml
************* Processing for branch: feature/infinite-scroll *************
branch 'feature/infinite-scroll' set up to track 'origin/feature/infinite-scroll'.
[feature/infinite-scroll 2ccd4dd5] DO-50 bitbucket-pipelines.yml added
 1 file changed, 53 insertions(+)
 create mode 100755 bitbucket-pipelines.yml
************* Processing for branch: feature/invoice-pdfs *************
branch 'feature/invoice-pdfs' set up to track 'origin/feature/invoice-pdfs'.
[feature/invoice-pdfs 76bf3ade] DO-50 bitbucket-pipelines.yml added
 1 file changed, 53 insertions(+)
 create mode 100755 bitbucket-pipelines.yml
************* Processing for branch: feature/lsq-buy-now *************
branch 'feature/lsq-buy-now' set up to track 'origin/feature/lsq-buy-now'.
[feature/lsq-buy-now 20f78602] DO-50 bitbucket-pipelines.yml added
 1 file changed, 53 insertions(+)
 create mode 100755 bitbucket-pipelines.yml
************* Processing for branch: feature/lsq-payment-changes *************
branch 'feature/lsq-payment-changes' set up to track 'origin/feature/lsq-payment-changes'.
[feature/lsq-payment-changes 291d7c06] DO-50 bitbucket-pipelines.yml added
 1 file changed, 53 insertions(+)
 create mode 100755 bitbucket-pipelines.yml
************* Processing for branch: feature/multiple-coupon-approvers *************
branch 'feature/multiple-coupon-approvers' set up to track 'origin/feature/multiple-coupon-approvers'.
[feature/multiple-coupon-approvers 003fc8c2] DO-50 bitbucket-pipelines.yml added
 1 file changed, 53 insertions(+)
 create mode 100755 bitbucket-pipelines.yml
************* Processing for branch: feature/ofl-filters *************
branch 'feature/ofl-filters' set up to track 'origin/feature/ofl-filters'.
[feature/ofl-filters a94de273] DO-50 bitbucket-pipelines.yml added
 1 file changed, 53 insertions(+)
 create mode 100755 bitbucket-pipelines.yml
************* Processing for branch: feature/pincode-api *************
branch 'feature/pincode-api' set up to track 'origin/feature/pincode-api'.
[feature/pincode-api 9e421844] DO-50 bitbucket-pipelines.yml added
 1 file changed, 53 insertions(+)
 create mode 100755 bitbucket-pipelines.yml
************* Processing for branch: feature/placementplus-filter *************
branch 'feature/placementplus-filter' set up to track 'origin/feature/placementplus-filter'.
[feature/placementplus-filter 721b25cf] DO-50 bitbucket-pipelines.yml added
 1 file changed, 53 insertions(+)
 create mode 100755 bitbucket-pipelines.yml
************* Processing for branch: feature/razorpay-order *************
branch 'feature/razorpay-order' set up to track 'origin/feature/razorpay-order'.
[feature/razorpay-order 772e0b3f] DO-50 bitbucket-pipelines.yml added
 1 file changed, 53 insertions(+)
 create mode 100755 bitbucket-pipelines.yml
************* Processing for branch: feature/sa/eventsAdditions *************
branch 'feature/sa/eventsAdditions' set up to track 'origin/feature/sa/eventsAdditions'.
[feature/sa/eventsAdditions 9868186a] DO-50 bitbucket-pipelines.yml added
 1 file changed, 53 insertions(+)
 create mode 100755 bitbucket-pipelines.yml
************* Processing for branch: feature/sa/payment-failed-webhook *************
branch 'feature/sa/payment-failed-webhook' set up to track 'origin/feature/sa/payment-failed-webhook'.
[feature/sa/payment-failed-webhook 52c4d9c1] DO-50 bitbucket-pipelines.yml added
 1 file changed, 53 insertions(+)
 create mode 100755 bitbucket-pipelines.yml
************* Processing for branch: feature/st/enrol-now-form-changes *************
branch 'feature/st/enrol-now-form-changes' set up to track 'origin/feature/st/enrol-now-form-changes'.
[feature/st/enrol-now-form-changes 042752a3] DO-50 bitbucket-pipelines.yml added
 1 file changed, 53 insertions(+)
 create mode 100755 bitbucket-pipelines.yml
************* Processing for branch: feature/st/link-redirection *************
branch 'feature/st/link-redirection' set up to track 'origin/feature/st/link-redirection'.
[feature/st/link-redirection e20dfc72] DO-50 bitbucket-pipelines.yml added
 1 file changed, 53 insertions(+)
 create mode 100755 bitbucket-pipelines.yml
************* Processing for branch: feature/st/new-field-enroll-now *************
branch 'feature/st/new-field-enroll-now' set up to track 'origin/feature/st/new-field-enroll-now'.
[feature/st/new-field-enroll-now ad3f08af] DO-50 bitbucket-pipelines.yml added
 1 file changed, 53 insertions(+)
 create mode 100755 bitbucket-pipelines.yml
************* Processing for branch: feature/st/new-offer-letter *************
branch 'feature/st/new-offer-letter' set up to track 'origin/feature/st/new-offer-letter'.
[feature/st/new-offer-letter 7acaf74f] DO-50 bitbucket-pipelines.yml added
 1 file changed, 53 insertions(+)
 create mode 100755 bitbucket-pipelines.yml
************* Processing for branch: feature/st/payment-page-ui *************
branch 'feature/st/payment-page-ui' set up to track 'origin/feature/st/payment-page-ui'.
[feature/st/payment-page-ui ceb12e1f] DO-50 bitbucket-pipelines.yml added
 1 file changed, 53 insertions(+)
 create mode 100755 bitbucket-pipelines.yml
************* Processing for branch: feature/st/payment-page-ui-changes *************
branch 'feature/st/payment-page-ui-changes' set up to track 'origin/feature/st/payment-page-ui-changes'.
[feature/st/payment-page-ui-changes 709a3d54] DO-50 bitbucket-pipelines.yml added
 1 file changed, 53 insertions(+)
 create mode 100755 bitbucket-pipelines.yml
************* Processing for branch: feature/status-fee-structure *************
branch 'feature/status-fee-structure' set up to track 'origin/feature/status-fee-structure'.
[feature/status-fee-structure b6a8dbf3] DO-50 bitbucket-pipelines.yml added
 1 file changed, 53 insertions(+)
 create mode 100755 bitbucket-pipelines.yml
************* Processing for branch: feature/transaction-validation *************
branch 'feature/transaction-validation' set up to track 'origin/feature/transaction-validation'.
[feature/transaction-validation 566ffcae] DO-50 bitbucket-pipelines.yml added
 1 file changed, 53 insertions(+)
 create mode 100755 bitbucket-pipelines.yml
************* Processing for branch: feature/update-fee-structure-status *************
branch 'feature/update-fee-structure-status' set up to track 'origin/feature/update-fee-structure-status'.
[feature/update-fee-structure-status 0b48ca3e] DO-50 bitbucket-pipelines.yml added
 1 file changed, 53 insertions(+)
 create mode 100755 bitbucket-pipelines.yml
************* Processing for branch: feature/update-fields-es *************
branch 'feature/update-fields-es' set up to track 'origin/feature/update-fields-es'.
[feature/update-fields-es e8f7af2a] DO-50 bitbucket-pipelines.yml added
 1 file changed, 53 insertions(+)
 create mode 100755 bitbucket-pipelines.yml
************* Processing for branch: feature/use-search_after-es *************
branch 'feature/use-search_after-es' set up to track 'origin/feature/use-search_after-es'.
[feature/use-search_after-es 222438ad] DO-50 bitbucket-pipelines.yml added
 1 file changed, 53 insertions(+)
 create mode 100755 bitbucket-pipelines.yml
************* Processing for branch: feature/variable-payment *************
branch 'feature/variable-payment' set up to track 'origin/feature/variable-payment'.
[feature/variable-payment 15d8a537] DO-50 bitbucket-pipelines.yml added
 1 file changed, 53 insertions(+)
 create mode 100755 bitbucket-pipelines.yml
************* Processing for branch: features/ug/develop *************
branch 'features/ug/develop' set up to track 'origin/features/ug/develop'.
[features/ug/develop ff545616] DO-50 bitbucket-pipelines.yml added
 1 file changed, 53 insertions(+)
 create mode 100755 bitbucket-pipelines.yml
************* Processing for branch: fix/QIBMPFT-244 *************
branch 'fix/QIBMPFT-244' set up to track 'origin/fix/QIBMPFT-244'.
[fix/QIBMPFT-244 6eaee28b] DO-50 bitbucket-pipelines.yml added
 1 file changed, 53 insertions(+)
 create mode 100755 bitbucket-pipelines.yml
************* Processing for branch: fix/QIBMPFT-262 *************
branch 'fix/QIBMPFT-262' set up to track 'origin/fix/QIBMPFT-262'.
[fix/QIBMPFT-262 62174fb8] DO-50 bitbucket-pipelines.yml added
 1 file changed, 53 insertions(+)
 create mode 100755 bitbucket-pipelines.yml
************* Processing for branch: fix/QIBMPFT-263 *************
branch 'fix/QIBMPFT-263' set up to track 'origin/fix/QIBMPFT-263'.
[fix/QIBMPFT-263 3761c661] DO-50 bitbucket-pipelines.yml added
 1 file changed, 53 insertions(+)
 create mode 100755 bitbucket-pipelines.yml
************* Processing for branch: fix/QIBMPFT-282 *************
branch 'fix/QIBMPFT-282' set up to track 'origin/fix/QIBMPFT-282'.
[fix/QIBMPFT-282 fdd4f234] DO-50 bitbucket-pipelines.yml added
 1 file changed, 53 insertions(+)
 create mode 100755 bitbucket-pipelines.yml
************* Processing for branch: fix/QIBMPFT-87 *************
branch 'fix/QIBMPFT-87' set up to track 'origin/fix/QIBMPFT-87'.
[fix/QIBMPFT-87 e37a08de] DO-50 bitbucket-pipelines.yml added
 1 file changed, 53 insertions(+)
 create mode 100755 bitbucket-pipelines.yml
************* Processing for branch: fix/admission-date *************
branch 'fix/admission-date' set up to track 'origin/fix/admission-date'.
[fix/admission-date 0852a36a] DO-50 bitbucket-pipelines.yml added
 1 file changed, 53 insertions(+)
 create mode 100755 bitbucket-pipelines.yml
************* Processing for branch: fix/ak/enrol-now-checkout *************
branch 'fix/ak/enrol-now-checkout' set up to track 'origin/fix/ak/enrol-now-checkout'.
[fix/ak/enrol-now-checkout 085dc83b] DO-50 bitbucket-pipelines.yml added
 1 file changed, 53 insertions(+)
 create mode 100755 bitbucket-pipelines.yml
************* Processing for branch: fix/ak/feecode-coupon-mapping *************
branch 'fix/ak/feecode-coupon-mapping' set up to track 'origin/fix/ak/feecode-coupon-mapping'.
[fix/ak/feecode-coupon-mapping 00fd427e] DO-50 bitbucket-pipelines.yml added
 1 file changed, 53 insertions(+)
 create mode 100755 bitbucket-pipelines.yml
************* Processing for branch: fix/ak/font-family-compliance *************
branch 'fix/ak/font-family-compliance' set up to track 'origin/fix/ak/font-family-compliance'.
[fix/ak/font-family-compliance 15930468] DO-50 bitbucket-pipelines.yml added
 1 file changed, 53 insertions(+)
 create mode 100755 bitbucket-pipelines.yml
************* Processing for branch: fix/ak/master *************
branch 'fix/ak/master' set up to track 'origin/fix/ak/master'.
[fix/ak/master ba1fe123] DO-50 bitbucket-pipelines.yml added
 1 file changed, 53 insertions(+)
 create mode 100755 bitbucket-pipelines.yml
************* Processing for branch: fix/ak/missing-payments *************
branch 'fix/ak/missing-payments' set up to track 'origin/fix/ak/missing-payments'.
[fix/ak/missing-payments 86031b5d] DO-50 bitbucket-pipelines.yml added
 1 file changed, 53 insertions(+)
 create mode 100755 bitbucket-pipelines.yml
************* Processing for branch: fix/ak/offer-activity *************
branch 'fix/ak/offer-activity' set up to track 'origin/fix/ak/offer-activity'.
[fix/ak/offer-activity 6b451588] DO-50 bitbucket-pipelines.yml added
 1 file changed, 53 insertions(+)
 create mode 100755 bitbucket-pipelines.yml
************* Processing for branch: fix/ak/order-api-check *************
branch 'fix/ak/order-api-check' set up to track 'origin/fix/ak/order-api-check'.
[fix/ak/order-api-check f871a6b5] DO-50 bitbucket-pipelines.yml added
 1 file changed, 53 insertions(+)
 create mode 100755 bitbucket-pipelines.yml
************* Processing for branch: fix/api-limit *************
branch 'fix/api-limit' set up to track 'origin/fix/api-limit'.
[fix/api-limit fd97941e] DO-50 bitbucket-pipelines.yml added
 1 file changed, 53 insertions(+)
 create mode 100755 bitbucket-pipelines.yml
************* Processing for branch: fix/b2b2c-coupon *************
branch 'fix/b2b2c-coupon' set up to track 'origin/fix/b2b2c-coupon'.
[fix/b2b2c-coupon cfc83180] DO-50 bitbucket-pipelines.yml added
 1 file changed, 53 insertions(+)
 create mode 100755 bitbucket-pipelines.yml
************* Processing for branch: fix/bulk-mail *************
branch 'fix/bulk-mail' set up to track 'origin/fix/bulk-mail'.
[fix/bulk-mail 74773ea7] DO-50 bitbucket-pipelines.yml added
 1 file changed, 53 insertions(+)
 create mode 100755 bitbucket-pipelines.yml
************* Processing for branch: fix/buy-now-css *************
branch 'fix/buy-now-css' set up to track 'origin/fix/buy-now-css'.
[fix/buy-now-css eaa16471] DO-50 bitbucket-pipelines.yml added
 1 file changed, 53 insertions(+)
 create mode 100755 bitbucket-pipelines.yml
************* Processing for branch: fix/buy-now-flow *************
branch 'fix/buy-now-flow' set up to track 'origin/fix/buy-now-flow'.
[fix/buy-now-flow e602c9e2] DO-50 bitbucket-pipelines.yml added
 1 file changed, 53 insertions(+)
 create mode 100755 bitbucket-pipelines.yml
************* Processing for branch: fix/comment-coupon *************
branch 'fix/comment-coupon' set up to track 'origin/fix/comment-coupon'.
[fix/comment-coupon bd690664] DO-50 bitbucket-pipelines.yml added
 1 file changed, 53 insertions(+)
 create mode 100755 bitbucket-pipelines.yml
************* Processing for branch: fix/comment-coupon-feature *************
branch 'fix/comment-coupon-feature' set up to track 'origin/fix/comment-coupon-feature'.
[fix/comment-coupon-feature 72021a10] DO-50 bitbucket-pipelines.yml added
 1 file changed, 53 insertions(+)
 create mode 100755 bitbucket-pipelines.yml
************* Processing for branch: fix/coup-dscnt *************
branch 'fix/coup-dscnt' set up to track 'origin/fix/coup-dscnt'.
[fix/coup-dscnt 61d3d0f4] DO-50 bitbucket-pipelines.yml added
 1 file changed, 53 insertions(+)
 create mode 100755 bitbucket-pipelines.yml
************* Processing for branch: fix/coupon-structure *************
branch 'fix/coupon-structure' set up to track 'origin/fix/coupon-structure'.
[fix/coupon-structure e80e8c5a] DO-50 bitbucket-pipelines.yml added
 1 file changed, 53 insertions(+)
 create mode 100755 bitbucket-pipelines.yml
************* Processing for branch: fix/coupons *************
branch 'fix/coupons' set up to track 'origin/fix/coupons'.
[fix/coupons 89119ac0] DO-50 bitbucket-pipelines.yml added
 1 file changed, 53 insertions(+)
 create mode 100755 bitbucket-pipelines.yml
************* Processing for branch: fix/data-transfer-service *************
branch 'fix/data-transfer-service' set up to track 'origin/fix/data-transfer-service'.
[fix/data-transfer-service abe1192f] DO-50 bitbucket-pipelines.yml added
 1 file changed, 53 insertions(+)
 create mode 100755 bitbucket-pipelines.yml
************* Processing for branch: fix/dates *************
branch 'fix/dates' set up to track 'origin/fix/dates'.
[fix/dates d0052042] DO-50 bitbucket-pipelines.yml added
 1 file changed, 53 insertions(+)
 create mode 100755 bitbucket-pipelines.yml
************* Processing for branch: fix/enroll-now-error *************
branch 'fix/enroll-now-error' set up to track 'origin/fix/enroll-now-error'.
[fix/enroll-now-error a3a679ec] DO-50 bitbucket-pipelines.yml added
 1 file changed, 53 insertions(+)
 create mode 100755 bitbucket-pipelines.yml
************* Processing for branch: fix/gst-calculation *************
branch 'fix/gst-calculation' set up to track 'origin/fix/gst-calculation'.
[fix/gst-calculation 430ce77f] DO-50 bitbucket-pipelines.yml added
 1 file changed, 53 insertions(+)
 create mode 100755 bitbucket-pipelines.yml
************* Processing for branch: fix/master-bug *************
branch 'fix/master-bug' set up to track 'origin/fix/master-bug'.
[fix/master-bug 7353b3f9] DO-50 bitbucket-pipelines.yml added
 1 file changed, 53 insertions(+)
 create mode 100755 bitbucket-pipelines.yml
************* Processing for branch: fix/offer-letter *************
branch 'fix/offer-letter' set up to track 'origin/fix/offer-letter'.
[fix/offer-letter 2b7c7e7e] DO-50 bitbucket-pipelines.yml added
 1 file changed, 53 insertions(+)
 create mode 100755 bitbucket-pipelines.yml
************* Processing for branch: fix/opportunity-source *************
branch 'fix/opportunity-source' set up to track 'origin/fix/opportunity-source'.
[fix/opportunity-source de3f7383] DO-50 bitbucket-pipelines.yml added
 1 file changed, 53 insertions(+)
 create mode 100755 bitbucket-pipelines.yml
************* Processing for branch: fix/payment-notes *************
branch 'fix/payment-notes' set up to track 'origin/fix/payment-notes'.
[fix/payment-notes dc8c2313] DO-50 bitbucket-pipelines.yml added
 1 file changed, 53 insertions(+)
 create mode 100755 bitbucket-pipelines.yml
************* Processing for branch: fix/prod-offer-page *************
branch 'fix/prod-offer-page' set up to track 'origin/fix/prod-offer-page'.
[fix/prod-offer-page a7e95445] DO-50 bitbucket-pipelines.yml added
 1 file changed, 53 insertions(+)
 create mode 100755 bitbucket-pipelines.yml
************* Processing for branch: fix/razorpay-notes *************
branch 'fix/razorpay-notes' set up to track 'origin/fix/razorpay-notes'.
[fix/razorpay-notes eac2b833] DO-50 bitbucket-pipelines.yml added
 1 file changed, 53 insertions(+)
 create mode 100755 bitbucket-pipelines.yml
************* Processing for branch: fix/remove-otp-feedback *************
branch 'fix/remove-otp-feedback' set up to track 'origin/fix/remove-otp-feedback'.
[fix/remove-otp-feedback 19f0d791] DO-50 bitbucket-pipelines.yml added
 1 file changed, 53 insertions(+)
 create mode 100755 bitbucket-pipelines.yml
************* Processing for branch: fix/snm *************
branch 'fix/snm' set up to track 'origin/fix/snm'.
[fix/snm c1bc1f5b] DO-50 bitbucket-pipelines.yml added
 1 file changed, 53 insertions(+)
 create mode 100755 bitbucket-pipelines.yml
************* Processing for branch: fix/stable-b2c-v2 *************
branch 'fix/stable-b2c-v2' set up to track 'origin/fix/stable-b2c-v2'.
[fix/stable-b2c-v2 f83b8b3f] DO-50 bitbucket-pipelines.yml added
 1 file changed, 53 insertions(+)
 create mode 100755 bitbucket-pipelines.yml
************* Processing for branch: fix/stable-v2 *************
branch 'fix/stable-v2' set up to track 'origin/fix/stable-v2'.
[fix/stable-v2 fc8544f4] DO-50 bitbucket-pipelines.yml added
 1 file changed, 53 insertions(+)
 create mode 100755 bitbucket-pipelines.yml
************* Processing for branch: fix/ug/sheets *************
branch 'fix/ug/sheets' set up to track 'origin/fix/ug/sheets'.
[fix/ug/sheets 68307f0f] DO-50 bitbucket-pipelines.yml added
 1 file changed, 53 insertions(+)
 create mode 100755 bitbucket-pipelines.yml
************* Processing for branch: fix/update-order-validation *************
branch 'fix/update-order-validation' set up to track 'origin/fix/update-order-validation'.
[fix/update-order-validation ea9a7257] DO-50 bitbucket-pipelines.yml added
 1 file changed, 53 insertions(+)
 create mode 100755 bitbucket-pipelines.yml
************* Processing for branch: fix/variable-amount-pmnt *************
branch 'fix/variable-amount-pmnt' set up to track 'origin/fix/variable-amount-pmnt'.
[fix/variable-amount-pmnt 4b93f52d] DO-50 bitbucket-pipelines.yml added
 1 file changed, 53 insertions(+)
 create mode 100755 bitbucket-pipelines.yml
************* Processing for branch: fixes/ak/buy-now-flow *************
branch 'fixes/ak/buy-now-flow' set up to track 'origin/fixes/ak/buy-now-flow'.
[fixes/ak/buy-now-flow b9f570b6] DO-50 bitbucket-pipelines.yml added
 1 file changed, 53 insertions(+)
 create mode 100755 bitbucket-pipelines.yml
************* Processing for branch: fixes/ak/develop *************
branch 'fixes/ak/develop' set up to track 'origin/fixes/ak/develop'.
[fixes/ak/develop 900cf5ef] DO-50 bitbucket-pipelines.yml added
 1 file changed, 53 insertions(+)
 create mode 100755 bitbucket-pipelines.yml
************* Processing for branch: fixes/ak/master *************
branch 'fixes/ak/master' set up to track 'origin/fixes/ak/master'.
[fixes/ak/master 97506631] DO-50 bitbucket-pipelines.yml added
 1 file changed, 53 insertions(+)
 create mode 100755 bitbucket-pipelines.yml
************* Processing for branch: fixes/sb/offer-letter *************
branch 'fixes/sb/offer-letter' set up to track 'origin/fixes/sb/offer-letter'.
[fixes/sb/offer-letter 77fb910b] DO-50 bitbucket-pipelines.yml added
 1 file changed, 53 insertions(+)
 create mode 100755 bitbucket-pipelines.yml
************* Processing for branch: fixes/stable *************
branch 'fixes/stable' set up to track 'origin/fixes/stable'.
[fixes/stable 17070f33] DO-50 bitbucket-pipelines.yml added
 1 file changed, 53 insertions(+)
 create mode 100755 bitbucket-pipelines.yml
************* Processing for branch: fixex/ak/sent-offer-letters *************
branch 'fixex/ak/sent-offer-letters' set up to track 'origin/fixex/ak/sent-offer-letters'.
[fixex/ak/sent-offer-letters f57a809f] DO-50 bitbucket-pipelines.yml added
 1 file changed, 53 insertions(+)
 create mode 100755 bitbucket-pipelines.yml
************* Processing for branch: fsd-pap *************
branch 'fsd-pap' set up to track 'origin/fsd-pap'.
[fsd-pap c7a975ca] DO-50 bitbucket-pipelines.yml added
 1 file changed, 53 insertions(+)
 create mode 100755 bitbucket-pipelines.yml
************* Processing for branch: master-06022023 *************
branch 'master-06022023' set up to track 'origin/master-06022023'.
[master-06022023 5942bba3] DO-50 bitbucket-pipelines.yml added
 1 file changed, 53 insertions(+)
 create mode 100755 bitbucket-pipelines.yml
************* Processing for branch: masterclass/ak/changes *************
branch 'masterclass/ak/changes' set up to track 'origin/masterclass/ak/changes'.
[masterclass/ak/changes 180e5276] DO-50 bitbucket-pipelines.yml added
 1 file changed, 53 insertions(+)
 create mode 100755 bitbucket-pipelines.yml
************* Processing for branch: payment-checks *************
branch 'payment-checks' set up to track 'origin/payment-checks'.
[payment-checks 6dc5bdae] DO-50 bitbucket-pipelines.yml added
 1 file changed, 53 insertions(+)
 create mode 100755 bitbucket-pipelines.yml
************* Processing for branch: payment-page-refactoring *************
branch 'payment-page-refactoring' set up to track 'origin/payment-page-refactoring'.
[payment-page-refactoring 9e66d502] DO-50 bitbucket-pipelines.yml added
 1 file changed, 53 insertions(+)
 create mode 100755 bitbucket-pipelines.yml
************* Processing for branch: pending-tasks/ak/odin *************
branch 'pending-tasks/ak/odin' set up to track 'origin/pending-tasks/ak/odin'.
[pending-tasks/ak/odin a53350fd] DO-50 bitbucket-pipelines.yml added
 1 file changed, 53 insertions(+)
 create mode 100755 bitbucket-pipelines.yml
************* Processing for branch: public-payment-page *************
branch 'public-payment-page' set up to track 'origin/public-payment-page'.
[public-payment-page efc5e863] DO-50 bitbucket-pipelines.yml added
 1 file changed, 53 insertions(+)
 create mode 100755 bitbucket-pipelines.yml
************* Processing for branch: revert-pr-281 *************
branch 'revert-pr-281' set up to track 'origin/revert-pr-281'.
[revert-pr-281 adeb45e8] DO-50 bitbucket-pipelines.yml added
 1 file changed, 53 insertions(+)
 create mode 100755 bitbucket-pipelines.yml
************* Processing for branch: revert-pr-286 *************
branch 'revert-pr-286' set up to track 'origin/revert-pr-286'.
[revert-pr-286 5c5ffa90] DO-50 bitbucket-pipelines.yml added
 1 file changed, 53 insertions(+)
 create mode 100755 bitbucket-pipelines.yml
************* Processing for branch: revert-pr-395 *************
branch 'revert-pr-395' set up to track 'origin/revert-pr-395'.
[revert-pr-395 4587f3c6] DO-50 bitbucket-pipelines.yml added
 1 file changed, 53 insertions(+)
 create mode 100755 bitbucket-pipelines.yml
************* Processing for branch: revert-pr-402 *************
branch 'revert-pr-402' set up to track 'origin/revert-pr-402'.
[revert-pr-402 63f76736] DO-50 bitbucket-pipelines.yml added
 1 file changed, 53 insertions(+)
 create mode 100755 bitbucket-pipelines.yml
************* Processing for branch: revert-pr-416 *************
branch 'revert-pr-416' set up to track 'origin/revert-pr-416'.
[revert-pr-416 9ed6028e] DO-50 bitbucket-pipelines.yml added
 1 file changed, 53 insertions(+)
 create mode 100755 bitbucket-pipelines.yml
************* Processing for branch: revert-pr-454 *************
branch 'revert-pr-454' set up to track 'origin/revert-pr-454'.
[revert-pr-454 12f23645] DO-50 bitbucket-pipelines.yml added
 1 file changed, 53 insertions(+)
 create mode 100755 bitbucket-pipelines.yml
************* Processing for branch: revert-pr-460 *************
branch 'revert-pr-460' set up to track 'origin/revert-pr-460'.
[revert-pr-460 2fb3d960] DO-50 bitbucket-pipelines.yml added
 1 file changed, 53 insertions(+)
 create mode 100755 bitbucket-pipelines.yml
************* Processing for branch: sarvesh-odin *************
branch 'sarvesh-odin' set up to track 'origin/sarvesh-odin'.
[sarvesh-odin bb3d9513] DO-50 bitbucket-pipelines.yml added
 1 file changed, 53 insertions(+)
 create mode 100755 bitbucket-pipelines.yml
************* Processing for branch: sb/update/offerletter *************
branch 'sb/update/offerletter' set up to track 'origin/sb/update/offerletter'.
[sb/update/offerletter 09791002] DO-50 bitbucket-pipelines.yml added
 1 file changed, 53 insertions(+)
 create mode 100755 bitbucket-pipelines.yml
************* Processing for branch: stable/ak/master-04012023 *************
branch 'stable/ak/master-04012023' set up to track 'origin/stable/ak/master-04012023'.
[stable/ak/master-04012023 3a72fc25] DO-50 bitbucket-pipelines.yml added
 1 file changed, 53 insertions(+)
 create mode 100755 bitbucket-pipelines.yml
************* Processing for branch: stable/b2c-v2 *************
branch 'stable/b2c-v2' set up to track 'origin/stable/b2c-v2'.
[stable/b2c-v2 0cc90cdf] DO-50 bitbucket-pipelines.yml added
 1 file changed, 53 insertions(+)
 create mode 100755 bitbucket-pipelines.yml
************* Processing for branch: sushant/changes/v2 *************
branch 'sushant/changes/v2' set up to track 'origin/sushant/changes/v2'.
[sushant/changes/v2 db1ba9e7] DO-50 bitbucket-pipelines.yml added
 1 file changed, 53 insertions(+)
 create mode 100755 bitbucket-pipelines.yml
************* Processing for branch: update/ak/referral-coupon *************
branch 'update/ak/referral-coupon' set up to track 'origin/update/ak/referral-coupon'.
[update/ak/referral-coupon 71f53835] DO-50 bitbucket-pipelines.yml added
 1 file changed, 53 insertions(+)
 create mode 100755 bitbucket-pipelines.yml
************* Processing for branch: updates/ak/enrol-now *************
branch 'updates/ak/enrol-now' set up to track 'origin/updates/ak/enrol-now'.
[updates/ak/enrol-now cb692143] DO-50 bitbucket-pipelines.yml added
 1 file changed, 53 insertions(+)
 create mode 100755 bitbucket-pipelines.yml
Actioned perform on branch for repo b2c are: LandingPagesak/masterbug-fixes/ak/pap-paymentchange/coupon-startDatechanges-uditchanges/activity-filterchanges/offer-couponschanges/offer-letterdemo/coupon-codesdevelopeventsAdditionsfeature/activity-tablefeature/ak/b2b-market-price-changefeature/ak/bajaj-offerfeature/ak/campus-ambassadorfeature/ak/cts-offer-letterfeature/ak/faculty-ambassadorfeature/ak/feedback-formfeature/ak/feedback-page-updatefeature/ak/fixesfeature/ak/ggu-pp-offer-lettersfeature/ak/insurance-salesfeature/ak/internship-plusfeature/ak/loan-propelldfeature/ak/mailer-grievancesfeature/ak/new-one-lsqfeature/ak/odin-one-lsqfeature/ak/paid-courses-falkenfeature/ak/payment-backendfeature/b2b2c-buy-nowfeature/b2b2c-couponfeature/buy-now-flowfeature/change-public-pay-flowfeature/coupon-checkoutfeature/coupon-filterfeature/coupon-offer-logsfeature/disable-couponfeature/get-global-coupon-apifeature/infinite-scrollfeature/invoice-pdfsfeature/lsq-buy-nowfeature/lsq-payment-changesfeature/multiple-coupon-approversfeature/ofl-filtersfeature/pincode-apifeature/placementplus-filterfeature/razorpay-orderfeature/sa/eventsAdditionsfeature/sa/payment-failed-webhookfeature/st/enrol-now-form-changesfeature/st/link-redirectionfeature/st/new-field-enroll-nowfeature/st/new-offer-letterfeature/st/payment-page-uifeature/st/payment-page-ui-changesfeature/status-fee-structurefeature/transaction-validationfeature/update-fee-structure-statusfeature/update-fields-esfeature/use-search_after-esfeature/variable-paymentfeatures/ug/developfix/QIBMPFT-244fix/QIBMPFT-262fix/QIBMPFT-263fix/QIBMPFT-282fix/QIBMPFT-87fix/admission-datefix/ak/enrol-now-checkoutfix/ak/feecode-coupon-mappingfix/ak/font-family-compliancefix/ak/masterfix/ak/missing-paymentsfix/ak/offer-activityfix/ak/order-api-checkfix/api-limitfix/b2b2c-couponfix/bulk-mailfix/buy-now-cssfix/buy-now-flowfix/comment-couponfix/comment-coupon-featurefix/coup-dscntfix/coupon-structurefix/couponsfix/data-transfer-servicefix/datesfix/enroll-now-errorfix/gst-calculationfix/master-bugfix/offer-letterfix/opportunity-sourcefix/payment-notesfix/prod-offer-pagefix/razorpay-notesfix/remove-otp-feedbackfix/snmfix/stable-b2c-v2fix/stable-v2fix/ug/sheetsfix/update-order-validationfix/variable-amount-pmntfixes/ak/buy-now-flowfixes/ak/developfixes/ak/masterfixes/sb/offer-letterfixes/stablefixex/ak/sent-offer-lettersfsd-papmaster-06022023masterclass/ak/changespayment-checkspayment-page-refactoringpending-tasks/ak/odinpublic-payment-pagerevert-pr-281revert-pr-286revert-pr-395revert-pr-402revert-pr-416revert-pr-454revert-pr-460sarvesh-odinsb/update/offerletterstable/ak/master-04012023stable/b2c-v2sushant/changes/v2update/ak/referral-couponupdates/ak/enrol-now  
Cleanup completed... for b2c
******************************-----------******************************
working on repo collegeugc ........ 
************* Processing for branch: AC/webUpdate/magazine *************
branch 'AC/webUpdate/magazine' set up to track 'origin/AC/webUpdate/magazine'.
[AC/webUpdate/magazine e850228] DO-50 bitbucket-pipelines.yml added
 1 file changed, 53 insertions(+)
 create mode 100755 bitbucket-pipelines.yml
************* Processing for branch: HomePageUpdate/AC/CollegeAdded *************
branch 'HomePageUpdate/AC/CollegeAdded' set up to track 'origin/HomePageUpdate/AC/CollegeAdded'.
[HomePageUpdate/AC/CollegeAdded b92d40c] DO-50 bitbucket-pipelines.yml added
 1 file changed, 53 insertions(+)
 create mode 100755 bitbucket-pipelines.yml
************* Processing for branch: alignItem/gk/resources *************
branch 'alignItem/gk/resources' set up to track 'origin/alignItem/gk/resources'.
[alignItem/gk/resources 70ecd8f] DO-50 bitbucket-pipelines.yml added
 1 file changed, 53 insertions(+)
 create mode 100755 bitbucket-pipelines.yml
************* Processing for branch: blogUpdates *************
branch 'blogUpdates' set up to track 'origin/blogUpdates'.
[blogUpdates 024e7a7] DO-50 bitbucket-pipelines.yml added
 1 file changed, 53 insertions(+)
 create mode 100755 bitbucket-pipelines.yml
************* Processing for branch: blogpost59 *************
branch 'blogpost59' set up to track 'origin/blogpost59'.
[blogpost59 312c51d] DO-50 bitbucket-pipelines.yml added
 1 file changed, 53 insertions(+)
 create mode 100755 bitbucket-pipelines.yml
************* Processing for branch: blogs/fixes/ur *************
branch 'blogs/fixes/ur' set up to track 'origin/blogs/fixes/ur'.
[blogs/fixes/ur 44f877f] DO-50 bitbucket-pipelines.yml added
 1 file changed, 53 insertions(+)
 create mode 100755 bitbucket-pipelines.yml
************* Processing for branch: collegeUpdate/gk/newCollegeAdded *************
branch 'collegeUpdate/gk/newCollegeAdded' set up to track 'origin/collegeUpdate/gk/newCollegeAdded'.
[collegeUpdate/gk/newCollegeAdded 70aca25] DO-50 bitbucket-pipelines.yml added
 1 file changed, 53 insertions(+)
 create mode 100755 bitbucket-pipelines.yml
************* Processing for branch: correction/AC/contact *************
branch 'correction/AC/contact' set up to track 'origin/correction/AC/contact'.
[correction/AC/contact 809384a] DO-50 bitbucket-pipelines.yml added
 1 file changed, 53 insertions(+)
 create mode 100755 bitbucket-pipelines.yml
************* Processing for branch: feature/ak/magazine-iframe *************
branch 'feature/ak/magazine-iframe' set up to track 'origin/feature/ak/magazine-iframe'.
[feature/ak/magazine-iframe d9316b8] DO-50 bitbucket-pipelines.yml added
 1 file changed, 53 insertions(+)
 create mode 100755 bitbucket-pipelines.yml
************* Processing for branch: feature/ak/updated-list *************
branch 'feature/ak/updated-list' set up to track 'origin/feature/ak/updated-list'.
[feature/ak/updated-list 34bd2e9] DO-50 bitbucket-pipelines.yml added
 1 file changed, 53 insertions(+)
 create mode 100755 bitbucket-pipelines.yml
************* Processing for branch: feature/faq/ur *************
branch 'feature/faq/ur' set up to track 'origin/feature/faq/ur'.
[feature/faq/ur c25597d] DO-50 bitbucket-pipelines.yml added
 1 file changed, 53 insertions(+)
 create mode 100755 bitbucket-pipelines.yml
************* Processing for branch: feature/pd/blogs8 *************
branch 'feature/pd/blogs8' set up to track 'origin/feature/pd/blogs8'.
[feature/pd/blogs8 0bbc392] DO-50 bitbucket-pipelines.yml added
 1 file changed, 53 insertions(+)
 create mode 100755 bitbucket-pipelines.yml
************* Processing for branch: feature/podcast/ur *************
branch 'feature/podcast/ur' set up to track 'origin/feature/podcast/ur'.
[feature/podcast/ur 4e46284] DO-50 bitbucket-pipelines.yml added
 1 file changed, 53 insertions(+)
 create mode 100755 bitbucket-pipelines.yml
************* Processing for branch: feature/updates *************
branch 'feature/updates' set up to track 'origin/feature/updates'.
[feature/updates 84f1bd4] DO-50 bitbucket-pipelines.yml added
 1 file changed, 53 insertions(+)
 create mode 100755 bitbucket-pipelines.yml
************* Processing for branch: feature/visualsPage/ur *************
branch 'feature/visualsPage/ur' set up to track 'origin/feature/visualsPage/ur'.
[feature/visualsPage/ur 7ebf557] DO-50 bitbucket-pipelines.yml added
 1 file changed, 53 insertions(+)
 create mode 100755 bitbucket-pipelines.yml
************* Processing for branch: features/resource/ur *************
branch 'features/resource/ur' set up to track 'origin/features/resource/ur'.
[features/resource/ur 6e91ce8] DO-50 bitbucket-pipelines.yml added
 1 file changed, 53 insertions(+)
 create mode 100755 bitbucket-pipelines.yml
************* Processing for branch: finalUpdates *************
branch 'finalUpdates' set up to track 'origin/finalUpdates'.
[finalUpdates 01950b3] DO-50 bitbucket-pipelines.yml added
 1 file changed, 53 insertions(+)
 create mode 100755 bitbucket-pipelines.yml
************* Processing for branch: fix/textual-changes *************
branch 'fix/textual-changes' set up to track 'origin/fix/textual-changes'.
[fix/textual-changes 71eff25] DO-50 bitbucket-pipelines.yml added
 1 file changed, 53 insertions(+)
 create mode 100755 bitbucket-pipelines.yml
************* Processing for branch: fix/ujjwal/blogupdates *************
branch 'fix/ujjwal/blogupdates' set up to track 'origin/fix/ujjwal/blogupdates'.
[fix/ujjwal/blogupdates e9ed220] DO-50 bitbucket-pipelines.yml added
 1 file changed, 53 insertions(+)
 create mode 100755 bitbucket-pipelines.yml
************* Processing for branch: fix/ujjwal/contactpopup *************
branch 'fix/ujjwal/contactpopup' set up to track 'origin/fix/ujjwal/contactpopup'.
[fix/ujjwal/contactpopup 88631ad] DO-50 bitbucket-pipelines.yml added
 1 file changed, 53 insertions(+)
 create mode 100755 bitbucket-pipelines.yml
************* Processing for branch: fixes/college-updates/ur *************
branch 'fixes/college-updates/ur' set up to track 'origin/fixes/college-updates/ur'.
[fixes/college-updates/ur 621ce8e] DO-50 bitbucket-pipelines.yml added
 1 file changed, 53 insertions(+)
 create mode 100755 bitbucket-pipelines.yml
************* Processing for branch: fixes/contactpopup/ur *************
branch 'fixes/contactpopup/ur' set up to track 'origin/fixes/contactpopup/ur'.
[fixes/contactpopup/ur b2fb821] DO-50 bitbucket-pipelines.yml added
 1 file changed, 53 insertions(+)
 create mode 100755 bitbucket-pipelines.yml
************* Processing for branch: fixes/footer/ur *************
branch 'fixes/footer/ur' set up to track 'origin/fixes/footer/ur'.
[fixes/footer/ur 4274476] DO-50 bitbucket-pipelines.yml added
 1 file changed, 53 insertions(+)
 create mode 100755 bitbucket-pipelines.yml
************* Processing for branch: fixes/general/ac *************
branch 'fixes/general/ac' set up to track 'origin/fixes/general/ac'.
[fixes/general/ac 6640887] DO-50 bitbucket-pipelines.yml added
 1 file changed, 53 insertions(+)
 create mode 100755 bitbucket-pipelines.yml
************* Processing for branch: fixes/general/ur *************
branch 'fixes/general/ur' set up to track 'origin/fixes/general/ur'.
[fixes/general/ur 0c72e97] DO-50 bitbucket-pipelines.yml added
 1 file changed, 53 insertions(+)
 create mode 100755 bitbucket-pipelines.yml
************* Processing for branch: fixes/homepage/ur *************
branch 'fixes/homepage/ur' set up to track 'origin/fixes/homepage/ur'.
[fixes/homepage/ur 54203ae] DO-50 bitbucket-pipelines.yml added
 1 file changed, 53 insertions(+)
 create mode 100755 bitbucket-pipelines.yml
************* Processing for branch: fixes/jrcp/ur *************
branch 'fixes/jrcp/ur' set up to track 'origin/fixes/jrcp/ur'.
[fixes/jrcp/ur dcfdf68] DO-50 bitbucket-pipelines.yml added
 1 file changed, 53 insertions(+)
 create mode 100755 bitbucket-pipelines.yml
************* Processing for branch: fixes/minorupdates/ur *************
branch 'fixes/minorupdates/ur' set up to track 'origin/fixes/minorupdates/ur'.
[fixes/minorupdates/ur a6f4aad] DO-50 bitbucket-pipelines.yml added
 1 file changed, 53 insertions(+)
 create mode 100755 bitbucket-pipelines.yml
************* Processing for branch: fixes/ur/faq *************
branch 'fixes/ur/faq' set up to track 'origin/fixes/ur/faq'.
[fixes/ur/faq 86eff46] DO-50 bitbucket-pipelines.yml added
 1 file changed, 53 insertions(+)
 create mode 100755 bitbucket-pipelines.yml
************* Processing for branch: fixes/ur/minorchanges *************
branch 'fixes/ur/minorchanges' set up to track 'origin/fixes/ur/minorchanges'.
[fixes/ur/minorchanges 2b98c1a] DO-50 bitbucket-pipelines.yml added
 1 file changed, 53 insertions(+)
 create mode 100755 bitbucket-pipelines.yml
************* Processing for branch: fixes/whatsapp/ur *************
branch 'fixes/whatsapp/ur' set up to track 'origin/fixes/whatsapp/ur'.
[fixes/whatsapp/ur 192755b] DO-50 bitbucket-pipelines.yml added
 1 file changed, 53 insertions(+)
 create mode 100755 bitbucket-pipelines.yml
************* Processing for branch: infographic/AC/update *************
branch 'infographic/AC/update' set up to track 'origin/infographic/AC/update'.
[infographic/AC/update 4cb3ccb] DO-50 bitbucket-pipelines.yml added
 1 file changed, 53 insertions(+)
 create mode 100755 bitbucket-pipelines.yml
************* Processing for branch: newUpdates *************
branch 'newUpdates' set up to track 'origin/newUpdates'.
[newUpdates 7875f83] DO-50 bitbucket-pipelines.yml added
 1 file changed, 53 insertions(+)
 create mode 100755 bitbucket-pipelines.yml
Actioned perform on branch for repo collegeugc are: AC/webUpdate/magazineHomePageUpdate/AC/CollegeAddedalignItem/gk/resourcesblogUpdatesblogpost59blogs/fixes/urcollegeUpdate/gk/newCollegeAddedcorrection/AC/contactfeature/ak/magazine-iframefeature/ak/updated-listfeature/faq/urfeature/pd/blogs8feature/podcast/urfeature/updatesfeature/visualsPage/urfeatures/resource/urfinalUpdatesfix/textual-changesfix/ujjwal/blogupdatesfix/ujjwal/contactpopupfixes/college-updates/urfixes/contactpopup/urfixes/footer/urfixes/general/acfixes/general/urfixes/homepage/urfixes/jrcp/urfixes/minorupdates/urfixes/ur/faqfixes/ur/minorchangesfixes/whatsapp/urinfographic/AC/updatenewUpdates  
Cleanup completed... for collegeugc
******************************-----------******************************
working on repo vc-universe ........ 
************* Processing for branch: WB/connectionFInal/Rahul/Rauniyar *************
branch 'WB/connectionFInal/Rahul/Rauniyar' set up to track 'origin/WB/connectionFInal/Rahul/Rauniyar'.
[WB/connectionFInal/Rahul/Rauniyar 70958b1] DO-50 bitbucket-pipelines.yml added
 1 file changed, 53 insertions(+)
 create mode 100755 bitbucket-pipelines.yml
************* Processing for branch: demo/ak/feature-polishing *************
branch 'demo/ak/feature-polishing' set up to track 'origin/demo/ak/feature-polishing'.
[demo/ak/feature-polishing 794a78a] DO-50 bitbucket-pipelines.yml added
 1 file changed, 53 insertions(+)
 create mode 100755 bitbucket-pipelines.yml
************* Processing for branch: develop *************
branch 'develop' set up to track 'origin/develop'.
[develop 4d25872] DO-50 bitbucket-pipelines.yml added
 1 file changed, 53 insertions(+)
 create mode 100755 bitbucket-pipelines.yml
************* Processing for branch: enhancement *************
branch 'enhancement' set up to track 'origin/enhancement'.
[enhancement f0a81d4] DO-50 bitbucket-pipelines.yml added
 1 file changed, 53 insertions(+)
 create mode 100755 bitbucket-pipelines.yml
************* Processing for branch: feature/R-Rauniyar/connection/w-Board *************
branch 'feature/R-Rauniyar/connection/w-Board' set up to track 'origin/feature/R-Rauniyar/connection/w-Board'.
[feature/R-Rauniyar/connection/w-Board d3df1d7] DO-50 bitbucket-pipelines.yml added
 1 file changed, 53 insertions(+)
 create mode 100755 bitbucket-pipelines.yml
************* Processing for branch: feature/RR/chat *************
branch 'feature/RR/chat' set up to track 'origin/feature/RR/chat'.
[feature/RR/chat da15554] DO-50 bitbucket-pipelines.yml added
 1 file changed, 53 insertions(+)
 create mode 100755 bitbucket-pipelines.yml
************* Processing for branch: feature/RR/whiteboard-liveconnection *************
branch 'feature/RR/whiteboard-liveconnection' set up to track 'origin/feature/RR/whiteboard-liveconnection'.
[feature/RR/whiteboard-liveconnection 250bce8] DO-50 bitbucket-pipelines.yml added
 1 file changed, 53 insertions(+)
 create mode 100755 bitbucket-pipelines.yml
************* Processing for branch: feature/RR/whiteboard-remoteshapes *************
branch 'feature/RR/whiteboard-remoteshapes' set up to track 'origin/feature/RR/whiteboard-remoteshapes'.
[feature/RR/whiteboard-remoteshapes 9fda711] DO-50 bitbucket-pipelines.yml added
 1 file changed, 53 insertions(+)
 create mode 100755 bitbucket-pipelines.yml
************* Processing for branch: feature/ak/alliance-upcoming-session *************
branch 'feature/ak/alliance-upcoming-session' set up to track 'origin/feature/ak/alliance-upcoming-session'.
[feature/ak/alliance-upcoming-session bfe76d3] DO-50 bitbucket-pipelines.yml added
 1 file changed, 53 insertions(+)
 create mode 100755 bitbucket-pipelines.yml
************* Processing for branch: feature/ak/authentication *************
branch 'feature/ak/authentication' set up to track 'origin/feature/ak/authentication'.
[feature/ak/authentication 5212745] DO-50 bitbucket-pipelines.yml added
 1 file changed, 53 insertions(+)
 create mode 100755 bitbucket-pipelines.yml
************* Processing for branch: feature/ak/chat-video-integrations *************
branch 'feature/ak/chat-video-integrations' set up to track 'origin/feature/ak/chat-video-integrations'.
[feature/ak/chat-video-integrations 226e4e2] DO-50 bitbucket-pipelines.yml added
 1 file changed, 53 insertions(+)
 create mode 100755 bitbucket-pipelines.yml
************* Processing for branch: feature/ak/easy-navgation *************
branch 'feature/ak/easy-navgation' set up to track 'origin/feature/ak/easy-navgation'.
[feature/ak/easy-navgation 3301d3e] DO-50 bitbucket-pipelines.yml added
 1 file changed, 53 insertions(+)
 create mode 100755 bitbucket-pipelines.yml
************* Processing for branch: feature/ak/eraser-pencil *************
branch 'feature/ak/eraser-pencil' set up to track 'origin/feature/ak/eraser-pencil'.
[feature/ak/eraser-pencil 09b35fc] DO-50 bitbucket-pipelines.yml added
 1 file changed, 53 insertions(+)
 create mode 100755 bitbucket-pipelines.yml
************* Processing for branch: feature/ak/on-hover-details *************
branch 'feature/ak/on-hover-details' set up to track 'origin/feature/ak/on-hover-details'.
[feature/ak/on-hover-details a34f864] DO-50 bitbucket-pipelines.yml added
 1 file changed, 53 insertions(+)
 create mode 100755 bitbucket-pipelines.yml
************* Processing for branch: feature/ak/pencil-marker-chatserver *************
branch 'feature/ak/pencil-marker-chatserver' set up to track 'origin/feature/ak/pencil-marker-chatserver'.
[feature/ak/pencil-marker-chatserver e77a190] DO-50 bitbucket-pipelines.yml added
 1 file changed, 53 insertions(+)
 create mode 100755 bitbucket-pipelines.yml
************* Processing for branch: feature/ak/singleton-classes *************
branch 'feature/ak/singleton-classes' set up to track 'origin/feature/ak/singleton-classes'.
[feature/ak/singleton-classes b580f82] DO-50 bitbucket-pipelines.yml added
 1 file changed, 53 insertions(+)
 create mode 100755 bitbucket-pipelines.yml
************* Processing for branch: feature/ak/singleton-services *************
branch 'feature/ak/singleton-services' set up to track 'origin/feature/ak/singleton-services'.
[feature/ak/singleton-services ba948c0] DO-50 bitbucket-pipelines.yml added
 1 file changed, 53 insertions(+)
 create mode 100755 bitbucket-pipelines.yml
************* Processing for branch: feature/ak/vc-ws-events *************
branch 'feature/ak/vc-ws-events' set up to track 'origin/feature/ak/vc-ws-events'.
[feature/ak/vc-ws-events f551d4c] DO-50 bitbucket-pipelines.yml added
 1 file changed, 53 insertions(+)
 create mode 100755 bitbucket-pipelines.yml
************* Processing for branch: feature/ak/web-layout-correction *************
branch 'feature/ak/web-layout-correction' set up to track 'origin/feature/ak/web-layout-correction'.
[feature/ak/web-layout-correction 179a012] DO-50 bitbucket-pipelines.yml added
 1 file changed, 53 insertions(+)
 create mode 100755 bitbucket-pipelines.yml
************* Processing for branch: feature/ak/whiteboard-connection *************
branch 'feature/ak/whiteboard-connection' set up to track 'origin/feature/ak/whiteboard-connection'.
[feature/ak/whiteboard-connection 1b1ce2f] DO-50 bitbucket-pipelines.yml added
 1 file changed, 53 insertions(+)
 create mode 100755 bitbucket-pipelines.yml
************* Processing for branch: feature/ak/ws-chat-wb-messaging *************
branch 'feature/ak/ws-chat-wb-messaging' set up to track 'origin/feature/ak/ws-chat-wb-messaging'.
[feature/ak/ws-chat-wb-messaging 2c9cb52] DO-50 bitbucket-pipelines.yml added
 1 file changed, 53 insertions(+)
 create mode 100755 bitbucket-pipelines.yml
************* Processing for branch: feature/et/listern-only-audio *************
branch 'feature/et/listern-only-audio' set up to track 'origin/feature/et/listern-only-audio'.
[feature/et/listern-only-audio a7d5a7d] DO-50 bitbucket-pipelines.yml added
 1 file changed, 53 insertions(+)
 create mode 100755 bitbucket-pipelines.yml
************* Processing for branch: feature/et/media-constraints *************
branch 'feature/et/media-constraints' set up to track 'origin/feature/et/media-constraints'.
[feature/et/media-constraints e5075aa] DO-50 bitbucket-pipelines.yml added
 1 file changed, 53 insertions(+)
 create mode 100755 bitbucket-pipelines.yml
************* Processing for branch: feature/et/network-monitor *************
branch 'feature/et/network-monitor' set up to track 'origin/feature/et/network-monitor'.
[feature/et/network-monitor 588aebc] DO-50 bitbucket-pipelines.yml added
 1 file changed, 53 insertions(+)
 create mode 100755 bitbucket-pipelines.yml
************* Processing for branch: feature/et/screenshare-audio *************
branch 'feature/et/screenshare-audio' set up to track 'origin/feature/et/screenshare-audio'.
[feature/et/screenshare-audio df843f1] DO-50 bitbucket-pipelines.yml added
 1 file changed, 53 insertions(+)
 create mode 100755 bitbucket-pipelines.yml
************* Processing for branch: feature/et/video-constraints *************
branch 'feature/et/video-constraints' set up to track 'origin/feature/et/video-constraints'.
[feature/et/video-constraints fc138ef] DO-50 bitbucket-pipelines.yml added
 1 file changed, 53 insertions(+)
 create mode 100755 bitbucket-pipelines.yml
************* Processing for branch: feature/et/webrtc-handle-bad-network *************
branch 'feature/et/webrtc-handle-bad-network' set up to track 'origin/feature/et/webrtc-handle-bad-network'.
[feature/et/webrtc-handle-bad-network 85e2fdd] DO-50 bitbucket-pipelines.yml added
 1 file changed, 53 insertions(+)
 create mode 100755 bitbucket-pipelines.yml
************* Processing for branch: feature/et/webrtc-reconnection *************
branch 'feature/et/webrtc-reconnection' set up to track 'origin/feature/et/webrtc-reconnection'.
[feature/et/webrtc-reconnection b00d72d] DO-50 bitbucket-pipelines.yml added
 1 file changed, 53 insertions(+)
 create mode 100755 bitbucket-pipelines.yml
************* Processing for branch: feature/fabric-whiteboard *************
branch 'feature/fabric-whiteboard' set up to track 'origin/feature/fabric-whiteboard'.
[feature/fabric-whiteboard 5d5abd9] DO-50 bitbucket-pipelines.yml added
 1 file changed, 53 insertions(+)
 create mode 100755 bitbucket-pipelines.yml
************* Processing for branch: feature/rr/whiteboard-liveconnection *************
file already exist skip remaining steps....
************* Processing for branch: feature/st/custom-bgs *************
branch 'feature/st/custom-bgs' set up to track 'origin/feature/st/custom-bgs'.
[feature/st/custom-bgs 7f8f682] DO-50 bitbucket-pipelines.yml added
 1 file changed, 53 insertions(+)
 create mode 100755 bitbucket-pipelines.yml
************* Processing for branch: feature/st/docker-file *************
branch 'feature/st/docker-file' set up to track 'origin/feature/st/docker-file'.
[feature/st/docker-file 47f190c] DO-50 bitbucket-pipelines.yml added
 1 file changed, 53 insertions(+)
 create mode 100755 bitbucket-pipelines.yml
************* Processing for branch: feature/st/janus-reconnection *************
branch 'feature/st/janus-reconnection' set up to track 'origin/feature/st/janus-reconnection'.
[feature/st/janus-reconnection 5b893e8] DO-50 bitbucket-pipelines.yml added
 1 file changed, 53 insertions(+)
 create mode 100755 bitbucket-pipelines.yml
************* Processing for branch: feature/st/screenShare *************
branch 'feature/st/screenShare' set up to track 'origin/feature/st/screenShare'.
[feature/st/screenShare 94dbc5f] DO-50 bitbucket-pipelines.yml added
 1 file changed, 53 insertions(+)
 create mode 100755 bitbucket-pipelines.yml
************* Processing for branch: feature/st/video-loader-animation *************
branch 'feature/st/video-loader-animation' set up to track 'origin/feature/st/video-loader-animation'.
[feature/st/video-loader-animation e78f48e] DO-50 bitbucket-pipelines.yml added
 1 file changed, 53 insertions(+)
 create mode 100755 bitbucket-pipelines.yml
************* Processing for branch: feature/st/waiting-room *************
branch 'feature/st/waiting-room' set up to track 'origin/feature/st/waiting-room'.
[feature/st/waiting-room 8fcb3da] DO-50 bitbucket-pipelines.yml added
 1 file changed, 53 insertions(+)
 create mode 100755 bitbucket-pipelines.yml
************* Processing for branch: feature/ug/admin-dashboard *************
branch 'feature/ug/admin-dashboard' set up to track 'origin/feature/ug/admin-dashboard'.
[feature/ug/admin-dashboard 1f3cd95] DO-50 bitbucket-pipelines.yml added
 1 file changed, 53 insertions(+)
 create mode 100755 bitbucket-pipelines.yml
************* Processing for branch: feature/ug/admin-dashboard-conf *************
branch 'feature/ug/admin-dashboard-conf' set up to track 'origin/feature/ug/admin-dashboard-conf'.
[feature/ug/admin-dashboard-conf d88d7d3] DO-50 bitbucket-pipelines.yml added
 1 file changed, 53 insertions(+)
 create mode 100755 bitbucket-pipelines.yml
************* Processing for branch: feature/ug/chat *************
branch 'feature/ug/chat' set up to track 'origin/feature/ug/chat'.
[feature/ug/chat 8b0e7e2] DO-50 bitbucket-pipelines.yml added
 1 file changed, 53 insertions(+)
 create mode 100755 bitbucket-pipelines.yml
************* Processing for branch: feature/ug/destop-chat-ui *************
branch 'feature/ug/destop-chat-ui' set up to track 'origin/feature/ug/destop-chat-ui'.
[feature/ug/destop-chat-ui 5721225] DO-50 bitbucket-pipelines.yml added
 1 file changed, 53 insertions(+)
 create mode 100755 bitbucket-pipelines.yml
************* Processing for branch: feature/ug/logging-and-loading *************
branch 'feature/ug/logging-and-loading' set up to track 'origin/feature/ug/logging-and-loading'.
[feature/ug/logging-and-loading 20568d2] DO-50 bitbucket-pipelines.yml added
 1 file changed, 53 insertions(+)
 create mode 100755 bitbucket-pipelines.yml
************* Processing for branch: feature/ug/mobile-view *************
branch 'feature/ug/mobile-view' set up to track 'origin/feature/ug/mobile-view'.
[feature/ug/mobile-view cafe4ac] DO-50 bitbucket-pipelines.yml added
 1 file changed, 53 insertions(+)
 create mode 100755 bitbucket-pipelines.yml
************* Processing for branch: feature/ug/new-janus-admin *************
branch 'feature/ug/new-janus-admin' set up to track 'origin/feature/ug/new-janus-admin'.
[feature/ug/new-janus-admin 00a4aa8] DO-50 bitbucket-pipelines.yml added
 1 file changed, 53 insertions(+)
 create mode 100755 bitbucket-pipelines.yml
************* Processing for branch: feature/ug/reduxStore *************
branch 'feature/ug/reduxStore' set up to track 'origin/feature/ug/reduxStore'.
[feature/ug/reduxStore 095aa5b] DO-50 bitbucket-pipelines.yml added
 1 file changed, 53 insertions(+)
 create mode 100755 bitbucket-pipelines.yml
************* Processing for branch: feature/ug/socket-io *************
branch 'feature/ug/socket-io' set up to track 'origin/feature/ug/socket-io'.
[feature/ug/socket-io 522f19d] DO-50 bitbucket-pipelines.yml added
 1 file changed, 53 insertions(+)
 create mode 100755 bitbucket-pipelines.yml
************* Processing for branch: feature/ug/vcManager *************
branch 'feature/ug/vcManager' set up to track 'origin/feature/ug/vcManager'.
[feature/ug/vcManager b0d0d2f] DO-50 bitbucket-pipelines.yml added
 1 file changed, 53 insertions(+)
 create mode 100755 bitbucket-pipelines.yml
************* Processing for branch: feature/ug/video-room-conf *************
branch 'feature/ug/video-room-conf' set up to track 'origin/feature/ug/video-room-conf'.
[feature/ug/video-room-conf 35deb6a] DO-50 bitbucket-pipelines.yml added
 1 file changed, 53 insertions(+)
 create mode 100755 bitbucket-pipelines.yml
************* Processing for branch: feature/ug/videoConf-redux *************
branch 'feature/ug/videoConf-redux' set up to track 'origin/feature/ug/videoConf-redux'.
[feature/ug/videoConf-redux 6582bd0] DO-50 bitbucket-pipelines.yml added
 1 file changed, 53 insertions(+)
 create mode 100755 bitbucket-pipelines.yml
************* Processing for branch: feature/white-board-connection/RR/connections *************
branch 'feature/white-board-connection/RR/connections' set up to track 'origin/feature/white-board-connection/RR/connections'.
[feature/white-board-connection/RR/connections 6be225c] DO-50 bitbucket-pipelines.yml added
 1 file changed, 53 insertions(+)
 create mode 100755 bitbucket-pipelines.yml
************* Processing for branch: feature/whiteboard/Rauniyar/connection *************
branch 'feature/whiteboard/Rauniyar/connection' set up to track 'origin/feature/whiteboard/Rauniyar/connection'.
[feature/whiteboard/Rauniyar/connection 4e11162] DO-50 bitbucket-pipelines.yml added
 1 file changed, 53 insertions(+)
 create mode 100755 bitbucket-pipelines.yml
************* Processing for branch: features/whiteboard *************
branch 'features/whiteboard' set up to track 'origin/features/whiteboard'.
[features/whiteboard f6a90ec] DO-50 bitbucket-pipelines.yml added
 1 file changed, 53 insertions(+)
 create mode 100755 bitbucket-pipelines.yml
************* Processing for branch: fix/ak/admin-dashboard-css *************
branch 'fix/ak/admin-dashboard-css' set up to track 'origin/fix/ak/admin-dashboard-css'.
[fix/ak/admin-dashboard-css 5609199] DO-50 bitbucket-pipelines.yml added
 1 file changed, 53 insertions(+)
 create mode 100755 bitbucket-pipelines.yml
************* Processing for branch: fix/ak/full-view *************
branch 'fix/ak/full-view' set up to track 'origin/fix/ak/full-view'.
[fix/ak/full-view f49a908] DO-50 bitbucket-pipelines.yml added
 1 file changed, 53 insertions(+)
 create mode 100755 bitbucket-pipelines.yml
************* Processing for branch: fix/ak/video-grid-fixes *************
branch 'fix/ak/video-grid-fixes' set up to track 'origin/fix/ak/video-grid-fixes'.
[fix/ak/video-grid-fixes e341142] DO-50 bitbucket-pipelines.yml added
 1 file changed, 53 insertions(+)
 create mode 100755 bitbucket-pipelines.yml
************* Processing for branch: fix/ak/view-switch *************
branch 'fix/ak/view-switch' set up to track 'origin/fix/ak/view-switch'.
[fix/ak/view-switch 568525c] DO-50 bitbucket-pipelines.yml added
 1 file changed, 53 insertions(+)
 create mode 100755 bitbucket-pipelines.yml
************* Processing for branch: fix/ak/whiteboard-p2p *************
branch 'fix/ak/whiteboard-p2p' set up to track 'origin/fix/ak/whiteboard-p2p'.
[fix/ak/whiteboard-p2p 9cfb479] DO-50 bitbucket-pipelines.yml added
 1 file changed, 53 insertions(+)
 create mode 100755 bitbucket-pipelines.yml
************* Processing for branch: fixes/ak/pending-bugs-features *************
branch 'fixes/ak/pending-bugs-features' set up to track 'origin/fixes/ak/pending-bugs-features'.
[fixes/ak/pending-bugs-features 8a7c076] DO-50 bitbucket-pipelines.yml added
 1 file changed, 53 insertions(+)
 create mode 100755 bitbucket-pipelines.yml
************* Processing for branch: old-develop *************
branch 'old-develop' set up to track 'origin/old-develop'.
[old-develop 82692f9] DO-50 bitbucket-pipelines.yml added
 1 file changed, 53 insertions(+)
 create mode 100755 bitbucket-pipelines.yml
************* Processing for branch: develop/ChatUIs *************
file already exist skip remaining steps....
************* Processing for branch: refactor/et/videoroom *************
branch 'refactor/et/videoroom' set up to track 'origin/refactor/et/videoroom'.
[refactor/et/videoroom 97ad3da] DO-50 bitbucket-pipelines.yml added
 1 file changed, 53 insertions(+)
 create mode 100755 bitbucket-pipelines.yml
************* Processing for branch: rp/unit/testing *************
branch 'rp/unit/testing' set up to track 'origin/rp/unit/testing'.
[rp/unit/testing 3dffcd5] DO-50 bitbucket-pipelines.yml added
 1 file changed, 53 insertions(+)
 create mode 100755 bitbucket-pipelines.yml
************* Processing for branch: ug/chat/enhancements *************
branch 'ug/chat/enhancements' set up to track 'origin/ug/chat/enhancements'.
[ug/chat/enhancements 677e617] DO-50 bitbucket-pipelines.yml added
 1 file changed, 53 insertions(+)
 create mode 100755 bitbucket-pipelines.yml
************* Processing for branch: ui/ug/network-monitoring *************
branch 'ui/ug/network-monitoring' set up to track 'origin/ui/ug/network-monitoring'.
[ui/ug/network-monitoring 28511d7] DO-50 bitbucket-pipelines.yml added
 1 file changed, 53 insertions(+)
 create mode 100755 bitbucket-pipelines.yml
Actioned perform on branch for repo vc-universe are: WB/connectionFInal/Rahul/Rauniyardemo/ak/feature-polishingdevelopenhancementfeature/R-Rauniyar/connection/w-Boardfeature/RR/chatfeature/RR/whiteboard-liveconnectionfeature/RR/whiteboard-remoteshapesfeature/ak/alliance-upcoming-sessionfeature/ak/authenticationfeature/ak/chat-video-integrationsfeature/ak/easy-navgationfeature/ak/eraser-pencilfeature/ak/on-hover-detailsfeature/ak/pencil-marker-chatserverfeature/ak/singleton-classesfeature/ak/singleton-servicesfeature/ak/vc-ws-eventsfeature/ak/web-layout-correctionfeature/ak/whiteboard-connectionfeature/ak/ws-chat-wb-messagingfeature/et/listern-only-audiofeature/et/media-constraintsfeature/et/network-monitorfeature/et/screenshare-audiofeature/et/video-constraintsfeature/et/webrtc-handle-bad-networkfeature/et/webrtc-reconnectionfeature/fabric-whiteboardfeature/st/custom-bgsfeature/st/docker-filefeature/st/janus-reconnectionfeature/st/screenSharefeature/st/video-loader-animationfeature/st/waiting-roomfeature/ug/admin-dashboardfeature/ug/admin-dashboard-conffeature/ug/chatfeature/ug/destop-chat-uifeature/ug/logging-and-loadingfeature/ug/mobile-viewfeature/ug/new-janus-adminfeature/ug/reduxStorefeature/ug/socket-iofeature/ug/vcManagerfeature/ug/video-room-conffeature/ug/videoConf-reduxfeature/white-board-connection/RR/connectionsfeature/whiteboard/Rauniyar/connectionfeatures/whiteboardfix/ak/admin-dashboard-cssfix/ak/full-viewfix/ak/video-grid-fixesfix/ak/view-switchfix/ak/whiteboard-p2pfixes/ak/pending-bugs-featuresold-developrefactor/et/videoroomrp/unit/testingug/chat/enhancementsui/ug/network-monitoring  
Cleanup completed... for vc-universe
******************************-----------******************************
working on repo moodle_plugin ........ 
Actioned perform on branch for repo moodle_plugin are:   
Cleanup completed... for moodle_plugin
******************************-----------******************************
working on repo p2p_android ........ 
Actioned perform on branch for repo p2p_android are:   
Cleanup completed... for p2p_android
******************************-----------******************************
working on repo mail-templating-service ........ 
Actioned perform on branch for repo mail-templating-service are:   
Cleanup completed... for mail-templating-service
******************************-----------******************************
working on repo chromex47 ........ 
************* Processing for branch: manish *************
branch 'manish' set up to track 'origin/manish'.
[manish 2003607] DO-50 bitbucket-pipelines.yml added
 1 file changed, 53 insertions(+)
 create mode 100755 bitbucket-pipelines.yml
************* Processing for branch: vc-recording *************
branch 'vc-recording' set up to track 'origin/vc-recording'.
[vc-recording c0451e2] DO-50 bitbucket-pipelines.yml added
 1 file changed, 53 insertions(+)
 create mode 100755 bitbucket-pipelines.yml
Actioned perform on branch for repo chromex47 are: manishvc-recording  
Cleanup completed... for chromex47
******************************-----------******************************
working on repo fullmoon-sw ........ 
************* Processing for branch: develop *************
branch 'develop' set up to track 'origin/develop'.
[develop 3f974b8] DO-50 bitbucket-pipelines.yml added
 1 file changed, 53 insertions(+)
 create mode 100755 bitbucket-pipelines.yml
Actioned perform on branch for repo fullmoon-sw are: develop  
Cleanup completed... for fullmoon-sw
******************************-----------******************************
working on repo bulkuploadservice ........ 
************* Processing for branch: develop *************
branch 'develop' set up to track 'origin/develop'.
[develop 321b852] DO-50 bitbucket-pipelines.yml added
 1 file changed, 53 insertions(+)
 create mode 100755 bitbucket-pipelines.yml
Actioned perform on branch for repo bulkuploadservice are: develop  
Cleanup completed... for bulkuploadservice
******************************-----------******************************
working on repo elasticsearch-vector-scoring-plugin ........ 
Actioned perform on branch for repo elasticsearch-vector-scoring-plugin are:   
Cleanup completed... for elasticsearch-vector-scoring-plugin
******************************-----------******************************
working on repo recservice_deployer ........ 
Actioned perform on branch for repo recservice_deployer are:   
Cleanup completed... for recservice_deployer
******************************-----------******************************
working on repo talkon ........ 
************* Processing for branch: develop *************
branch 'develop' set up to track 'origin/develop'.
[develop da559ed] DO-50 bitbucket-pipelines.yml added
 1 file changed, 53 insertions(+)
 create mode 100755 bitbucket-pipelines.yml
Actioned perform on branch for repo talkon are: develop  
Cleanup completed... for talkon
******************************-----------******************************
working on repo videoconfload ........ 
************* Processing for branch: vcController_load *************
branch 'vcController_load' set up to track 'origin/vcController_load'.
[vcController_load f31a562] DO-50 bitbucket-pipelines.yml added
 1 file changed, 53 insertions(+)
 create mode 100755 bitbucket-pipelines.yml
************* Processing for branch: video_room_load *************
branch 'video_room_load' set up to track 'origin/video_room_load'.
[video_room_load 88edc84] DO-50 bitbucket-pipelines.yml added
 1 file changed, 53 insertions(+)
 create mode 100755 bitbucket-pipelines.yml
Actioned perform on branch for repo videoconfload are: vcController_loadvideo_room_load  
Cleanup completed... for videoconfload
******************************-----------******************************
working on repo rtpforwardtowowza ........ 
Actioned perform on branch for repo rtpforwardtowowza are:   
Cleanup completed... for rtpforwardtowowza
******************************-----------******************************
working on repo vpn-diag-node ........ 
Actioned perform on branch for repo vpn-diag-node are:   
Cleanup completed... for vpn-diag-node
******************************-----------******************************
working on repo deep_learning ........ 
************* Processing for branch: ebin-dev *************
branch 'ebin-dev' set up to track 'origin/ebin-dev'.
[ebin-dev e21d630] DO-50 bitbucket-pipelines.yml added
 1 file changed, 53 insertions(+)
 create mode 100755 bitbucket-pipelines.yml
Actioned perform on branch for repo deep_learning are: ebin-dev  
Cleanup completed... for deep_learning
******************************-----------******************************
working on repo impartus3.0 ........ 
************* Processing for branch: alok_fixes *************
branch 'alok_fixes' set up to track 'origin/alok_fixes'.
[alok_fixes 5fd1a52] DO-50 bitbucket-pipelines.yml added
 1 file changed, 53 insertions(+)
 create mode 100755 bitbucket-pipelines.yml
************* Processing for branch: develop *************
branch 'develop' set up to track 'origin/develop'.
[develop f51e521] DO-50 bitbucket-pipelines.yml added
 1 file changed, 53 insertions(+)
 create mode 100755 bitbucket-pipelines.yml
************* Processing for branch: manish *************
branch 'manish' set up to track 'origin/manish'.
[manish 5c6ee96] DO-50 bitbucket-pipelines.yml added
 1 file changed, 53 insertions(+)
 create mode 100755 bitbucket-pipelines.yml
************* Processing for branch: satyamdev *************
branch 'satyamdev' set up to track 'origin/satyamdev'.
[satyamdev 6dde75c] DO-50 bitbucket-pipelines.yml added
 1 file changed, 53 insertions(+)
 create mode 100755 bitbucket-pipelines.yml
************* Processing for branch: yarn *************
branch 'yarn' set up to track 'origin/yarn'.
[yarn fb83615] DO-50 bitbucket-pipelines.yml added
 1 file changed, 53 insertions(+)
 create mode 100755 bitbucket-pipelines.yml
Actioned perform on branch for repo impartus3.0 are: alok_fixesdevelopmanishsatyamdevyarn  
Cleanup completed... for impartus3.0
******************************-----------******************************
working on repo devops-scripts ........ 
************* Processing for branch: develop *************
branch 'develop' set up to track 'origin/develop'.
[develop af0e70d] DO-50 bitbucket-pipelines.yml added
 1 file changed, 53 insertions(+)
 create mode 100755 bitbucket-pipelines.yml
************* Processing for branch: gps_branch *************
branch 'gps_branch' set up to track 'origin/gps_branch'.
[gps_branch 19deaca] DO-50 bitbucket-pipelines.yml added
 1 file changed, 53 insertions(+)
 create mode 100755 bitbucket-pipelines.yml
************* Processing for branch: saransh_branch *************
branch 'saransh_branch' set up to track 'origin/saransh_branch'.
[saransh_branch b8232f0] DO-50 bitbucket-pipelines.yml added
 1 file changed, 53 insertions(+)
 create mode 100755 bitbucket-pipelines.yml
Actioned perform on branch for repo devops-scripts are: developgps_branchsaransh_branch  
Cleanup completed... for devops-scripts
******************************-----------******************************
working on repo elasticsearchindexer ........ 
Actioned perform on branch for repo elasticsearchindexer are:   
Cleanup completed... for elasticsearchindexer
******************************-----------******************************
working on repo cordova-plugin-iosrtc ........ 
Actioned perform on branch for repo cordova-plugin-iosrtc are:   
Cleanup completed... for cordova-plugin-iosrtc
******************************-----------******************************
working on repo irs ........ 
************* Processing for branch: base64_logo *************
branch 'base64_logo' set up to track 'origin/base64_logo'.
[base64_logo ba9b3b44] DO-50 bitbucket-pipelines.yml added
 1 file changed, 53 insertions(+)
 create mode 100755 bitbucket-pipelines.yml
************* Processing for branch: cuda_support *************
branch 'cuda_support' set up to track 'origin/cuda_support'.
[cuda_support a3509305] DO-50 bitbucket-pipelines.yml added
 1 file changed, 53 insertions(+)
 create mode 100755 bitbucket-pipelines.yml
************* Processing for branch: develop *************
branch 'develop' set up to track 'origin/develop'.
[develop e579a91d] DO-50 bitbucket-pipelines.yml added
 1 file changed, 53 insertions(+)
 create mode 100755 bitbucket-pipelines.yml
************* Processing for branch: ebin_dev *************
branch 'ebin_dev' set up to track 'origin/ebin_dev'.
[ebin_dev 3437d77d] DO-50 bitbucket-pipelines.yml added
 1 file changed, 53 insertions(+)
 create mode 100755 bitbucket-pipelines.yml
************* Processing for branch: gps_irs *************
branch 'gps_irs' set up to track 'origin/gps_irs'.
[gps_irs 6b71a424] DO-50 bitbucket-pipelines.yml added
 1 file changed, 53 insertions(+)
 create mode 100755 bitbucket-pipelines.yml
************* Processing for branch: vc_processing *************
branch 'vc_processing' set up to track 'origin/vc_processing'.
[vc_processing 4b8d41c3] DO-50 bitbucket-pipelines.yml added
 1 file changed, 53 insertions(+)
 create mode 100755 bitbucket-pipelines.yml
************* Processing for branch: version_details *************
branch 'version_details' set up to track 'origin/version_details'.
[version_details 76026db8] DO-50 bitbucket-pipelines.yml added
 1 file changed, 53 insertions(+)
 create mode 100755 bitbucket-pipelines.yml
Actioned perform on branch for repo irs are: base64_logocuda_supportdevelopebin_devgps_irsvc_processingversion_details  
Cleanup completed... for irs
******************************-----------******************************
working on repo vc-prot-test ........ 
Actioned perform on branch for repo vc-prot-test are:   
Cleanup completed... for vc-prot-test
******************************-----------******************************
working on repo flippedclassroom ........ 
************* Processing for branch: bugfix-file-system *************
branch 'bugfix-file-system' set up to track 'origin/bugfix-file-system'.
[bugfix-file-system 6c9a30f] DO-50 bitbucket-pipelines.yml added
 1 file changed, 53 insertions(+)
 create mode 100755 bitbucket-pipelines.yml
************* Processing for branch: bugfix-upload *************
branch 'bugfix-upload' set up to track 'origin/bugfix-upload'.
[bugfix-upload 3968a88] DO-50 bitbucket-pipelines.yml added
 1 file changed, 53 insertions(+)
 create mode 100755 bitbucket-pipelines.yml
************* Processing for branch: develop *************
branch 'develop' set up to track 'origin/develop'.
[develop 2a8354a] DO-50 bitbucket-pipelines.yml added
 1 file changed, 53 insertions(+)
 create mode 100755 bitbucket-pipelines.yml
************* Processing for branch: feature-edit-video *************
branch 'feature-edit-video' set up to track 'origin/feature-edit-video'.
[feature-edit-video 4f6c9b5] DO-50 bitbucket-pipelines.yml added
 1 file changed, 53 insertions(+)
 create mode 100755 bitbucket-pipelines.yml
************* Processing for branch: feature-flippedclassroom-multiCam *************
branch 'feature-flippedclassroom-multiCam' set up to track 'origin/feature-flippedclassroom-multiCam'.
[feature-flippedclassroom-multiCam 06bee6b] DO-50 bitbucket-pipelines.yml added
 1 file changed, 53 insertions(+)
 create mode 100755 bitbucket-pipelines.yml
************* Processing for branch: feature-translations *************
branch 'feature-translations' set up to track 'origin/feature-translations'.
[feature-translations 2355703] DO-50 bitbucket-pipelines.yml added
 1 file changed, 53 insertions(+)
 create mode 100755 bitbucket-pipelines.yml
************* Processing for branch: old-base64-implementation *************
branch 'old-base64-implementation' set up to track 'origin/old-base64-implementation'.
[old-base64-implementation 9343330] DO-50 bitbucket-pipelines.yml added
 1 file changed, 53 insertions(+)
 create mode 100755 bitbucket-pipelines.yml
************* Processing for branch: refactored-app *************
branch 'refactored-app' set up to track 'origin/refactored-app'.
[refactored-app 51e89c9] DO-50 bitbucket-pipelines.yml added
 1 file changed, 53 insertions(+)
 create mode 100755 bitbucket-pipelines.yml
************* Processing for branch: vinod *************
branch 'vinod' set up to track 'origin/vinod'.
[vinod 9b06b25] DO-50 bitbucket-pipelines.yml added
 1 file changed, 53 insertions(+)
 create mode 100755 bitbucket-pipelines.yml
Actioned perform on branch for repo flippedclassroom are: bugfix-file-systembugfix-uploaddevelopfeature-edit-videofeature-flippedclassroom-multiCamfeature-translationsold-base64-implementationrefactored-appvinod  
Cleanup completed... for flippedclassroom
******************************-----------******************************
working on repo utility-code ........ 
************* Processing for branch: echo_cancellation *************
branch 'echo_cancellation' set up to track 'origin/echo_cancellation'.
[echo_cancellation f91c82f] DO-50 bitbucket-pipelines.yml added
 1 file changed, 53 insertions(+)
 create mode 100755 bitbucket-pipelines.yml
************* Processing for branch: sai_util *************
branch 'sai_util' set up to track 'origin/sai_util'.
[sai_util a247c05] DO-50 bitbucket-pipelines.yml added
 1 file changed, 53 insertions(+)
 create mode 100755 bitbucket-pipelines.yml
Actioned perform on branch for repo utility-code are: echo_cancellationsai_util  
Cleanup completed... for utility-code
******************************-----------******************************
working on repo lti ........ 
************* Processing for branch: develop *************
branch 'develop' set up to track 'origin/develop'.
[develop 7cb1d40] DO-50 bitbucket-pipelines.yml added
 1 file changed, 53 insertions(+)
 create mode 100755 bitbucket-pipelines.yml
************* Processing for branch: gps_lti *************
branch 'gps_lti' set up to track 'origin/gps_lti'.
[gps_lti 907bf30] DO-50 bitbucket-pipelines.yml added
 1 file changed, 53 insertions(+)
 create mode 100755 bitbucket-pipelines.yml
Actioned perform on branch for repo lti are: developgps_lti  
Cleanup completed... for lti
******************************-----------******************************
working on repo corpsite ........ 
Actioned perform on branch for repo corpsite are:   
Cleanup completed... for corpsite
******************************-----------******************************
working on repo urlshortner ........ 
Actioned perform on branch for repo urlshortner are:   
Cleanup completed... for urlshortner
******************************-----------******************************
working on repo screencapture ........ 
************* Processing for branch: ab_sc_profmode *************
branch 'ab_sc_profmode' set up to track 'origin/ab_sc_profmode'.
[ab_sc_profmode d0b3ac9] DO-50 bitbucket-pipelines.yml added
 1 file changed, 53 insertions(+)
 create mode 100755 bitbucket-pipelines.yml
************* Processing for branch: develop *************
branch 'develop' set up to track 'origin/develop'.
[develop 5b7a3d9] DO-50 bitbucket-pipelines.yml added
 1 file changed, 53 insertions(+)
 create mode 100755 bitbucket-pipelines.yml
Actioned perform on branch for repo screencapture are: ab_sc_profmodedevelop  
Cleanup completed... for screencapture
******************************-----------******************************
working on repo toddler ........ 
************* Processing for branch: develop *************
branch 'develop' set up to track 'origin/develop'.
[develop a78ff29] DO-50 bitbucket-pipelines.yml added
 1 file changed, 53 insertions(+)
 create mode 100755 bitbucket-pipelines.yml
************* Processing for branch: toddler_3 *************
branch 'toddler_3' set up to track 'origin/toddler_3'.
[toddler_3 286db47] DO-50 bitbucket-pipelines.yml added
 1 file changed, 53 insertions(+)
 create mode 100755 bitbucket-pipelines.yml
Actioned perform on branch for repo toddler are: developtoddler_3  
Cleanup completed... for toddler
******************************-----------******************************
working on repo professoridentification ........ 
************* Processing for branch: develop *************
branch 'develop' set up to track 'origin/develop'.
[develop 6550047] DO-50 bitbucket-pipelines.yml added
 1 file changed, 53 insertions(+)
 create mode 100755 bitbucket-pipelines.yml
Actioned perform on branch for repo professoridentification are: develop  
Cleanup completed... for professoridentification
******************************-----------******************************
working on repo screencapture-serverside ........ 
************* Processing for branch: first_slide_issue *************
branch 'first_slide_issue' set up to track 'origin/first_slide_issue'.
[first_slide_issue ecf6034] DO-50 bitbucket-pipelines.yml added
 1 file changed, 53 insertions(+)
 create mode 100755 bitbucket-pipelines.yml
Actioned perform on branch for repo screencapture-serverside are: first_slide_issue  
Cleanup completed... for screencapture-serverside
******************************-----------******************************
working on repo angularweb ........ 
************* Processing for branch: AB_InvalidateCache *************
branch 'AB_InvalidateCache' set up to track 'origin/AB_InvalidateCache'.
[AB_InvalidateCache 8f732ff5] DO-50 bitbucket-pipelines.yml added
 1 file changed, 53 insertions(+)
 create mode 100755 bitbucket-pipelines.yml
************* Processing for branch: BugFixes *************
branch 'BugFixes' set up to track 'origin/BugFixes'.
[BugFixes ea0c2e24] DO-50 bitbucket-pipelines.yml added
 1 file changed, 53 insertions(+)
 create mode 100755 bitbucket-pipelines.yml
************* Processing for branch: ManageUsers *************
branch 'ManageUsers' set up to track 'origin/ManageUsers'.
[ManageUsers b0ddbc19] DO-50 bitbucket-pipelines.yml added
 1 file changed, 53 insertions(+)
 create mode 100755 bitbucket-pipelines.yml
************* Processing for branch: Prof_lecture_Access *************
branch 'Prof_lecture_Access' set up to track 'origin/Prof_lecture_Access'.
[Prof_lecture_Access b8ead590] DO-50 bitbucket-pipelines.yml added
 1 file changed, 53 insertions(+)
 create mode 100755 bitbucket-pipelines.yml
************* Processing for branch: ab_avcon *************
branch 'ab_avcon' set up to track 'origin/ab_avcon'.
[ab_avcon 1c4b02df] DO-50 bitbucket-pipelines.yml added
 1 file changed, 53 insertions(+)
 create mode 100755 bitbucket-pipelines.yml
************* Processing for branch: ab_heap *************
branch 'ab_heap' set up to track 'origin/ab_heap'.
[ab_heap 5588f29e] DO-50 bitbucket-pipelines.yml added
 1 file changed, 53 insertions(+)
 create mode 100755 bitbucket-pipelines.yml
************* Processing for branch: ab_livestream_urls *************
branch 'ab_livestream_urls' set up to track 'origin/ab_livestream_urls'.
[ab_livestream_urls df7d49b6] DO-50 bitbucket-pipelines.yml added
 1 file changed, 53 insertions(+)
 create mode 100755 bitbucket-pipelines.yml
************* Processing for branch: ab_sc_profmode *************
branch 'ab_sc_profmode' set up to track 'origin/ab_sc_profmode'.
[ab_sc_profmode 066b18f4] DO-50 bitbucket-pipelines.yml added
 1 file changed, 53 insertions(+)
 create mode 100755 bitbucket-pipelines.yml
************* Processing for branch: ab_screencapture_timezone *************
branch 'ab_screencapture_timezone' set up to track 'origin/ab_screencapture_timezone'.
[ab_screencapture_timezone 8b9c4460] DO-50 bitbucket-pipelines.yml added
 1 file changed, 53 insertions(+)
 create mode 100755 bitbucket-pipelines.yml
************* Processing for branch: ab_screencapture_tz_fix *************
branch 'ab_screencapture_tz_fix' set up to track 'origin/ab_screencapture_tz_fix'.
[ab_screencapture_tz_fix 22d72b06] DO-50 bitbucket-pipelines.yml added
 1 file changed, 53 insertions(+)
 create mode 100755 bitbucket-pipelines.yml
************* Processing for branch: ab_upload_handler *************
branch 'ab_upload_handler' set up to track 'origin/ab_upload_handler'.
[ab_upload_handler b8cf1fbd] DO-50 bitbucket-pipelines.yml added
 1 file changed, 53 insertions(+)
 create mode 100755 bitbucket-pipelines.yml
************* Processing for branch: ab_webapp *************
branch 'ab_webapp' set up to track 'origin/ab_webapp'.
[ab_webapp 3022224f] DO-50 bitbucket-pipelines.yml added
 1 file changed, 53 insertions(+)
 create mode 100755 bitbucket-pipelines.yml
************* Processing for branch: admindashboardfix *************
branch 'admindashboardfix' set up to track 'origin/admindashboardfix'.
[admindashboardfix 4a8180d6] DO-50 bitbucket-pipelines.yml added
 1 file changed, 53 insertions(+)
 create mode 100755 bitbucket-pipelines.yml
************* Processing for branch: ak_android_ws2 *************
branch 'ak_android_ws2' set up to track 'origin/ak_android_ws2'.
[ak_android_ws2 2774b90d] DO-50 bitbucket-pipelines.yml added
 1 file changed, 53 insertions(+)
 create mode 100755 bitbucket-pipelines.yml
************* Processing for branch: ak_clientapps_ws *************
branch 'ak_clientapps_ws' set up to track 'origin/ak_clientapps_ws'.
[ak_clientapps_ws 0f31d500] DO-50 bitbucket-pipelines.yml added
 1 file changed, 53 insertions(+)
 create mode 100755 bitbucket-pipelines.yml
************* Processing for branch: ak_heatmap_ws *************
branch 'ak_heatmap_ws' set up to track 'origin/ak_heatmap_ws'.
[ak_heatmap_ws 338a3485] DO-50 bitbucket-pipelines.yml added
 1 file changed, 53 insertions(+)
 create mode 100755 bitbucket-pipelines.yml
************* Processing for branch: ak_jwt *************
branch 'ak_jwt' set up to track 'origin/ak_jwt'.
[ak_jwt c874491e] DO-50 bitbucket-pipelines.yml added
 1 file changed, 53 insertions(+)
 create mode 100755 bitbucket-pipelines.yml
************* Processing for branch: ak_screencapture_webservices *************
branch 'ak_screencapture_webservices' set up to track 'origin/ak_screencapture_webservices'.
[ak_screencapture_webservices 35926690] DO-50 bitbucket-pipelines.yml added
 1 file changed, 53 insertions(+)
 create mode 100755 bitbucket-pipelines.yml
************* Processing for branch: ak_url_permissions *************
branch 'ak_url_permissions' set up to track 'origin/ak_url_permissions'.
[ak_url_permissions d958ec84] DO-50 bitbucket-pipelines.yml added
 1 file changed, 53 insertions(+)
 create mode 100755 bitbucket-pipelines.yml
************* Processing for branch: ak_web_screencapture *************
branch 'ak_web_screencapture' set up to track 'origin/ak_web_screencapture'.
[ak_web_screencapture 41891950] DO-50 bitbucket-pipelines.yml added
 1 file changed, 53 insertions(+)
 create mode 100755 bitbucket-pipelines.yml
************* Processing for branch: ak_win_rev2 *************
branch 'ak_win_rev2' set up to track 'origin/ak_win_rev2'.
[ak_win_rev2 19634057] DO-50 bitbucket-pipelines.yml added
 1 file changed, 53 insertions(+)
 create mode 100755 bitbucket-pipelines.yml
************* Processing for branch: android-pesit *************
branch 'android-pesit' set up to track 'origin/android-pesit'.
[android-pesit bb878d38] DO-50 bitbucket-pipelines.yml added
 1 file changed, 53 insertions(+)
 create mode 100755 bitbucket-pipelines.yml
************* Processing for branch: before_vermillion *************
branch 'before_vermillion' set up to track 'origin/before_vermillion'.
[before_vermillion 45f530e3] DO-50 bitbucket-pipelines.yml added
 1 file changed, 53 insertions(+)
 create mode 100755 bitbucket-pipelines.yml
************* Processing for branch: branch_WIP *************
branch 'branch_WIP' set up to track 'origin/branch_WIP'.
[branch_WIP 3cf336be] DO-50 bitbucket-pipelines.yml added
 1 file changed, 53 insertions(+)
 create mode 100755 bitbucket-pipelines.yml
************* Processing for branch: bug-fix-week *************
branch 'bug-fix-week' set up to track 'origin/bug-fix-week'.
[bug-fix-week f6bebd2e] DO-50 bitbucket-pipelines.yml added
 1 file changed, 53 insertions(+)
 create mode 100755 bitbucket-pipelines.yml
************* Processing for branch: bugfix-alok *************
branch 'bugfix-alok' set up to track 'origin/bugfix-alok'.
[bugfix-alok 81872dff] DO-50 bitbucket-pipelines.yml added
 1 file changed, 53 insertions(+)
 create mode 100755 bitbucket-pipelines.yml
************* Processing for branch: camera_processor_changes *************
branch 'camera_processor_changes' set up to track 'origin/camera_processor_changes'.
[camera_processor_changes 70480179] DO-50 bitbucket-pipelines.yml added
 1 file changed, 53 insertions(+)
 create mode 100755 bitbucket-pipelines.yml
************* Processing for branch: config_branch *************
branch 'config_branch' set up to track 'origin/config_branch'.
[config_branch b05f67f1] DO-50 bitbucket-pipelines.yml added
 1 file changed, 53 insertions(+)
 create mode 100755 bitbucket-pipelines.yml
************* Processing for branch: consolidated *************
branch 'consolidated' set up to track 'origin/consolidated'.
[consolidated 34b8c252] DO-50 bitbucket-pipelines.yml added
 1 file changed, 53 insertions(+)
 create mode 100755 bitbucket-pipelines.yml
************* Processing for branch: damage_control *************
branch 'damage_control' set up to track 'origin/damage_control'.
[damage_control d0c6d833] DO-50 bitbucket-pipelines.yml added
 1 file changed, 53 insertions(+)
 create mode 100755 bitbucket-pipelines.yml
************* Processing for branch: develop *************
branch 'develop' set up to track 'origin/develop'.
[develop bef867b6] DO-50 bitbucket-pipelines.yml added
 1 file changed, 53 insertions(+)
 create mode 100755 bitbucket-pipelines.yml
************* Processing for branch: develop2 *************
branch 'develop2' set up to track 'origin/develop2'.
[develop2 cccf235a] DO-50 bitbucket-pipelines.yml added
 1 file changed, 53 insertions(+)
 create mode 100755 bitbucket-pipelines.yml
************* Processing for branch: gp_angular *************
branch 'gp_angular' set up to track 'origin/gp_angular'.
[gp_angular e5eeca54] DO-50 bitbucket-pipelines.yml added
 1 file changed, 53 insertions(+)
 create mode 100755 bitbucket-pipelines.yml
************* Processing for branch: gp_web2 *************
branch 'gp_web2' set up to track 'origin/gp_web2'.
[gp_web2 5b680a8b] DO-50 bitbucket-pipelines.yml added
 1 file changed, 53 insertions(+)
 create mode 100755 bitbucket-pipelines.yml
************* Processing for branch: heatmap_wip *************
branch 'heatmap_wip' set up to track 'origin/heatmap_wip'.
[heatmap_wip 9185d076] DO-50 bitbucket-pipelines.yml added
 1 file changed, 53 insertions(+)
 create mode 100755 bitbucket-pipelines.yml
************* Processing for branch: html_insti_logo *************
branch 'html_insti_logo' set up to track 'origin/html_insti_logo'.
[html_insti_logo 7326b936] DO-50 bitbucket-pipelines.yml added
 1 file changed, 53 insertions(+)
 create mode 100755 bitbucket-pipelines.yml
************* Processing for branch: iimbcdn *************
branch 'iimbcdn' set up to track 'origin/iimbcdn'.
[iimbcdn bb17e7bd] DO-50 bitbucket-pipelines.yml added
 1 file changed, 53 insertions(+)
 create mode 100755 bitbucket-pipelines.yml
************* Processing for branch: jaipuria *************
branch 'jaipuria' set up to track 'origin/jaipuria'.
[jaipuria aed3c1d3] DO-50 bitbucket-pipelines.yml added
 1 file changed, 53 insertions(+)
 create mode 100755 bitbucket-pipelines.yml
************* Processing for branch: jaipuria_bugfix *************
branch 'jaipuria_bugfix' set up to track 'origin/jaipuria_bugfix'.
[jaipuria_bugfix f7e626f2] DO-50 bitbucket-pipelines.yml added
 1 file changed, 53 insertions(+)
 create mode 100755 bitbucket-pipelines.yml
************* Processing for branch: jan8_fix *************
branch 'jan8_fix' set up to track 'origin/jan8_fix'.
[jan8_fix b7715391] DO-50 bitbucket-pipelines.yml added
 1 file changed, 53 insertions(+)
 create mode 100755 bitbucket-pipelines.yml
************* Processing for branch: live-stream-changes *************
branch 'live-stream-changes' set up to track 'origin/live-stream-changes'.
[live-stream-changes afa956ee] DO-50 bitbucket-pipelines.yml added
 1 file changed, 53 insertions(+)
 create mode 100755 bitbucket-pipelines.yml
************* Processing for branch: ltifixagain *************
branch 'ltifixagain' set up to track 'origin/ltifixagain'.
[ltifixagain 5df6de81] DO-50 bitbucket-pipelines.yml added
 1 file changed, 53 insertions(+)
 create mode 100755 bitbucket-pipelines.yml
************* Processing for branch: mk06july2016 *************
branch 'mk06july2016' set up to track 'origin/mk06july2016'.
[mk06july2016 f1f93f53] DO-50 bitbucket-pipelines.yml added
 1 file changed, 53 insertions(+)
 create mode 100755 bitbucket-pipelines.yml
************* Processing for branch: mk07july2016 *************
branch 'mk07july2016' set up to track 'origin/mk07july2016'.
[mk07july2016 a6e4bc6a] DO-50 bitbucket-pipelines.yml added
 1 file changed, 53 insertions(+)
 create mode 100755 bitbucket-pipelines.yml
************* Processing for branch: mk1stmarch *************
branch 'mk1stmarch' set up to track 'origin/mk1stmarch'.
[mk1stmarch ec888193] DO-50 bitbucket-pipelines.yml added
 1 file changed, 53 insertions(+)
 create mode 100755 bitbucket-pipelines.yml
************* Processing for branch: newui.nu293 *************
branch 'newui.nu293' set up to track 'origin/newui.nu293'.
[newui.nu293 c4bea04d] DO-50 bitbucket-pipelines.yml added
 1 file changed, 53 insertions(+)
 create mode 100755 bitbucket-pipelines.yml
************* Processing for branch: only_prof_access *************
branch 'only_prof_access' set up to track 'origin/only_prof_access'.
[only_prof_access 62b86afa] DO-50 bitbucket-pipelines.yml added
 1 file changed, 53 insertions(+)
 create mode 100755 bitbucket-pipelines.yml
************* Processing for branch: p1-fixes *************
branch 'p1-fixes' set up to track 'origin/p1-fixes'.
[p1-fixes 158eb644] DO-50 bitbucket-pipelines.yml added
 1 file changed, 53 insertions(+)
 create mode 100755 bitbucket-pipelines.yml
