all repos are: idharudhar impartus-libwebrtc bi-job vc_instance_launcher admin-webapp ugcampus-content-platform-api ugcampus-content-platform-auth ugcampus-content-platform-static ugcampus-delivery-platform-api ugcampus-delivery-platform-auth ugcampus-delivery-platform-static ugcampus-delivery-platform-webapp ugcampus-main-mongodb ugcampus-main-gateway ugcampus-content-platform-webapp asgard falkenwebapp ug2ugc janus htd fullmoon-lambdas fetchvideojs vc_cpu_req_modifier vc_participants_estimator ltisync_snu filepreview impartus_vc_billing vpndiagnostics dblessrecordingservice ugcservices-batch-job ltisync_docker ugcgreivance feed electron-package falken-bc-video-pull falken_ios falken repository assessments upgrad chat-popup vc-event-handler ltibatch androidvcgatewaysdk nativedigitalclassroomiossdk android-integration-sample falken_android docker-flipped-processing recommendation mysql_connections_manager vc-record ice_client automation ugc-sso lsqdatatransfer fullmoon b2c collegeugc vc-universe moodle_plugin p2p_android mail-templating-service chromex47 fullmoon-sw bulkuploadservice elasticsearch-vector-scoring-plugin recservice_deployer talkon videoconfload rtpforwardtowowza vpn-diag-node deep_learning impartus3.0 devops-scripts elasticsearchindexer cordova-plugin-iosrtc irs vc-prot-test flippedclassroom utility-code lti corpsite urlshortner screencapture toddler professoridentification screencapture-serverside angularweb xcoderservice webapp-playbook db ios vidconf_scripts screencapture-extension internal-dashboard xerox-integ mmtoc webapp-base api-automation android analytics-lan-proxy thumbnails mediarouter azure-copy azure-storage-service azure-utils mic-tyson nlp-imp imageprocessing speechtotext natural-language-processing localdiagnostics windows-app terraform SJA Heimdall dl-service vc-load-test bluebook-lti vc-processing-trigger
******************************-----------******************************
working on repo idharudhar ........ 
************* Processing for branch: feature/et/aws-migration *************
branch 'feature/et/aws-migration' set up to track 'origin/feature/et/aws-migration'.
file already exist skip remaining steps....
************* Processing for branch: feature/et/mp4-upload *************
branch 'feature/et/mp4-upload' set up to track 'origin/feature/et/mp4-upload'.
file already exist skip remaining steps....
************* Processing for branch: sja_variant *************
branch 'sja_variant' set up to track 'origin/sja_variant'.
file already exist skip remaining steps....
Actioned perform on branch for repo idharudhar are:   
Cleanup completed... for idharudhar
******************************-----------******************************
working on repo impartus-libwebrtc ........ 
************* Processing for branch: impartus-android-dev *************
branch 'impartus-android-dev' set up to track 'origin/impartus-android-dev'.
file already exist skip remaining steps....
Actioned perform on branch for repo impartus-libwebrtc are:   
Cleanup completed... for impartus-libwebrtc
******************************-----------******************************
working on repo bi-job ........ 
Actioned perform on branch for repo bi-job are:   
Cleanup completed... for bi-job
******************************-----------******************************
working on repo vc_instance_launcher ........ 
************* Processing for branch: alicloud_change *************
branch 'alicloud_change' set up to track 'origin/alicloud_change'.
file already exist skip remaining steps....
************* Processing for branch: cluster_based_allocation *************
branch 'cluster_based_allocation' set up to track 'origin/cluster_based_allocation'.
file already exist skip remaining steps....
************* Processing for branch: ecs-fargate *************
branch 'ecs-fargate' set up to track 'origin/ecs-fargate'.
file already exist skip remaining steps....
************* Processing for branch: google_cloud_support *************
branch 'google_cloud_support' set up to track 'origin/google_cloud_support'.
file already exist skip remaining steps....
************* Processing for branch: oracle_cloud_support *************
branch 'oracle_cloud_support' set up to track 'origin/oracle_cloud_support'.
file already exist skip remaining steps....
Actioned perform on branch for repo vc_instance_launcher are:   
Cleanup completed... for vc_instance_launcher
******************************-----------******************************
working on repo admin-webapp ........ 
************* Processing for branch: development *************
branch 'development' set up to track 'origin/development'.
file already exist skip remaining steps....
************* Processing for branch: feature/IRA-52693-Learn-Migration *************
branch 'feature/IRA-52693-Learn-Migration' set up to track 'origin/feature/IRA-52693-Learn-Migration'.
file already exist skip remaining steps....
************* Processing for branch: feature/cohortpage *************
branch 'feature/cohortpage' set up to track 'origin/feature/cohortpage'.
file already exist skip remaining steps....
************* Processing for branch: feature/integrate-api-changes *************
branch 'feature/integrate-api-changes' set up to track 'origin/feature/integrate-api-changes'.
file already exist skip remaining steps....
************* Processing for branch: feature/reset-forget-pw *************
branch 'feature/reset-forget-pw' set up to track 'origin/feature/reset-forget-pw'.
file already exist skip remaining steps....
************* Processing for branch: feature/settingup-theme *************
branch 'feature/settingup-theme' set up to track 'origin/feature/settingup-theme'.
file already exist skip remaining steps....
************* Processing for branch: feature/userspage-api-integration *************
branch 'feature/userspage-api-integration' set up to track 'origin/feature/userspage-api-integration'.
file already exist skip remaining steps....
************* Processing for branch: feature/programmepage *************
file already exist skip remaining steps....
Actioned perform on branch for repo admin-webapp are:   
Cleanup completed... for admin-webapp
******************************-----------******************************
working on repo ugcampus-content-platform-api ........ 
************* Processing for branch: develop *************
branch 'develop' set up to track 'origin/develop'.
file already exist skip remaining steps....
************* Processing for branch: feature/api-versions *************
branch 'feature/api-versions' set up to track 'origin/feature/api-versions'.
file already exist skip remaining steps....
************* Processing for branch: staging *************
branch 'staging' set up to track 'origin/staging'.
file already exist skip remaining steps....
Actioned perform on branch for repo ugcampus-content-platform-api are:   
Cleanup completed... for ugcampus-content-platform-api
******************************-----------******************************
working on repo ugcampus-content-platform-auth ........ 
************* Processing for branch: staging *************
branch 'staging' set up to track 'origin/staging'.
file already exist skip remaining steps....
Actioned perform on branch for repo ugcampus-content-platform-auth are:   
Cleanup completed... for ugcampus-content-platform-auth
******************************-----------******************************
working on repo ugcampus-content-platform-static ........ 
************* Processing for branch: staging *************
branch 'staging' set up to track 'origin/staging'.
file already exist skip remaining steps....
Actioned perform on branch for repo ugcampus-content-platform-static are:   
Cleanup completed... for ugcampus-content-platform-static
******************************-----------******************************
working on repo ugcampus-delivery-platform-api ........ 
************* Processing for branch: staging *************
branch 'staging' set up to track 'origin/staging'.
file already exist skip remaining steps....
Actioned perform on branch for repo ugcampus-delivery-platform-api are:   
Cleanup completed... for ugcampus-delivery-platform-api
******************************-----------******************************
working on repo ugcampus-delivery-platform-auth ........ 
************* Processing for branch: staging *************
branch 'staging' set up to track 'origin/staging'.
file already exist skip remaining steps....
Actioned perform on branch for repo ugcampus-delivery-platform-auth are:   
Cleanup completed... for ugcampus-delivery-platform-auth
******************************-----------******************************
working on repo ugcampus-delivery-platform-static ........ 
************* Processing for branch: staging *************
branch 'staging' set up to track 'origin/staging'.
file already exist skip remaining steps....
Actioned perform on branch for repo ugcampus-delivery-platform-static are:   
Cleanup completed... for ugcampus-delivery-platform-static
******************************-----------******************************
working on repo ugcampus-delivery-platform-webapp ........ 
************* Processing for branch: staging *************
branch 'staging' set up to track 'origin/staging'.
file already exist skip remaining steps....
Actioned perform on branch for repo ugcampus-delivery-platform-webapp are:   
Cleanup completed... for ugcampus-delivery-platform-webapp
******************************-----------******************************
working on repo ugcampus-main-mongodb ........ 
************* Processing for branch: staging *************
branch 'staging' set up to track 'origin/staging'.
On branch staging
Your branch is up to date with 'origin/staging'.

nothing to commit, working tree clean
Actioned perform on branch for repo ugcampus-main-mongodb are: staging  
Cleanup completed... for ugcampus-main-mongodb
******************************-----------******************************
working on repo ugcampus-main-gateway ........ 
************* Processing for branch: staging *************
branch 'staging' set up to track 'origin/staging'.
file already exist skip remaining steps....
Actioned perform on branch for repo ugcampus-main-gateway are:   
Cleanup completed... for ugcampus-main-gateway
******************************-----------******************************
working on repo ugcampus-content-platform-webapp ........ 
************* Processing for branch: staging *************
branch 'staging' set up to track 'origin/staging'.
file already exist skip remaining steps....
Actioned perform on branch for repo ugcampus-content-platform-webapp are:   
Cleanup completed... for ugcampus-content-platform-webapp
******************************-----------******************************
working on repo asgard ........ 
************* Processing for branch: dashboard/header+navbar *************
branch 'dashboard/header+navbar' set up to track 'origin/dashboard/header+navbar'.
file already exist skip remaining steps....
************* Processing for branch: dashboard/reload-issue *************
branch 'dashboard/reload-issue' set up to track 'origin/dashboard/reload-issue'.
file already exist skip remaining steps....
************* Processing for branch: dev-asgard *************
branch 'dev-asgard' set up to track 'origin/dev-asgard'.
file already exist skip remaining steps....
************* Processing for branch: develop *************
branch 'develop' set up to track 'origin/develop'.
file already exist skip remaining steps....
************* Processing for branch: feature/architecture-changes *************
branch 'feature/architecture-changes' set up to track 'origin/feature/architecture-changes'.
file already exist skip remaining steps....
************* Processing for branch: feature/editInstitute-loader-multiselect *************
branch 'feature/editInstitute-loader-multiselect' set up to track 'origin/feature/editInstitute-loader-multiselect'.
file already exist skip remaining steps....
************* Processing for branch: feature/sesssion_and_recording *************
branch 'feature/sesssion_and_recording' set up to track 'origin/feature/sesssion_and_recording'.
file already exist skip remaining steps....
Actioned perform on branch for repo asgard are:   
Cleanup completed... for asgard
******************************-----------******************************
working on repo falkenwebapp ........ 
Actioned perform on branch for repo falkenwebapp are:   
Cleanup completed... for falkenwebapp
******************************-----------******************************
working on repo ug2ugc ........ 
************* Processing for branch: develop *************
branch 'develop' set up to track 'origin/develop'.
file already exist skip remaining steps....
************* Processing for branch: feature/new-format *************
branch 'feature/new-format' set up to track 'origin/feature/new-format'.
file already exist skip remaining steps....
************* Processing for branch: feature/ug-quiz-changes *************
branch 'feature/ug-quiz-changes' set up to track 'origin/feature/ug-quiz-changes'.
file already exist skip remaining steps....
************* Processing for branch: feature/ugc *************
branch 'feature/ugc' set up to track 'origin/feature/ugc'.
file already exist skip remaining steps....
************* Processing for branch: fix/courseId-addon *************
branch 'fix/courseId-addon' set up to track 'origin/fix/courseId-addon'.
file already exist skip remaining steps....
************* Processing for branch: sushant-feature/data-transfer-temp-to-falken *************
branch 'sushant-feature/data-transfer-temp-to-falken' set up to track 'origin/sushant-feature/data-transfer-temp-to-falken'.
file already exist skip remaining steps....
Actioned perform on branch for repo ug2ugc are:   
Cleanup completed... for ug2ugc
******************************-----------******************************
working on repo janus ........ 
************* Processing for branch: delayed-switch *************
branch 'delayed-switch' set up to track 'origin/delayed-switch'.
file already exist skip remaining steps....
************* Processing for branch: echo_canceller *************
branch 'echo_canceller' set up to track 'origin/echo_canceller'.
file already exist skip remaining steps....
************* Processing for branch: falken-janus *************
branch 'falken-janus' set up to track 'origin/falken-janus'.
file already exist skip remaining steps....
************* Processing for branch: fr-simulcast-scale *************
branch 'fr-simulcast-scale' set up to track 'origin/fr-simulcast-scale'.
file already exist skip remaining steps....
************* Processing for branch: fullmoon-janus *************
Your branch is up to date with 'origin/fullmoon-janus'.
file already exist skip remaining steps....
************* Processing for branch: imp-vcsdk-from-master *************
branch 'imp-vcsdk-from-master' set up to track 'origin/imp-vcsdk-from-master'.
file already exist skip remaining steps....
************* Processing for branch: imp0.4.2 *************
branch 'imp0.4.2' set up to track 'origin/imp0.4.2'.
file already exist skip remaining steps....
************* Processing for branch: imp_multistream *************
branch 'imp_multistream' set up to track 'origin/imp_multistream'.
file already exist skip remaining steps....
************* Processing for branch: imp_vcstack125 *************
branch 'imp_vcstack125' set up to track 'origin/imp_vcstack125'.
file already exist skip remaining steps....
************* Processing for branch: impmaster *************
branch 'impmaster' set up to track 'origin/impmaster'.
file already exist skip remaining steps....
************* Processing for branch: janus_crash_fix *************
branch 'janus_crash_fix' set up to track 'origin/janus_crash_fix'.
file already exist skip remaining steps....
Actioned perform on branch for repo janus are:   
Cleanup completed... for janus
******************************-----------******************************
working on repo htd ........ 
Actioned perform on branch for repo htd are:   
Cleanup completed... for htd
******************************-----------******************************
working on repo fullmoon-lambdas ........ 
Actioned perform on branch for repo fullmoon-lambdas are:   
Cleanup completed... for fullmoon-lambdas
******************************-----------******************************
working on repo fetchvideojs ........ 
************* Processing for branch: ab_13_errors *************
branch 'ab_13_errors' set up to track 'origin/ab_13_errors'.
file already exist skip remaining steps....
************* Processing for branch: ab_aws_media *************
branch 'ab_aws_media' set up to track 'origin/ab_aws_media'.
file already exist skip remaining steps....
************* Processing for branch: ab_fetcvideo_jwt *************
branch 'ab_fetcvideo_jwt' set up to track 'origin/ab_fetcvideo_jwt'.
file already exist skip remaining steps....
************* Processing for branch: ab_vc_3_views *************
branch 'ab_vc_3_views' set up to track 'origin/ab_vc_3_views'.
file already exist skip remaining steps....
************* Processing for branch: ab_video_play_errors *************
branch 'ab_video_play_errors' set up to track 'origin/ab_video_play_errors'.
file already exist skip remaining steps....
************* Processing for branch: develop *************
branch 'develop' set up to track 'origin/develop'.
file already exist skip remaining steps....
************* Processing for branch: gp_vc_3_views *************
branch 'gp_vc_3_views' set up to track 'origin/gp_vc_3_views'.
file already exist skip remaining steps....
************* Processing for branch: gps_fc_fv *************
branch 'gps_fc_fv' set up to track 'origin/gps_fc_fv'.
file already exist skip remaining steps....
************* Processing for branch: gps_fetchvideo *************
branch 'gps_fetchvideo' set up to track 'origin/gps_fetchvideo'.
file already exist skip remaining steps....
************* Processing for branch: gps_nuc *************
branch 'gps_nuc' set up to track 'origin/gps_nuc'.
file already exist skip remaining steps....
************* Processing for branch: oracle *************
branch 'oracle' set up to track 'origin/oracle'.
file already exist skip remaining steps....
************* Processing for branch: prod *************
branch 'prod' set up to track 'origin/prod'.
file already exist skip remaining steps....
************* Processing for branch: sja *************
branch 'sja' set up to track 'origin/sja'.
file already exist skip remaining steps....
************* Processing for branch: vc2 *************
branch 'vc2' set up to track 'origin/vc2'.
file already exist skip remaining steps....
************* Processing for branch: vpn_playback *************
branch 'vpn_playback' set up to track 'origin/vpn_playback'.
file already exist skip remaining steps....
Actioned perform on branch for repo fetchvideojs are:   
Cleanup completed... for fetchvideojs
******************************-----------******************************
working on repo vc_cpu_req_modifier ........ 
Actioned perform on branch for repo vc_cpu_req_modifier are:   
Cleanup completed... for vc_cpu_req_modifier
******************************-----------******************************
working on repo vc_participants_estimator ........ 
Actioned perform on branch for repo vc_participants_estimator are:   
Cleanup completed... for vc_participants_estimator
******************************-----------******************************
working on repo ltisync_snu ........ 
Actioned perform on branch for repo ltisync_snu are:   
Cleanup completed... for ltisync_snu
******************************-----------******************************
working on repo filepreview ........ 
Actioned perform on branch for repo filepreview are:   
Cleanup completed... for filepreview
******************************-----------******************************
working on repo impartus_vc_billing ........ 
Actioned perform on branch for repo impartus_vc_billing are:   
Cleanup completed... for impartus_vc_billing
******************************-----------******************************
working on repo vpndiagnostics ........ 
Actioned perform on branch for repo vpndiagnostics are:   
Cleanup completed... for vpndiagnostics
******************************-----------******************************
working on repo dblessrecordingservice ........ 
************* Processing for branch: IRS_worker_model *************
branch 'IRS_worker_model' set up to track 'origin/IRS_worker_model'.
file already exist skip remaining steps....
************* Processing for branch: alok_bugfixes *************
branch 'alok_bugfixes' set up to track 'origin/alok_bugfixes'.
file already exist skip remaining steps....
************* Processing for branch: br_2_0_1 *************
branch 'br_2_0_1' set up to track 'origin/br_2_0_1'.
file already exist skip remaining steps....
************* Processing for branch: br_2_0_2 *************
branch 'br_2_0_2' set up to track 'origin/br_2_0_2'.
file already exist skip remaining steps....
************* Processing for branch: br_2_0_3 *************
branch 'br_2_0_3' set up to track 'origin/br_2_0_3'.
file already exist skip remaining steps....
************* Processing for branch: br_2_1_1 *************
branch 'br_2_1_1' set up to track 'origin/br_2_1_1'.
file already exist skip remaining steps....
************* Processing for branch: br_2_1_2 *************
branch 'br_2_1_2' set up to track 'origin/br_2_1_2'.
file already exist skip remaining steps....
************* Processing for branch: br_2_1_3 *************
branch 'br_2_1_3' set up to track 'origin/br_2_1_3'.
file already exist skip remaining steps....
************* Processing for branch: br_2_1_4 *************
branch 'br_2_1_4' set up to track 'origin/br_2_1_4'.
file already exist skip remaining steps....
************* Processing for branch: br_2_1_5 *************
branch 'br_2_1_5' set up to track 'origin/br_2_1_5'.
file already exist skip remaining steps....
************* Processing for branch: br_2_2_0 *************
branch 'br_2_2_0' set up to track 'origin/br_2_2_0'.
file already exist skip remaining steps....
************* Processing for branch: br_2_2_1 *************
branch 'br_2_2_1' set up to track 'origin/br_2_2_1'.
file already exist skip remaining steps....
************* Processing for branch: br_2_2_2 *************
branch 'br_2_2_2' set up to track 'origin/br_2_2_2'.
file already exist skip remaining steps....
************* Processing for branch: br_2_3_0 *************
branch 'br_2_3_0' set up to track 'origin/br_2_3_0'.
file already exist skip remaining steps....
************* Processing for branch: br_2_4_0 *************
branch 'br_2_4_0' set up to track 'origin/br_2_4_0'.
file already exist skip remaining steps....
************* Processing for branch: br_2_4_1 *************
branch 'br_2_4_1' set up to track 'origin/br_2_4_1'.
file already exist skip remaining steps....
************* Processing for branch: br_2_4_2 *************
branch 'br_2_4_2' set up to track 'origin/br_2_4_2'.
file already exist skip remaining steps....
************* Processing for branch: br_2_5_0 *************
branch 'br_2_5_0' set up to track 'origin/br_2_5_0'.
file already exist skip remaining steps....
************* Processing for branch: br_3_0_0 *************
branch 'br_3_0_0' set up to track 'origin/br_3_0_0'.
file already exist skip remaining steps....
************* Processing for branch: develop *************
branch 'develop' set up to track 'origin/develop'.
file already exist skip remaining steps....
************* Processing for branch: ebin_bug_fix *************
branch 'ebin_bug_fix' set up to track 'origin/ebin_bug_fix'.
file already exist skip remaining steps....
************* Processing for branch: ebin_configBugFix *************
branch 'ebin_configBugFix' set up to track 'origin/ebin_configBugFix'.
file already exist skip remaining steps....
************* Processing for branch: ebin_dev *************
branch 'ebin_dev' set up to track 'origin/ebin_dev'.
file already exist skip remaining steps....
************* Processing for branch: echo_cancelled_live *************
branch 'echo_cancelled_live' set up to track 'origin/echo_cancelled_live'.
file already exist skip remaining steps....
************* Processing for branch: fb_changes *************
branch 'fb_changes' set up to track 'origin/fb_changes'.
file already exist skip remaining steps....
************* Processing for branch: feature/et/dockerized-build *************
branch 'feature/et/dockerized-build' set up to track 'origin/feature/et/dockerized-build'.
file already exist skip remaining steps....
************* Processing for branch: feature/et/mp4-creation *************
branch 'feature/et/mp4-creation' set up to track 'origin/feature/et/mp4-creation'.
file already exist skip remaining steps....
************* Processing for branch: fix/et/pixel-format-issue *************
branch 'fix/et/pixel-format-issue' set up to track 'origin/fix/et/pixel-format-issue'.
file already exist skip remaining steps....
************* Processing for branch: nvenc_support *************
branch 'nvenc_support' set up to track 'origin/nvenc_support'.
file already exist skip remaining steps....
************* Processing for branch: old-develop *************
branch 'old-develop' set up to track 'origin/old-develop'.
file already exist skip remaining steps....
************* Processing for branch: rpi_wheezy *************
branch 'rpi_wheezy' set up to track 'origin/rpi_wheezy'.
file already exist skip remaining steps....
************* Processing for branch: satyam-dev *************
branch 'satyam-dev' set up to track 'origin/satyam-dev'.
file already exist skip remaining steps....
************* Processing for branch: sja-subtitle-generation *************
branch 'sja-subtitle-generation' set up to track 'origin/sja-subtitle-generation'.
file already exist skip remaining steps....
************* Processing for branch: ubuntu_16_switch *************
branch 'ubuntu_16_switch' set up to track 'origin/ubuntu_16_switch'.
file already exist skip remaining steps....
Actioned perform on branch for repo dblessrecordingservice are:   
Cleanup completed... for dblessrecordingservice
******************************-----------******************************
working on repo ugcservices-batch-job ........ 
************* Processing for branch: develop *************
branch 'develop' set up to track 'origin/develop'.
file already exist skip remaining steps....
Actioned perform on branch for repo ugcservices-batch-job are:   
Cleanup completed... for ugcservices-batch-job
******************************-----------******************************
working on repo ltisync_docker ........ 
************* Processing for branch: brightspace-integration *************
branch 'brightspace-integration' set up to track 'origin/brightspace-integration'.
file already exist skip remaining steps....
Actioned perform on branch for repo ltisync_docker are:   
Cleanup completed... for ltisync_docker
******************************-----------******************************
working on repo ugcgreivance ........ 
************* Processing for branch: develop *************
branch 'develop' set up to track 'origin/develop'.
file already exist skip remaining steps....
************* Processing for branch: develop-udit *************
branch 'develop-udit' set up to track 'origin/develop-udit'.
file already exist skip remaining steps....
************* Processing for branch: grievances-udit *************
branch 'grievances-udit' set up to track 'origin/grievances-udit'.
file already exist skip remaining steps....
************* Processing for branch: changes/greivanceForm *************
file already exist skip remaining steps....
Actioned perform on branch for repo ugcgreivance are:   
Cleanup completed... for ugcgreivance
******************************-----------******************************
working on repo feed ........ 
************* Processing for branch: feature/save-notifications *************
branch 'feature/save-notifications' set up to track 'origin/feature/save-notifications'.
file already exist skip remaining steps....
Actioned perform on branch for repo feed are:   
Cleanup completed... for feed
******************************-----------******************************
working on repo electron-package ........ 
Actioned perform on branch for repo electron-package are:   
Cleanup completed... for electron-package
******************************-----------******************************
working on repo falken-bc-video-pull ........ 
Actioned perform on branch for repo falken-bc-video-pull are:   
Cleanup completed... for falken-bc-video-pull
******************************-----------******************************
working on repo falken_ios ........ 
Actioned perform on branch for repo falken_ios are:   
Cleanup completed... for falken_ios
******************************-----------******************************
working on repo falken ........ 
************* Processing for branch: ak/fixes *************
branch 'ak/fixes' set up to track 'origin/ak/fixes'.
file already exist skip remaining steps....
************* Processing for branch: bug-fixes/ak/desktop-version *************
branch 'bug-fixes/ak/desktop-version' set up to track 'origin/bug-fixes/ak/desktop-version'.
file already exist skip remaining steps....
************* Processing for branch: bug-fixes/ak/jira *************
branch 'bug-fixes/ak/jira' set up to track 'origin/bug-fixes/ak/jira'.
file already exist skip remaining steps....
************* Processing for branch: bug-fixes/ak/jira-tickets *************
branch 'bug-fixes/ak/jira-tickets' set up to track 'origin/bug-fixes/ak/jira-tickets'.
file already exist skip remaining steps....
************* Processing for branch: bug/course-null *************
branch 'bug/course-null' set up to track 'origin/bug/course-null'.
file already exist skip remaining steps....
************* Processing for branch: bug/course-state-issue *************
branch 'bug/course-state-issue' set up to track 'origin/bug/course-state-issue'.
file already exist skip remaining steps....
************* Processing for branch: bug/percent-height *************
branch 'bug/percent-height' set up to track 'origin/bug/percent-height'.
file already exist skip remaining steps....
************* Processing for branch: bugs/calendar-web *************
branch 'bugs/calendar-web' set up to track 'origin/bugs/calendar-web'.
file already exist skip remaining steps....
************* Processing for branch: calendar/bug-fixes *************
branch 'calendar/bug-fixes' set up to track 'origin/calendar/bug-fixes'.
file already exist skip remaining steps....
************* Processing for branch: calendar/masterclass-calls *************
branch 'calendar/masterclass-calls' set up to track 'origin/calendar/masterclass-calls'.
file already exist skip remaining steps....
************* Processing for branch: changes/client-architecture *************
branch 'changes/client-architecture' set up to track 'origin/changes/client-architecture'.
file already exist skip remaining steps....
************* Processing for branch: changes/dashboard-header-christmas *************
branch 'changes/dashboard-header-christmas' set up to track 'origin/changes/dashboard-header-christmas'.
file already exist skip remaining steps....
************* Processing for branch: changes/dashboard-sb *************
branch 'changes/dashboard-sb' set up to track 'origin/changes/dashboard-sb'.
file already exist skip remaining steps....
************* Processing for branch: changes/guest-user *************
branch 'changes/guest-user' set up to track 'origin/changes/guest-user'.
file already exist skip remaining steps....
************* Processing for branch: courses/likes *************
branch 'courses/likes' set up to track 'origin/courses/likes'.
file already exist skip remaining steps....
************* Processing for branch: courses/percentage-completed *************
branch 'courses/percentage-completed' set up to track 'origin/courses/percentage-completed'.
file already exist skip remaining steps....
************* Processing for branch: courses/release-changes *************
branch 'courses/release-changes' set up to track 'origin/courses/release-changes'.
file already exist skip remaining steps....
************* Processing for branch: courses/ui-fixes *************
branch 'courses/ui-fixes' set up to track 'origin/courses/ui-fixes'.
file already exist skip remaining steps....
************* Processing for branch: courses/video-player *************
branch 'courses/video-player' set up to track 'origin/courses/video-player'.
file already exist skip remaining steps....
************* Processing for branch: dashboard/no-loader *************
branch 'dashboard/no-loader' set up to track 'origin/dashboard/no-loader'.
file already exist skip remaining steps....
************* Processing for branch: desktop/ak/doubt-screens *************
branch 'desktop/ak/doubt-screens' set up to track 'origin/desktop/ak/doubt-screens'.
file already exist skip remaining steps....
************* Processing for branch: desktop/alok *************
branch 'desktop/alok' set up to track 'origin/desktop/alok'.
file already exist skip remaining steps....
************* Processing for branch: desktop/develop *************
branch 'desktop/develop' set up to track 'origin/desktop/develop'.
file already exist skip remaining steps....
************* Processing for branch: develop *************
branch 'develop' set up to track 'origin/develop'.
file already exist skip remaining steps....
************* Processing for branch: falken/stable/dev *************
branch 'falken/stable/dev' set up to track 'origin/falken/stable/dev'.
file already exist skip remaining steps....
************* Processing for branch: featuer/mycalls-api *************
branch 'featuer/mycalls-api' set up to track 'origin/featuer/mycalls-api'.
file already exist skip remaining steps....
************* Processing for branch: feature/HideFooter *************
branch 'feature/HideFooter' set up to track 'origin/feature/HideFooter'.
file already exist skip remaining steps....
************* Processing for branch: feature/Popup *************
branch 'feature/Popup' set up to track 'origin/feature/Popup'.
file already exist skip remaining steps....
************* Processing for branch: feature/VC-one-on-one *************
branch 'feature/VC-one-on-one' set up to track 'origin/feature/VC-one-on-one'.
file already exist skip remaining steps....
************* Processing for branch: feature/ak-doubts *************
branch 'feature/ak-doubts' set up to track 'origin/feature/ak-doubts'.
file already exist skip remaining steps....
************* Processing for branch: feature/ak-doubts-answers *************
branch 'feature/ak-doubts-answers' set up to track 'origin/feature/ak-doubts-answers'.
file already exist skip remaining steps....
************* Processing for branch: feature/ak/closing-referrals *************
branch 'feature/ak/closing-referrals' set up to track 'origin/feature/ak/closing-referrals'.
file already exist skip remaining steps....
************* Processing for branch: feature/ak/create-doubt-flow *************
branch 'feature/ak/create-doubt-flow' set up to track 'origin/feature/ak/create-doubt-flow'.
file already exist skip remaining steps....
************* Processing for branch: feature/ak/css-corrections *************
branch 'feature/ak/css-corrections' set up to track 'origin/feature/ak/css-corrections'.
file already exist skip remaining steps....
************* Processing for branch: feature/ak/doubt-assignment *************
branch 'feature/ak/doubt-assignment' set up to track 'origin/feature/ak/doubt-assignment'.
file already exist skip remaining steps....
************* Processing for branch: feature/ak/doubt-create-checks *************
branch 'feature/ak/doubt-create-checks' set up to track 'origin/feature/ak/doubt-create-checks'.
file already exist skip remaining steps....
************* Processing for branch: feature/ak/doubts-lp *************
branch 'feature/ak/doubts-lp' set up to track 'origin/feature/ak/doubts-lp'.
file already exist skip remaining steps....
************* Processing for branch: feature/ak/flow-expert-doubts *************
branch 'feature/ak/flow-expert-doubts' set up to track 'origin/feature/ak/flow-expert-doubts'.
file already exist skip remaining steps....
************* Processing for branch: feature/ak/flow-integration *************
branch 'feature/ak/flow-integration' set up to track 'origin/feature/ak/flow-integration'.
file already exist skip remaining steps....
************* Processing for branch: feature/ak/flow-search-n-doubt *************
branch 'feature/ak/flow-search-n-doubt' set up to track 'origin/feature/ak/flow-search-n-doubt'.
file already exist skip remaining steps....
************* Processing for branch: feature/ak/jobs-api-integrations *************
branch 'feature/ak/jobs-api-integrations' set up to track 'origin/feature/ak/jobs-api-integrations'.
file already exist skip remaining steps....
************* Processing for branch: feature/ak/jobs-assessment *************
branch 'feature/ak/jobs-assessment' set up to track 'origin/feature/ak/jobs-assessment'.
file already exist skip remaining steps....
************* Processing for branch: feature/ak/one-arcade *************
branch 'feature/ak/one-arcade' set up to track 'origin/feature/ak/one-arcade'.
file already exist skip remaining steps....
************* Processing for branch: feature/ak/redux-api-integration *************
branch 'feature/ak/redux-api-integration' set up to track 'origin/feature/ak/redux-api-integration'.
file already exist skip remaining steps....
************* Processing for branch: feature/ak/search-ask-experts *************
branch 'feature/ak/search-ask-experts' set up to track 'origin/feature/ak/search-ask-experts'.
file already exist skip remaining steps....
************* Processing for branch: feature/ak/search-doubt-answer *************
branch 'feature/ak/search-doubt-answer' set up to track 'origin/feature/ak/search-doubt-answer'.
file already exist skip remaining steps....
************* Processing for branch: feature/ak/t1-result-navigation *************
branch 'feature/ak/t1-result-navigation' set up to track 'origin/feature/ak/t1-result-navigation'.
file already exist skip remaining steps....
************* Processing for branch: feature/api-calendar-fix *************
branch 'feature/api-calendar-fix' set up to track 'origin/feature/api-calendar-fix'.
file already exist skip remaining steps....
************* Processing for branch: feature/architecture *************
branch 'feature/architecture' set up to track 'origin/feature/architecture'.
file already exist skip remaining steps....
************* Processing for branch: feature/atoms-sk *************
branch 'feature/atoms-sk' set up to track 'origin/feature/atoms-sk'.
file already exist skip remaining steps....
************* Processing for branch: feature/call-details-page *************
branch 'feature/call-details-page' set up to track 'origin/feature/call-details-page'.
file already exist skip remaining steps....
************* Processing for branch: feature/campus-videos *************
branch 'feature/campus-videos' set up to track 'origin/feature/campus-videos'.
file already exist skip remaining steps....
************* Processing for branch: feature/chat *************
branch 'feature/chat' set up to track 'origin/feature/chat'.
file already exist skip remaining steps....
************* Processing for branch: feature/core-layout *************
branch 'feature/core-layout' set up to track 'origin/feature/core-layout'.
file already exist skip remaining steps....
************* Processing for branch: feature/course-list *************
branch 'feature/course-list' set up to track 'origin/feature/course-list'.
file already exist skip remaining steps....
************* Processing for branch: feature/course-list-api *************
branch 'feature/course-list-api' set up to track 'origin/feature/course-list-api'.
file already exist skip remaining steps....
************* Processing for branch: feature/course-list-web *************
branch 'feature/course-list-web' set up to track 'origin/feature/course-list-web'.
file already exist skip remaining steps....
************* Processing for branch: feature/course-quiz *************
branch 'feature/course-quiz' set up to track 'origin/feature/course-quiz'.
file already exist skip remaining steps....
************* Processing for branch: feature/courses-web *************
branch 'feature/courses-web' set up to track 'origin/feature/courses-web'.
file already exist skip remaining steps....
************* Processing for branch: feature/doubts-add-api *************
branch 'feature/doubts-add-api' set up to track 'origin/feature/doubts-add-api'.
file already exist skip remaining steps....
************* Processing for branch: feature/draggable-popup *************
branch 'feature/draggable-popup' set up to track 'origin/feature/draggable-popup'.
file already exist skip remaining steps....
************* Processing for branch: feature/dts-ceipal *************
branch 'feature/dts-ceipal' set up to track 'origin/feature/dts-ceipal'.
file already exist skip remaining steps....
************* Processing for branch: feature/encrypt-user-data *************
branch 'feature/encrypt-user-data' set up to track 'origin/feature/encrypt-user-data'.
file already exist skip remaining steps....
************* Processing for branch: feature/expert-ui *************
branch 'feature/expert-ui' set up to track 'origin/feature/expert-ui'.
file already exist skip remaining steps....
************* Processing for branch: feature/header-component *************
branch 'feature/header-component' set up to track 'origin/feature/header-component'.
file already exist skip remaining steps....
************* Processing for branch: feature/hp/expert-rating *************
branch 'feature/hp/expert-rating' set up to track 'origin/feature/hp/expert-rating'.
file already exist skip remaining steps....
************* Processing for branch: feature/hp/otp *************
branch 'feature/hp/otp' set up to track 'origin/feature/hp/otp'.
file already exist skip remaining steps....
************* Processing for branch: feature/hp/prev-year-question *************
branch 'feature/hp/prev-year-question' set up to track 'origin/feature/hp/prev-year-question'.
file already exist skip remaining steps....
************* Processing for branch: feature/hp/profile-web *************
branch 'feature/hp/profile-web' set up to track 'origin/feature/hp/profile-web'.
file already exist skip remaining steps....
************* Processing for branch: feature/hp/streak *************
branch 'feature/hp/streak' set up to track 'origin/feature/hp/streak'.
file already exist skip remaining steps....
************* Processing for branch: feature/hp/time-tracker *************
branch 'feature/hp/time-tracker' set up to track 'origin/feature/hp/time-tracker'.
file already exist skip remaining steps....
************* Processing for branch: feature/hp/url-share *************
branch 'feature/hp/url-share' set up to track 'origin/feature/hp/url-share'.
file already exist skip remaining steps....
************* Processing for branch: feature/import-jobs-xlsx *************
branch 'feature/import-jobs-xlsx' set up to track 'origin/feature/import-jobs-xlsx'.
file already exist skip remaining steps....
************* Processing for branch: feature/infinite-scroll/feed *************
branch 'feature/infinite-scroll/feed' set up to track 'origin/feature/infinite-scroll/feed'.
file already exist skip remaining steps....
************* Processing for branch: feature/jobs-api *************
branch 'feature/jobs-api' set up to track 'origin/feature/jobs-api'.
file already exist skip remaining steps....
************* Processing for branch: feature/jobs-ui *************
branch 'feature/jobs-ui' set up to track 'origin/feature/jobs-ui'.
file already exist skip remaining steps....
************* Processing for branch: feature/login *************
branch 'feature/login' set up to track 'origin/feature/login'.
file already exist skip remaining steps....
************* Processing for branch: feature/login-screen *************
branch 'feature/login-screen' set up to track 'origin/feature/login-screen'.
file already exist skip remaining steps....
************* Processing for branch: feature/masterclass-api-architecture *************
branch 'feature/masterclass-api-architecture' set up to track 'origin/feature/masterclass-api-architecture'.
file already exist skip remaining steps....
************* Processing for branch: feature/module-group-modules *************
branch 'feature/module-group-modules' set up to track 'origin/feature/module-group-modules'.
file already exist skip remaining steps....
************* Processing for branch: feature/navbar-popups *************
branch 'feature/navbar-popups' set up to track 'origin/feature/navbar-popups'.
file already exist skip remaining steps....
************* Processing for branch: feature/notifications *************
branch 'feature/notifications' set up to track 'origin/feature/notifications'.
file already exist skip remaining steps....
************* Processing for branch: feature/one-arcade *************
branch 'feature/one-arcade' set up to track 'origin/feature/one-arcade'.
file already exist skip remaining steps....
************* Processing for branch: feature/polls-ui *************
branch 'feature/polls-ui' set up to track 'origin/feature/polls-ui'.
file already exist skip remaining steps....
************* Processing for branch: feature/profile *************
branch 'feature/profile' set up to track 'origin/feature/profile'.
file already exist skip remaining steps....
************* Processing for branch: feature/profile-add-api *************
branch 'feature/profile-add-api' set up to track 'origin/feature/profile-add-api'.
file already exist skip remaining steps....
************* Processing for branch: feature/referral-info *************
branch 'feature/referral-info' set up to track 'origin/feature/referral-info'.
file already exist skip remaining steps....
************* Processing for branch: feature/referral-list *************
branch 'feature/referral-list' set up to track 'origin/feature/referral-list'.
file already exist skip remaining steps....
************* Processing for branch: feature/schedule-call *************
branch 'feature/schedule-call' set up to track 'origin/feature/schedule-call'.
file already exist skip remaining steps....
************* Processing for branch: feature/segment-components *************
branch 'feature/segment-components' set up to track 'origin/feature/segment-components'.
file already exist skip remaining steps....
************* Processing for branch: feature/sessions-list *************
branch 'feature/sessions-list' set up to track 'origin/feature/sessions-list'.
file already exist skip remaining steps....
************* Processing for branch: feature/side-bar-fixes *************
branch 'feature/side-bar-fixes' set up to track 'origin/feature/side-bar-fixes'.
file already exist skip remaining steps....
************* Processing for branch: feature/skeletons *************
branch 'feature/skeletons' set up to track 'origin/feature/skeletons'.
file already exist skip remaining steps....
************* Processing for branch: feature/st-feed-api *************
branch 'feature/st-feed-api' set up to track 'origin/feature/st-feed-api'.
file already exist skip remaining steps....
************* Processing for branch: feature/st/app-tour *************
branch 'feature/st/app-tour' set up to track 'origin/feature/st/app-tour'.
file already exist skip remaining steps....
************* Processing for branch: feature/st/desktop-ui-feed *************
branch 'feature/st/desktop-ui-feed' set up to track 'origin/feature/st/desktop-ui-feed'.
file already exist skip remaining steps....
************* Processing for branch: feature/st/id-card-verification *************
branch 'feature/st/id-card-verification' set up to track 'origin/feature/st/id-card-verification'.
file already exist skip remaining steps....
************* Processing for branch: feature/st/job-assessment-guide *************
branch 'feature/st/job-assessment-guide' set up to track 'origin/feature/st/job-assessment-guide'.
file already exist skip remaining steps....
************* Processing for branch: feature/st/jrt-client-migration *************
branch 'feature/st/jrt-client-migration' set up to track 'origin/feature/st/jrt-client-migration'.
file already exist skip remaining steps....
************* Processing for branch: feature/st/jrt-integration *************
branch 'feature/st/jrt-integration' set up to track 'origin/feature/st/jrt-integration'.
file already exist skip remaining steps....
************* Processing for branch: feature/st/likes-api *************
branch 'feature/st/likes-api' set up to track 'origin/feature/st/likes-api'.
file already exist skip remaining steps....
************* Processing for branch: feature/st/pre-signup-flow *************
branch 'feature/st/pre-signup-flow' set up to track 'origin/feature/st/pre-signup-flow'.
file already exist skip remaining steps....
************* Processing for branch: feature/st/profile-ui *************
branch 'feature/st/profile-ui' set up to track 'origin/feature/st/profile-ui'.
file already exist skip remaining steps....
************* Processing for branch: feature/st/quill-js *************
branch 'feature/st/quill-js' set up to track 'origin/feature/st/quill-js'.
file already exist skip remaining steps....
************* Processing for branch: feature/st/referral-and-settings-ui *************
branch 'feature/st/referral-and-settings-ui' set up to track 'origin/feature/st/referral-and-settings-ui'.
file already exist skip remaining steps....
************* Processing for branch: feature/st/side-menu-navigation *************
branch 'feature/st/side-menu-navigation' set up to track 'origin/feature/st/side-menu-navigation'.
file already exist skip remaining steps....
************* Processing for branch: feature/st/skeleton-ui-feed *************
branch 'feature/st/skeleton-ui-feed' set up to track 'origin/feature/st/skeleton-ui-feed'.
file already exist skip remaining steps....
************* Processing for branch: feature/st/web-ui-side-nav *************
branch 'feature/st/web-ui-side-nav' set up to track 'origin/feature/st/web-ui-side-nav'.
file already exist skip remaining steps....
************* Processing for branch: feature/toast-message *************
branch 'feature/toast-message' set up to track 'origin/feature/toast-message'.
file already exist skip remaining steps....
************* Processing for branch: feature/update-ESLINT-Prettier *************
branch 'feature/update-ESLINT-Prettier' set up to track 'origin/feature/update-ESLINT-Prettier'.
file already exist skip remaining steps....
************* Processing for branch: feature/update-book-a-call *************
branch 'feature/update-book-a-call' set up to track 'origin/feature/update-book-a-call'.
file already exist skip remaining steps....
************* Processing for branch: feature/upgradCourses-architecture *************
branch 'feature/upgradCourses-architecture' set up to track 'origin/feature/upgradCourses-architecture'.
file already exist skip remaining steps....
************* Processing for branch: feature/user-verification *************
branch 'feature/user-verification' set up to track 'origin/feature/user-verification'.
file already exist skip remaining steps....
************* Processing for branch: feature/web-mycalls *************
branch 'feature/web-mycalls' set up to track 'origin/feature/web-mycalls'.
file already exist skip remaining steps....
************* Processing for branch: feature/whatsapp-integration *************
branch 'feature/whatsapp-integration' set up to track 'origin/feature/whatsapp-integration'.
file already exist skip remaining steps....
************* Processing for branch: feature/ws-mc *************
branch 'feature/ws-mc' set up to track 'origin/feature/ws-mc'.
file already exist skip remaining steps....
************* Processing for branch: fix/ak/pending-tasks *************
branch 'fix/ak/pending-tasks' set up to track 'origin/fix/ak/pending-tasks'.
file already exist skip remaining steps....
************* Processing for branch: fix/ak/release *************
branch 'fix/ak/release' set up to track 'origin/fix/ak/release'.
file already exist skip remaining steps....
************* Processing for branch: fix/code-review *************
branch 'fix/code-review' set up to track 'origin/fix/code-review'.
file already exist skip remaining steps....
************* Processing for branch: fix/courses-bugs *************
branch 'fix/courses-bugs' set up to track 'origin/fix/courses-bugs'.
file already exist skip remaining steps....
************* Processing for branch: fix/dev-env *************
branch 'fix/dev-env' set up to track 'origin/fix/dev-env'.
file already exist skip remaining steps....
************* Processing for branch: fix/diwali-bg *************
branch 'fix/diwali-bg' set up to track 'origin/fix/diwali-bg'.
file already exist skip remaining steps....
************* Processing for branch: fix/equarions-css *************
branch 'fix/equarions-css' set up to track 'origin/fix/equarions-css'.
file already exist skip remaining steps....
************* Processing for branch: fix/equation-fix-2 *************
branch 'fix/equation-fix-2' set up to track 'origin/fix/equation-fix-2'.
file already exist skip remaining steps....
************* Processing for branch: fix/expert-profile *************
branch 'fix/expert-profile' set up to track 'origin/fix/expert-profile'.
file already exist skip remaining steps....
************* Processing for branch: fix/hp/expert-page *************
branch 'fix/hp/expert-page' set up to track 'origin/fix/hp/expert-page'.
file already exist skip remaining steps....
************* Processing for branch: fix/hp/logged-out-routes *************
branch 'fix/hp/logged-out-routes' set up to track 'origin/fix/hp/logged-out-routes'.
file already exist skip remaining steps....
************* Processing for branch: fix/hp/profile-title *************
branch 'fix/hp/profile-title' set up to track 'origin/fix/hp/profile-title'.
file already exist skip remaining steps....
************* Processing for branch: fix/hp/search-scroll *************
branch 'fix/hp/search-scroll' set up to track 'origin/fix/hp/search-scroll'.
file already exist skip remaining steps....
************* Processing for branch: fix/hp/streak *************
branch 'fix/hp/streak' set up to track 'origin/fix/hp/streak'.
file already exist skip remaining steps....
************* Processing for branch: fix/hp/streak-loader *************
branch 'fix/hp/streak-loader' set up to track 'origin/fix/hp/streak-loader'.
file already exist skip remaining steps....
************* Processing for branch: fix/hp/streak-reward *************
branch 'fix/hp/streak-reward' set up to track 'origin/fix/hp/streak-reward'.
file already exist skip remaining steps....
************* Processing for branch: fix/hp/title *************
branch 'fix/hp/title' set up to track 'origin/fix/hp/title'.
file already exist skip remaining steps....
************* Processing for branch: fix/my-calls-page *************
branch 'fix/my-calls-page' set up to track 'origin/fix/my-calls-page'.
file already exist skip remaining steps....
************* Processing for branch: fix/my-calls-ui *************
branch 'fix/my-calls-ui' set up to track 'origin/fix/my-calls-ui'.
file already exist skip remaining steps....
************* Processing for branch: fix/post-activity *************
branch 'fix/post-activity' set up to track 'origin/fix/post-activity'.
file already exist skip remaining steps....
************* Processing for branch: fix/pt/set-default-formatter *************
branch 'fix/pt/set-default-formatter' set up to track 'origin/fix/pt/set-default-formatter'.
file already exist skip remaining steps....
************* Processing for branch: fix/referral-info *************
branch 'fix/referral-info' set up to track 'origin/fix/referral-info'.
file already exist skip remaining steps....
************* Processing for branch: fix/referral-reward *************
branch 'fix/referral-reward' set up to track 'origin/fix/referral-reward'.
file already exist skip remaining steps....
************* Processing for branch: fix/scroll-issue *************
branch 'fix/scroll-issue' set up to track 'origin/fix/scroll-issue'.
file already exist skip remaining steps....
************* Processing for branch: fix/st/doselect-issue *************
branch 'fix/st/doselect-issue' set up to track 'origin/fix/st/doselect-issue'.
file already exist skip remaining steps....
************* Processing for branch: fix/st/paid-courses-prod *************
branch 'fix/st/paid-courses-prod' set up to track 'origin/fix/st/paid-courses-prod'.
file already exist skip remaining steps....
************* Processing for branch: fix/st/redirection-issue *************
branch 'fix/st/redirection-issue' set up to track 'origin/fix/st/redirection-issue'.
file already exist skip remaining steps....
************* Processing for branch: fix/submit-answer-review *************
branch 'fix/submit-answer-review' set up to track 'origin/fix/submit-answer-review'.
file already exist skip remaining steps....
************* Processing for branch: fix/vouchers *************
branch 'fix/vouchers' set up to track 'origin/fix/vouchers'.
file already exist skip remaining steps....
************* Processing for branch: fix/xoxo-redis *************
branch 'fix/xoxo-redis' set up to track 'origin/fix/xoxo-redis'.
file already exist skip remaining steps....
************* Processing for branch: fixes/ak/beta-release *************
branch 'fixes/ak/beta-release' set up to track 'origin/fixes/ak/beta-release'.
file already exist skip remaining steps....
************* Processing for branch: fixes/ak/dashboard-view *************
branch 'fixes/ak/dashboard-view' set up to track 'origin/fixes/ak/dashboard-view'.
file already exist skip remaining steps....
************* Processing for branch: fixes/ak/data-and-css *************
branch 'fixes/ak/data-and-css' set up to track 'origin/fixes/ak/data-and-css'.
file already exist skip remaining steps....
************* Processing for branch: fixes/ak/doubt-char-check *************
branch 'fixes/ak/doubt-char-check' set up to track 'origin/fixes/ak/doubt-char-check'.
file already exist skip remaining steps....
************* Processing for branch: fixes/ak/doubt-n-dash *************
branch 'fixes/ak/doubt-n-dash' set up to track 'origin/fixes/ak/doubt-n-dash'.
file already exist skip remaining steps....
************* Processing for branch: fixes/ak/navigations *************
branch 'fixes/ak/navigations' set up to track 'origin/fixes/ak/navigations'.
file already exist skip remaining steps....
************* Processing for branch: fixes/ak/optimisations *************
branch 'fixes/ak/optimisations' set up to track 'origin/fixes/ak/optimisations'.
file already exist skip remaining steps....
************* Processing for branch: fixes/ak/report-mailer *************
branch 'fixes/ak/report-mailer' set up to track 'origin/fixes/ak/report-mailer'.
file already exist skip remaining steps....
************* Processing for branch: fixes/ak/review-query *************
branch 'fixes/ak/review-query' set up to track 'origin/fixes/ak/review-query'.
file already exist skip remaining steps....
************* Processing for branch: fixes/course-ui-fixes *************
branch 'fixes/course-ui-fixes' set up to track 'origin/fixes/course-ui-fixes'.
file already exist skip remaining steps....
************* Processing for branch: fixes/hp *************
branch 'fixes/hp' set up to track 'origin/fixes/hp'.
file already exist skip remaining steps....
************* Processing for branch: fixes/sk-jira-fixes *************
branch 'fixes/sk-jira-fixes' set up to track 'origin/fixes/sk-jira-fixes'.
file already exist skip remaining steps....
************* Processing for branch: fixes/st/paid-courses *************
branch 'fixes/st/paid-courses' set up to track 'origin/fixes/st/paid-courses'.
file already exist skip remaining steps....
************* Processing for branch: fixes/st/referral-page *************
branch 'fixes/st/referral-page' set up to track 'origin/fixes/st/referral-page'.
file already exist skip remaining steps....
************* Processing for branch: freeze/ak/doubt-mobile *************
branch 'freeze/ak/doubt-mobile' set up to track 'origin/freeze/ak/doubt-mobile'.
file already exist skip remaining steps....
************* Processing for branch: freeze/ak/doubts-dashboard *************
branch 'freeze/ak/doubts-dashboard' set up to track 'origin/freeze/ak/doubts-dashboard'.
file already exist skip remaining steps....
************* Processing for branch: hotfixes/ak/desktop-develop *************
branch 'hotfixes/ak/desktop-develop' set up to track 'origin/hotfixes/ak/desktop-develop'.
file already exist skip remaining steps....
************* Processing for branch: hp/title-change *************
branch 'hp/title-change' set up to track 'origin/hp/title-change'.
file already exist skip remaining steps....
************* Processing for branch: last-stable-master *************
branch 'last-stable-master' set up to track 'origin/last-stable-master'.
file already exist skip remaining steps....
************* Processing for branch: module/ak/quill-js *************
branch 'module/ak/quill-js' set up to track 'origin/module/ak/quill-js'.
file already exist skip remaining steps....
************* Processing for branch: optimisation/ak/doubts *************
branch 'optimisation/ak/doubts' set up to track 'origin/optimisation/ak/doubts'.
file already exist skip remaining steps....
************* Processing for branch: poc/ak/quill-js *************
branch 'poc/ak/quill-js' set up to track 'origin/poc/ak/quill-js'.
file already exist skip remaining steps....
************* Processing for branch: poc/breadcrumbs *************
branch 'poc/breadcrumbs' set up to track 'origin/poc/breadcrumbs'.
file already exist skip remaining steps....
************* Processing for branch: project/scss *************
branch 'project/scss' set up to track 'origin/project/scss'.
file already exist skip remaining steps....
************* Processing for branch: revert-pr-653 *************
branch 'revert-pr-653' set up to track 'origin/revert-pr-653'.
file already exist skip remaining steps....
************* Processing for branch: revert/ak/diwali-changes *************
branch 'revert/ak/diwali-changes' set up to track 'origin/revert/ak/diwali-changes'.
file already exist skip remaining steps....
************* Processing for branch: saketh/ui/fixes *************
branch 'saketh/ui/fixes' set up to track 'origin/saketh/ui/fixes'.
file already exist skip remaining steps....
************* Processing for branch: sb/feature/coins-distribution *************
branch 'sb/feature/coins-distribution' set up to track 'origin/sb/feature/coins-distribution'.
file already exist skip remaining steps....
************* Processing for branch: sb/feature/unauth-section *************
branch 'sb/feature/unauth-section' set up to track 'origin/sb/feature/unauth-section'.
file already exist skip remaining steps....
************* Processing for branch: sb/fixes *************
branch 'sb/fixes' set up to track 'origin/sb/fixes'.
file already exist skip remaining steps....
************* Processing for branch: sk/calendar-courses-fixes *************
branch 'sk/calendar-courses-fixes' set up to track 'origin/sk/calendar-courses-fixes'.
file already exist skip remaining steps....
************* Processing for branch: sk/calls-bugs *************
branch 'sk/calls-bugs' set up to track 'origin/sk/calls-bugs'.
file already exist skip remaining steps....
************* Processing for branch: sk/course-api-updates *************
branch 'sk/course-api-updates' set up to track 'origin/sk/course-api-updates'.
file already exist skip remaining steps....
************* Processing for branch: sk/course-image *************
branch 'sk/course-image' set up to track 'origin/sk/course-image'.
file already exist skip remaining steps....
************* Processing for branch: sk/course/allow-guest *************
branch 'sk/course/allow-guest' set up to track 'origin/sk/course/allow-guest'.
file already exist skip remaining steps....
************* Processing for branch: sk/courses-api-changes *************
branch 'sk/courses-api-changes' set up to track 'origin/sk/courses-api-changes'.
file already exist skip remaining steps....
************* Processing for branch: sk/courses-calendar-web-fixes *************
branch 'sk/courses-calendar-web-fixes' set up to track 'origin/sk/courses-calendar-web-fixes'.
file already exist skip remaining steps....
************* Processing for branch: sk/dashboard-calls *************
branch 'sk/dashboard-calls' set up to track 'origin/sk/dashboard-calls'.
file already exist skip remaining steps....
************* Processing for branch: sk/expert-bugs *************
branch 'sk/expert-bugs' set up to track 'origin/sk/expert-bugs'.
file already exist skip remaining steps....
************* Processing for branch: sk/feed-and-courses *************
branch 'sk/feed-and-courses' set up to track 'origin/sk/feed-and-courses'.
file already exist skip remaining steps....
************* Processing for branch: sk/fixes-calendar *************
branch 'sk/fixes-calendar' set up to track 'origin/sk/fixes-calendar'.
file already exist skip remaining steps....
************* Processing for branch: sk/freez-code *************
branch 'sk/freez-code' set up to track 'origin/sk/freez-code'.
file already exist skip remaining steps....
************* Processing for branch: sk/quiz-ux-changes *************
branch 'sk/quiz-ux-changes' set up to track 'origin/sk/quiz-ux-changes'.
file already exist skip remaining steps....
************* Processing for branch: sk/release-fixes *************
branch 'sk/release-fixes' set up to track 'origin/sk/release-fixes'.
file already exist skip remaining steps....
************* Processing for branch: sk/segment-percent-complete *************
branch 'sk/segment-percent-complete' set up to track 'origin/sk/segment-percent-complete'.
file already exist skip remaining steps....
************* Processing for branch: sk/textfield-bugs *************
branch 'sk/textfield-bugs' set up to track 'origin/sk/textfield-bugs'.
file already exist skip remaining steps....
************* Processing for branch: st/fixes *************
branch 'st/fixes' set up to track 'origin/st/fixes'.
file already exist skip remaining steps....
************* Processing for branch: stable-version/master-28112022 *************
branch 'stable-version/master-28112022' set up to track 'origin/stable-version/master-28112022'.
file already exist skip remaining steps....
************* Processing for branch: staging *************
branch 'staging' set up to track 'origin/staging'.
file already exist skip remaining steps....
************* Processing for branch: sushant/changes/coins-table-delete *************
branch 'sushant/changes/coins-table-delete' set up to track 'origin/sushant/changes/coins-table-delete'.
file already exist skip remaining steps....
************* Processing for branch: sushant/css/fixes *************
branch 'sushant/css/fixes' set up to track 'origin/sushant/css/fixes'.
file already exist skip remaining steps....
************* Processing for branch: sushant/desktop *************
branch 'sushant/desktop' set up to track 'origin/sushant/desktop'.
file already exist skip remaining steps....
************* Processing for branch: sushant/feature/courses-api *************
branch 'sushant/feature/courses-api' set up to track 'origin/sushant/feature/courses-api'.
file already exist skip remaining steps....
************* Processing for branch: sushant/feature/masterclass *************
branch 'sushant/feature/masterclass' set up to track 'origin/sushant/feature/masterclass'.
file already exist skip remaining steps....
************* Processing for branch: sushant/feature/user-details *************
branch 'sushant/feature/user-details' set up to track 'origin/sushant/feature/user-details'.
file already exist skip remaining steps....
************* Processing for branch: sushant/feature/vc *************
branch 'sushant/feature/vc' set up to track 'origin/sushant/feature/vc'.
file already exist skip remaining steps....
************* Processing for branch: sushant/fixes *************
branch 'sushant/fixes' set up to track 'origin/sushant/fixes'.
file already exist skip remaining steps....
************* Processing for branch: sushant/poc/desktop *************
branch 'sushant/poc/desktop' set up to track 'origin/sushant/poc/desktop'.
file already exist skip remaining steps....
************* Processing for branch: trial/infinite-scrol-breadcrumbs *************
branch 'trial/infinite-scrol-breadcrumbs' set up to track 'origin/trial/infinite-scrol-breadcrumbs'.
file already exist skip remaining steps....
************* Processing for branch: update/ak/dashboard *************
branch 'update/ak/dashboard' set up to track 'origin/update/ak/dashboard'.
file already exist skip remaining steps....
************* Processing for branch: update/ak/new-year-insta *************
branch 'update/ak/new-year-insta' set up to track 'origin/update/ak/new-year-insta'.
file already exist skip remaining steps....
************* Processing for branch: update/job-banner *************
branch 'update/job-banner' set up to track 'origin/update/job-banner'.
file already exist skip remaining steps....
Actioned perform on branch for repo falken are:   
Cleanup completed... for falken
******************************-----------******************************
working on repo repository ........ 
Actioned perform on branch for repo repository are:   
Cleanup completed... for repository
******************************-----------******************************
working on repo assessments ........ 
************* Processing for branch: develop *************
branch 'develop' set up to track 'origin/develop'.
file already exist skip remaining steps....
************* Processing for branch: feature/ak/languify-webhook *************
branch 'feature/ak/languify-webhook' set up to track 'origin/feature/ak/languify-webhook'.
file already exist skip remaining steps....
************* Processing for branch: feature/ak/webhook *************
branch 'feature/ak/webhook' set up to track 'origin/feature/ak/webhook'.
file already exist skip remaining steps....
************* Processing for branch: feature/st/do-select-api *************
branch 'feature/st/do-select-api' set up to track 'origin/feature/st/do-select-api'.
file already exist skip remaining steps....
************* Processing for branch: feature/st/landing-page-mobile-ui *************
branch 'feature/st/landing-page-mobile-ui' set up to track 'origin/feature/st/landing-page-mobile-ui'.
file already exist skip remaining steps....
************* Processing for branch: feature/st/landing-page-ui *************
branch 'feature/st/landing-page-ui' set up to track 'origin/feature/st/landing-page-ui'.
file already exist skip remaining steps....
************* Processing for branch: feature/st/languify-integration *************
branch 'feature/st/languify-integration' set up to track 'origin/feature/st/languify-integration'.
file already exist skip remaining steps....
************* Processing for branch: feature/st/test-invite-mail *************
branch 'feature/st/test-invite-mail' set up to track 'origin/feature/st/test-invite-mail'.
file already exist skip remaining steps....
************* Processing for branch: feature/st/webhook *************
branch 'feature/st/webhook' set up to track 'origin/feature/st/webhook'.
file already exist skip remaining steps....
************* Processing for branch: project-setup *************
branch 'project-setup' set up to track 'origin/project-setup'.
file already exist skip remaining steps....
************* Processing for branch: revert-pr-1 *************
branch 'revert-pr-1' set up to track 'origin/revert-pr-1'.
file already exist skip remaining steps....
Actioned perform on branch for repo assessments are:   
Cleanup completed... for assessments
******************************-----------******************************
working on repo upgrad ........ 
************* Processing for branch: bug/safari-video *************
branch 'bug/safari-video' set up to track 'origin/bug/safari-video'.
file already exist skip remaining steps....
************* Processing for branch: feature/additional-changes *************
branch 'feature/additional-changes' set up to track 'origin/feature/additional-changes'.
file already exist skip remaining steps....
************* Processing for branch: feature/coupon-text-change *************
branch 'feature/coupon-text-change' set up to track 'origin/feature/coupon-text-change'.
file already exist skip remaining steps....
************* Processing for branch: feature/datepicker-newcode-changes *************
branch 'feature/datepicker-newcode-changes' set up to track 'origin/feature/datepicker-newcode-changes'.
file already exist skip remaining steps....
************* Processing for branch: feature/diwali-coupon *************
branch 'feature/diwali-coupon' set up to track 'origin/feature/diwali-coupon'.
file already exist skip remaining steps....
************* Processing for branch: feature/dockerchange *************
branch 'feature/dockerchange' set up to track 'origin/feature/dockerchange'.
file already exist skip remaining steps....
************* Processing for branch: feature/emi-value-change *************
branch 'feature/emi-value-change' set up to track 'origin/feature/emi-value-change'.
file already exist skip remaining steps....
************* Processing for branch: feature/finalchanges *************
branch 'feature/finalchanges' set up to track 'origin/feature/finalchanges'.
file already exist skip remaining steps....
************* Processing for branch: feature/growth10-coupon *************
branch 'feature/growth10-coupon' set up to track 'origin/feature/growth10-coupon'.
file already exist skip remaining steps....
************* Processing for branch: feature/leadsquared-api-changes *************
branch 'feature/leadsquared-api-changes' set up to track 'origin/feature/leadsquared-api-changes'.
file already exist skip remaining steps....
************* Processing for branch: feature/loader-and-learnerform *************
branch 'feature/loader-and-learnerform' set up to track 'origin/feature/loader-and-learnerform'.
file already exist skip remaining steps....
************* Processing for branch: feature/new-video *************
branch 'feature/new-video' set up to track 'origin/feature/new-video'.
file already exist skip remaining steps....
************* Processing for branch: feature/remove-coupon *************
branch 'feature/remove-coupon' set up to track 'origin/feature/remove-coupon'.
file already exist skip remaining steps....
************* Processing for branch: feature/spacing-fixes *************
branch 'feature/spacing-fixes' set up to track 'origin/feature/spacing-fixes'.
file already exist skip remaining steps....
************* Processing for branch: landingPage/Changes *************
branch 'landingPage/Changes' set up to track 'origin/landingPage/Changes'.
file already exist skip remaining steps....
************* Processing for branch: responsiveness *************
branch 'responsiveness' set up to track 'origin/responsiveness'.
file already exist skip remaining steps....
Actioned perform on branch for repo upgrad are:   
Cleanup completed... for upgrad
******************************-----------******************************
working on repo chat-popup ........ 
Actioned perform on branch for repo chat-popup are:   
Cleanup completed... for chat-popup
******************************-----------******************************
working on repo vc-event-handler ........ 
Actioned perform on branch for repo vc-event-handler are:   
Cleanup completed... for vc-event-handler
******************************-----------******************************
working on repo ltibatch ........ 
Actioned perform on branch for repo ltibatch are:   
Cleanup completed... for ltibatch
******************************-----------******************************
working on repo androidvcgatewaysdk ........ 
Actioned perform on branch for repo androidvcgatewaysdk are:   
Cleanup completed... for androidvcgatewaysdk
******************************-----------******************************
working on repo nativedigitalclassroomiossdk ........ 
Actioned perform on branch for repo nativedigitalclassroomiossdk are:   
Cleanup completed... for nativedigitalclassroomiossdk
******************************-----------******************************
working on repo android-integration-sample ........ 
************* Processing for branch: temp *************
branch 'temp' set up to track 'origin/temp'.
file already exist skip remaining steps....
Actioned perform on branch for repo android-integration-sample are:   
Cleanup completed... for android-integration-sample
******************************-----------******************************
working on repo falken_android ........ 
Actioned perform on branch for repo falken_android are:   
Cleanup completed... for falken_android
******************************-----------******************************
working on repo docker-flipped-processing ........ 
************* Processing for branch: develop *************
branch 'develop' set up to track 'origin/develop'.
file already exist skip remaining steps....
************* Processing for branch: et/fix/mysql-connector-update *************
branch 'et/fix/mysql-connector-update' set up to track 'origin/et/fix/mysql-connector-update'.
file already exist skip remaining steps....
Actioned perform on branch for repo docker-flipped-processing are:   
Cleanup completed... for docker-flipped-processing
******************************-----------******************************
working on repo recommendation ........ 
************* Processing for branch: adithya-kanukanti/dockerfile-edited-online-with-bitbucket-1704362145716 *************
branch 'adithya-kanukanti/dockerfile-edited-online-with-bitbucket-1704362145716' set up to track 'origin/adithya-kanukanti/dockerfile-edited-online-with-bitbucket-1704362145716'.
file already exist skip remaining steps....
Actioned perform on branch for repo recommendation are:   
Cleanup completed... for recommendation
******************************-----------******************************
working on repo mysql_connections_manager ........ 
Actioned perform on branch for repo mysql_connections_manager are:   
Cleanup completed... for mysql_connections_manager
******************************-----------******************************
working on repo vc-record ........ 
************* Processing for branch: abr *************
branch 'abr' set up to track 'origin/abr'.
file already exist skip remaining steps....
************* Processing for branch: alok-dev *************
branch 'alok-dev' set up to track 'origin/alok-dev'.
file already exist skip remaining steps....
************* Processing for branch: develop *************
branch 'develop' set up to track 'origin/develop'.
file already exist skip remaining steps....
************* Processing for branch: docker_proc *************
branch 'docker_proc' set up to track 'origin/docker_proc'.
file already exist skip remaining steps....
************* Processing for branch: dynamic-video-mixing *************
branch 'dynamic-video-mixing' set up to track 'origin/dynamic-video-mixing'.
file already exist skip remaining steps....
************* Processing for branch: feature/et/aws-migration *************
branch 'feature/et/aws-migration' set up to track 'origin/feature/et/aws-migration'.
file already exist skip remaining steps....
************* Processing for branch: feature/et/wb-path-created-record *************
branch 'feature/et/wb-path-created-record' set up to track 'origin/feature/et/wb-path-created-record'.
file already exist skip remaining steps....
************* Processing for branch: sdk-rec *************
branch 'sdk-rec' set up to track 'origin/sdk-rec'.
file already exist skip remaining steps....
************* Processing for branch: v1_docker_proc *************
branch 'v1_docker_proc' set up to track 'origin/v1_docker_proc'.
file already exist skip remaining steps....
************* Processing for branch: vc_dblessirs *************
branch 'vc_dblessirs' set up to track 'origin/vc_dblessirs'.
file already exist skip remaining steps....
************* Processing for branch: whiteboard *************
branch 'whiteboard' set up to track 'origin/whiteboard'.
file already exist skip remaining steps....
Actioned perform on branch for repo vc-record are:   
Cleanup completed... for vc-record
******************************-----------******************************
working on repo ice_client ........ 
************* Processing for branch: broadcast_stream *************
branch 'broadcast_stream' set up to track 'origin/broadcast_stream'.
file already exist skip remaining steps....
************* Processing for branch: ebin_dev *************
branch 'ebin_dev' set up to track 'origin/ebin_dev'.
file already exist skip remaining steps....
************* Processing for branch: echo-playback-delay *************
branch 'echo-playback-delay' set up to track 'origin/echo-playback-delay'.
file already exist skip remaining steps....
************* Processing for branch: echo_cancelled_live *************
branch 'echo_cancelled_live' set up to track 'origin/echo_cancelled_live'.
file already exist skip remaining steps....
************* Processing for branch: et/feature/rob-for-audioplay *************
branch 'et/feature/rob-for-audioplay' set up to track 'origin/et/feature/rob-for-audioplay'.
file already exist skip remaining steps....
************* Processing for branch: live_hls *************
branch 'live_hls' set up to track 'origin/live_hls'.
file already exist skip remaining steps....
************* Processing for branch: rtmp_out *************
branch 'rtmp_out' set up to track 'origin/rtmp_out'.
file already exist skip remaining steps....
************* Processing for branch: serverside_abr *************
branch 'serverside_abr' set up to track 'origin/serverside_abr'.
file already exist skip remaining steps....
************* Processing for branch: temporal_svc *************
branch 'temporal_svc' set up to track 'origin/temporal_svc'.
file already exist skip remaining steps....
************* Processing for branch: ubuntu-20 *************
branch 'ubuntu-20' set up to track 'origin/ubuntu-20'.
file already exist skip remaining steps....
************* Processing for branch: vcloadtest *************
branch 'vcloadtest' set up to track 'origin/vcloadtest'.
file already exist skip remaining steps....
************* Processing for branch: webrtc-audio-processing-1.0 *************
branch 'webrtc-audio-processing-1.0' set up to track 'origin/webrtc-audio-processing-1.0'.
file already exist skip remaining steps....
Actioned perform on branch for repo ice_client are:   
Cleanup completed... for ice_client
******************************-----------******************************
working on repo automation ........ 
Actioned perform on branch for repo automation are:   
Cleanup completed... for automation
******************************-----------******************************
working on repo ugc-sso ........ 
************* Processing for branch: develop *************
branch 'develop' set up to track 'origin/develop'.
file already exist skip remaining steps....
************* Processing for branch: feature/st/project-setup *************
branch 'feature/st/project-setup' set up to track 'origin/feature/st/project-setup'.
file already exist skip remaining steps....
Actioned perform on branch for repo ugc-sso are:   
Cleanup completed... for ugc-sso
******************************-----------******************************
working on repo lsqdatatransfer ........ 
************* Processing for branch: develop *************
branch 'develop' set up to track 'origin/develop'.
file already exist skip remaining steps....
************* Processing for branch: fix/ak/lsq-apis *************
branch 'fix/ak/lsq-apis' set up to track 'origin/fix/ak/lsq-apis'.
file already exist skip remaining steps....
Actioned perform on branch for repo lsqdatatransfer are:   
Cleanup completed... for lsqdatatransfer
******************************-----------******************************
working on repo fullmoon ........ 
************* Processing for branch: AdvanceSearch_Fix *************
branch 'AdvanceSearch_Fix' set up to track 'origin/AdvanceSearch_Fix'.
file already exist skip remaining steps....
************* Processing for branch: Backpack_Prof_Share *************
branch 'Backpack_Prof_Share' set up to track 'origin/Backpack_Prof_Share'.
file already exist skip remaining steps....
************* Processing for branch: BugFix-AB-fullmoon *************
branch 'BugFix-AB-fullmoon' set up to track 'origin/BugFix-AB-fullmoon'.
file already exist skip remaining steps....
************* Processing for branch: ab_fixes *************
branch 'ab_fixes' set up to track 'origin/ab_fixes'.
file already exist skip remaining steps....
************* Processing for branch: ab_urlshortner *************
branch 'ab_urlshortner' set up to track 'origin/ab_urlshortner'.
file already exist skip remaining steps....
************* Processing for branch: abhishek_studentApp *************
branch 'abhishek_studentApp' set up to track 'origin/abhishek_studentApp'.
file already exist skip remaining steps....
************* Processing for branch: add_notes_v1 *************
branch 'add_notes_v1' set up to track 'origin/add_notes_v1'.
file already exist skip remaining steps....
************* Processing for branch: admin-video-HF *************
branch 'admin-video-HF' set up to track 'origin/admin-video-HF'.
file already exist skip remaining steps....
************* Processing for branch: alok-dev-revert *************
branch 'alok-dev-revert' set up to track 'origin/alok-dev-revert'.
file already exist skip remaining steps....
************* Processing for branch: alok4 *************
branch 'alok4' set up to track 'origin/alok4'.
file already exist skip remaining steps....
************* Processing for branch: alok_branch2 *************
branch 'alok_branch2' set up to track 'origin/alok_branch2'.
file already exist skip remaining steps....
************* Processing for branch: alok_broadcast *************
branch 'alok_broadcast' set up to track 'origin/alok_broadcast'.
file already exist skip remaining steps....
************* Processing for branch: alok_bugfix *************
branch 'alok_bugfix' set up to track 'origin/alok_bugfix'.
file already exist skip remaining steps....
************* Processing for branch: alok_bugfixes *************
branch 'alok_bugfixes' set up to track 'origin/alok_bugfixes'.
file already exist skip remaining steps....
************* Processing for branch: alok_fixes *************
branch 'alok_fixes' set up to track 'origin/alok_fixes'.
file already exist skip remaining steps....
************* Processing for branch: alok_hf2 *************
branch 'alok_hf2' set up to track 'origin/alok_hf2'.
file already exist skip remaining steps....
************* Processing for branch: alok_hf3 *************
branch 'alok_hf3' set up to track 'origin/alok_hf3'.
file already exist skip remaining steps....
************* Processing for branch: alok_hf4 *************
branch 'alok_hf4' set up to track 'origin/alok_hf4'.
file already exist skip remaining steps....
************* Processing for branch: branch-fix *************
branch 'branch-fix' set up to track 'origin/branch-fix'.
file already exist skip remaining steps....
************* Processing for branch: bsf-surya *************
branch 'bsf-surya' set up to track 'origin/bsf-surya'.
file already exist skip remaining steps....
************* Processing for branch: bsf2-surya *************
branch 'bsf2-surya' set up to track 'origin/bsf2-surya'.
file already exist skip remaining steps....
************* Processing for branch: bug-fix/chat-server *************
branch 'bug-fix/chat-server' set up to track 'origin/bug-fix/chat-server'.
file already exist skip remaining steps....
************* Processing for branch: bug-fix/emoji-keys *************
branch 'bug-fix/emoji-keys' set up to track 'origin/bug-fix/emoji-keys'.
file already exist skip remaining steps....
************* Processing for branch: bug-fix/enhancements *************
branch 'bug-fix/enhancements' set up to track 'origin/bug-fix/enhancements'.
file already exist skip remaining steps....
************* Processing for branch: bug-fix/final *************
branch 'bug-fix/final' set up to track 'origin/bug-fix/final'.
file already exist skip remaining steps....
************* Processing for branch: bug-fix/mulptiple-features *************
branch 'bug-fix/mulptiple-features' set up to track 'origin/bug-fix/mulptiple-features'.
file already exist skip remaining steps....
************* Processing for branch: bug-fix/panels *************
branch 'bug-fix/panels' set up to track 'origin/bug-fix/panels'.
file already exist skip remaining steps....
************* Processing for branch: bug-fix/prof-whiteboard *************
branch 'bug-fix/prof-whiteboard' set up to track 'origin/bug-fix/prof-whiteboard'.
file already exist skip remaining steps....
************* Processing for branch: bug-fixes/breakout-mobile *************
branch 'bug-fixes/breakout-mobile' set up to track 'origin/bug-fixes/breakout-mobile'.
file already exist skip remaining steps....
************* Processing for branch: bug-fixes/controls *************
branch 'bug-fixes/controls' set up to track 'origin/bug-fixes/controls'.
file already exist skip remaining steps....
************* Processing for branch: bug-fixes/edge-cases *************
branch 'bug-fixes/edge-cases' set up to track 'origin/bug-fixes/edge-cases'.
file already exist skip remaining steps....
************* Processing for branch: bug-fixes/emojis *************
branch 'bug-fixes/emojis' set up to track 'origin/bug-fixes/emojis'.
file already exist skip remaining steps....
************* Processing for branch: bug-fixes/generic-polygons *************
branch 'bug-fixes/generic-polygons' set up to track 'origin/bug-fixes/generic-polygons'.
file already exist skip remaining steps....
************* Processing for branch: bug-fixes/jira *************
branch 'bug-fixes/jira' set up to track 'origin/bug-fixes/jira'.
file already exist skip remaining steps....
************* Processing for branch: bug-fixes/jira-2 *************
branch 'bug-fixes/jira-2' set up to track 'origin/bug-fixes/jira-2'.
file already exist skip remaining steps....
************* Processing for branch: bug-fixes/jira-3 *************
branch 'bug-fixes/jira-3' set up to track 'origin/bug-fixes/jira-3'.
file already exist skip remaining steps....
************* Processing for branch: bug-fixes/shapes *************
branch 'bug-fixes/shapes' set up to track 'origin/bug-fixes/shapes'.
file already exist skip remaining steps....
************* Processing for branch: bug-fixes/whiteboard *************
branch 'bug-fixes/whiteboard' set up to track 'origin/bug-fixes/whiteboard'.
file already exist skip remaining steps....
************* Processing for branch: bugfix-alok *************
branch 'bugfix-alok' set up to track 'origin/bugfix-alok'.
file already exist skip remaining steps....
************* Processing for branch: bugfix-chat *************
branch 'bugfix-chat' set up to track 'origin/bugfix-chat'.
file already exist skip remaining steps....
************* Processing for branch: bugfix-surya *************
branch 'bugfix-surya' set up to track 'origin/bugfix-surya'.
file already exist skip remaining steps....
************* Processing for branch: bugfix-video *************
branch 'bugfix-video' set up to track 'origin/bugfix-video'.
file already exist skip remaining steps....
************* Processing for branch: build-64 *************
branch 'build-64' set up to track 'origin/build-64'.
file already exist skip remaining steps....
************* Processing for branch: canvas-pilot *************
branch 'canvas-pilot' set up to track 'origin/canvas-pilot'.
file already exist skip remaining steps....
************* Processing for branch: clean-up/attendee-list *************
branch 'clean-up/attendee-list' set up to track 'origin/clean-up/attendee-list'.
file already exist skip remaining steps....
************* Processing for branch: clean-up/chat-server *************
branch 'clean-up/chat-server' set up to track 'origin/clean-up/chat-server'.
file already exist skip remaining steps....
************* Processing for branch: develop *************
branch 'develop' set up to track 'origin/develop'.
file already exist skip remaining steps....
************* Processing for branch: develop2 *************
branch 'develop2' set up to track 'origin/develop2'.
file already exist skip remaining steps....
************* Processing for branch: develop3 *************
branch 'develop3' set up to track 'origin/develop3'.
file already exist skip remaining steps....
************* Processing for branch: develop_cloud *************
branch 'develop_cloud' set up to track 'origin/develop_cloud'.
file already exist skip remaining steps....
************* Processing for branch: em_ios_change *************
branch 'em_ios_change' set up to track 'origin/em_ios_change'.
file already exist skip remaining steps....
************* Processing for branch: et/abr_3rd_resolution_2 *************
branch 'et/abr_3rd_resolution_2' set up to track 'origin/et/abr_3rd_resolution_2'.
file already exist skip remaining steps....
************* Processing for branch: et/feature/android-new-vc-url *************
branch 'et/feature/android-new-vc-url' set up to track 'origin/et/feature/android-new-vc-url'.
file already exist skip remaining steps....
************* Processing for branch: et/feature/sso-login *************
branch 'et/feature/sso-login' set up to track 'origin/et/feature/sso-login'.
file already exist skip remaining steps....
************* Processing for branch: et/fix/dev_diff_to_master *************
branch 'et/fix/dev_diff_to_master' set up to track 'origin/et/fix/dev_diff_to_master'.
file already exist skip remaining steps....
************* Processing for branch: et/fix/lti-mysql-fraction-issue *************
branch 'et/fix/lti-mysql-fraction-issue' set up to track 'origin/et/fix/lti-mysql-fraction-issue'.
file already exist skip remaining steps....
************* Processing for branch: feature-freshChat *************
branch 'feature-freshChat' set up to track 'origin/feature-freshChat'.
file already exist skip remaining steps....
************* Processing for branch: feature-supportchat *************
branch 'feature-supportchat' set up to track 'origin/feature-supportchat'.
file already exist skip remaining steps....
************* Processing for branch: feature/ak/feedback-form-change *************
branch 'feature/ak/feedback-form-change' set up to track 'origin/feature/ak/feedback-form-change'.
file already exist skip remaining steps....
************* Processing for branch: feature/ak/room-pin-api *************
branch 'feature/ak/room-pin-api' set up to track 'origin/feature/ak/room-pin-api'.
file already exist skip remaining steps....
************* Processing for branch: feature/ak/route-redirect *************
branch 'feature/ak/route-redirect' set up to track 'origin/feature/ak/route-redirect'.
file already exist skip remaining steps....
************* Processing for branch: feature/breakout-session *************
branch 'feature/breakout-session' set up to track 'origin/feature/breakout-session'.
file already exist skip remaining steps....
************* Processing for branch: feature/directive *************
branch 'feature/directive' set up to track 'origin/feature/directive'.
file already exist skip remaining steps....
************* Processing for branch: feature/emoji *************
branch 'feature/emoji' set up to track 'origin/feature/emoji'.
file already exist skip remaining steps....
************* Processing for branch: feature/et/ab-packetlost-handling *************
branch 'feature/et/ab-packetlost-handling' set up to track 'origin/feature/et/ab-packetlost-handling'.
file already exist skip remaining steps....
************* Processing for branch: feature/et/lti-api-department-details *************
branch 'feature/et/lti-api-department-details' set up to track 'origin/feature/et/lti-api-department-details'.
file already exist skip remaining steps....
************* Processing for branch: feature/et/vc-audio-level *************
branch 'feature/et/vc-audio-level' set up to track 'origin/feature/et/vc-audio-level'.
file already exist skip remaining steps....
************* Processing for branch: feature/et/vc_version_config *************
branch 'feature/et/vc_version_config' set up to track 'origin/feature/et/vc_version_config'.
file already exist skip remaining steps....
************* Processing for branch: feature/flex-changes *************
branch 'feature/flex-changes' set up to track 'origin/feature/flex-changes'.
file already exist skip remaining steps....
************* Processing for branch: feature/generic-polygons *************
branch 'feature/generic-polygons' set up to track 'origin/feature/generic-polygons'.
file already exist skip remaining steps....
************* Processing for branch: feature/geometric-boxes *************
branch 'feature/geometric-boxes' set up to track 'origin/feature/geometric-boxes'.
file already exist skip remaining steps....
************* Processing for branch: feature/mobile-breakouts *************
branch 'feature/mobile-breakouts' set up to track 'origin/feature/mobile-breakouts'.
file already exist skip remaining steps....
************* Processing for branch: feature/peripheral-features *************
branch 'feature/peripheral-features' set up to track 'origin/feature/peripheral-features'.
file already exist skip remaining steps....
************* Processing for branch: feature/prof-breakout-session *************
branch 'feature/prof-breakout-session' set up to track 'origin/feature/prof-breakout-session'.
file already exist skip remaining steps....
************* Processing for branch: feature/profile-completion-flex-changes *************
branch 'feature/profile-completion-flex-changes' set up to track 'origin/feature/profile-completion-flex-changes'.
file already exist skip remaining steps....
************* Processing for branch: feature/redo-undo *************
branch 'feature/redo-undo' set up to track 'origin/feature/redo-undo'.
file already exist skip remaining steps....
************* Processing for branch: feature/st/background-effect *************
branch 'feature/st/background-effect' set up to track 'origin/feature/st/background-effect'.
file already exist skip remaining steps....
************* Processing for branch: feature/ug/livesession *************
branch 'feature/ug/livesession' set up to track 'origin/feature/ug/livesession'.
file already exist skip remaining steps....
************* Processing for branch: feature/videoconf *************
branch 'feature/videoconf' set up to track 'origin/feature/videoconf'.
file already exist skip remaining steps....
************* Processing for branch: feature/wb-only *************
branch 'feature/wb-only' set up to track 'origin/feature/wb-only'.
file already exist skip remaining steps....
************* Processing for branch: feature/web-view-whiteboard *************
branch 'feature/web-view-whiteboard' set up to track 'origin/feature/web-view-whiteboard'.
file already exist skip remaining steps....
************* Processing for branch: features/clean-up *************
branch 'features/clean-up' set up to track 'origin/features/clean-up'.
file already exist skip remaining steps....
************* Processing for branch: fetchvideojs *************
branch 'fetchvideojs' set up to track 'origin/fetchvideojs'.
file already exist skip remaining steps....
************* Processing for branch: fix/ak/abusive-words *************
branch 'fix/ak/abusive-words' set up to track 'origin/fix/ak/abusive-words'.
file already exist skip remaining steps....
************* Processing for branch: fix/ak/onecampus *************
branch 'fix/ak/onecampus' set up to track 'origin/fix/ak/onecampus'.
file already exist skip remaining steps....
************* Processing for branch: fix/ak/secure-api-roompin *************
branch 'fix/ak/secure-api-roompin' set up to track 'origin/fix/ak/secure-api-roompin'.
file already exist skip remaining steps....
************* Processing for branch: fix/branch *************
branch 'fix/branch' set up to track 'origin/fix/branch'.
file already exist skip remaining steps....
************* Processing for branch: fix/chatserver *************
branch 'fix/chatserver' set up to track 'origin/fix/chatserver'.
file already exist skip remaining steps....
************* Processing for branch: fix/develop-merge *************
branch 'fix/develop-merge' set up to track 'origin/fix/develop-merge'.
file already exist skip remaining steps....
************* Processing for branch: fix/et/abr_3rd_resolution *************
branch 'fix/et/abr_3rd_resolution' set up to track 'origin/fix/et/abr_3rd_resolution'.
file already exist skip remaining steps....
************* Processing for branch: fix/et/bulkupload-duplicate *************
branch 'fix/et/bulkupload-duplicate' set up to track 'origin/fix/et/bulkupload-duplicate'.
file already exist skip remaining steps....
************* Processing for branch: fix/et/cache-in-db-utils *************
branch 'fix/et/cache-in-db-utils' set up to track 'origin/fix/et/cache-in-db-utils'.
file already exist skip remaining steps....
************* Processing for branch: fix/et/debian_package_fix *************
branch 'fix/et/debian_package_fix' set up to track 'origin/fix/et/debian_package_fix'.
file already exist skip remaining steps....
************* Processing for branch: fix/et/whiteboard-time *************
branch 'fix/et/whiteboard-time' set up to track 'origin/fix/et/whiteboard-time'.
file already exist skip remaining steps....
************* Processing for branch: full-mooon *************
branch 'full-mooon' set up to track 'origin/full-mooon'.
file already exist skip remaining steps....
************* Processing for branch: gps_feature *************
branch 'gps_feature' set up to track 'origin/gps_feature'.
file already exist skip remaining steps....
************* Processing for branch: gps_fullmoon *************
branch 'gps_fullmoon' set up to track 'origin/gps_fullmoon'.
file already exist skip remaining steps....
************* Processing for branch: gps_fullmoon_master *************
branch 'gps_fullmoon_master' set up to track 'origin/gps_fullmoon_master'.
file already exist skip remaining steps....
************* Processing for branch: gps_vc *************
branch 'gps_vc' set up to track 'origin/gps_vc'.
file already exist skip remaining steps....
************* Processing for branch: hf-surya *************
branch 'hf-surya' set up to track 'origin/hf-surya'.
file already exist skip remaining steps....
************* Processing for branch: hotfix_cm2 *************
branch 'hotfix_cm2' set up to track 'origin/hotfix_cm2'.
file already exist skip remaining steps....
************* Processing for branch: hotfix_mk2 *************
branch 'hotfix_mk2' set up to track 'origin/hotfix_mk2'.
file already exist skip remaining steps....
************* Processing for branch: hotfixes *************
branch 'hotfixes' set up to track 'origin/hotfixes'.
file already exist skip remaining steps....
************* Processing for branch: ios-cordova *************
branch 'ios-cordova' set up to track 'origin/ios-cordova'.
file already exist skip remaining steps....
************* Processing for branch: japit-demo *************
branch 'japit-demo' set up to track 'origin/japit-demo'.
file already exist skip remaining steps....
************* Processing for branch: japit-demo-multicast *************
branch 'japit-demo-multicast' set up to track 'origin/japit-demo-multicast'.
file already exist skip remaining steps....
************* Processing for branch: japit-feature *************
branch 'japit-feature' set up to track 'origin/japit-feature'.
file already exist skip remaining steps....
************* Processing for branch: js_code_checks *************
branch 'js_code_checks' set up to track 'origin/js_code_checks'.
file already exist skip remaining steps....
************* Processing for branch: large-vc *************
branch 'large-vc' set up to track 'origin/large-vc'.
file already exist skip remaining steps....
************* Processing for branch: login-changes *************
branch 'login-changes' set up to track 'origin/login-changes'.
file already exist skip remaining steps....
************* Processing for branch: ltiUISupport *************
branch 'ltiUISupport' set up to track 'origin/ltiUISupport'.
file already exist skip remaining steps....
************* Processing for branch: manish *************
branch 'manish' set up to track 'origin/manish'.
file already exist skip remaining steps....
************* Processing for branch: manish2 *************
branch 'manish2' set up to track 'origin/manish2'.
file already exist skip remaining steps....
************* Processing for branch: manish4 *************
branch 'manish4' set up to track 'origin/manish4'.
file already exist skip remaining steps....
************* Processing for branch: mk-bo *************
branch 'mk-bo' set up to track 'origin/mk-bo'.
file already exist skip remaining steps....
************* Processing for branch: mlfeed *************
branch 'mlfeed' set up to track 'origin/mlfeed'.
file already exist skip remaining steps....
************* Processing for branch: oracle_fix *************
branch 'oracle_fix' set up to track 'origin/oracle_fix'.
file already exist skip remaining steps....
************* Processing for branch: re-do/wb-only *************
branch 're-do/wb-only' set up to track 'origin/re-do/wb-only'.
file already exist skip remaining steps....
************* Processing for branch: record-writeup *************
branch 'record-writeup' set up to track 'origin/record-writeup'.
file already exist skip remaining steps....
************* Processing for branch: revert/whiteboard *************
branch 'revert/whiteboard' set up to track 'origin/revert/whiteboard'.
file already exist skip remaining steps....
************* Processing for branch: simulcast *************
branch 'simulcast' set up to track 'origin/simulcast'.
file already exist skip remaining steps....
************* Processing for branch: sja_change_2 *************
branch 'sja_change_2' set up to track 'origin/sja_change_2'.
file already exist skip remaining steps....
************* Processing for branch: sja_changes *************
branch 'sja_changes' set up to track 'origin/sja_changes'.
file already exist skip remaining steps....
************* Processing for branch: stateRoutingImpl *************
branch 'stateRoutingImpl' set up to track 'origin/stateRoutingImpl'.
file already exist skip remaining steps....
************* Processing for branch: subdirectory_change *************
branch 'subdirectory_change' set up to track 'origin/subdirectory_change'.
file already exist skip remaining steps....
************* Processing for branch: temp1 *************
branch 'temp1' set up to track 'origin/temp1'.
file already exist skip remaining steps....
************* Processing for branch: temp_backsharing_coursepage *************
branch 'temp_backsharing_coursepage' set up to track 'origin/temp_backsharing_coursepage'.
file already exist skip remaining steps....
************* Processing for branch: uat *************
branch 'uat' set up to track 'origin/uat'.
file already exist skip remaining steps....
************* Processing for branch: url_redirection *************
branch 'url_redirection' set up to track 'origin/url_redirection'.
file already exist skip remaining steps....
************* Processing for branch: vc-fixes *************
branch 'vc-fixes' set up to track 'origin/vc-fixes'.
file already exist skip remaining steps....
************* Processing for branch: vc-nwbugfix *************
branch 'vc-nwbugfix' set up to track 'origin/vc-nwbugfix'.
file already exist skip remaining steps....
************* Processing for branch: vc-sp *************
branch 'vc-sp' set up to track 'origin/vc-sp'.
file already exist skip remaining steps....
************* Processing for branch: vc-translations *************
branch 'vc-translations' set up to track 'origin/vc-translations'.
file already exist skip remaining steps....
************* Processing for branch: vc_analytics *************
branch 'vc_analytics' set up to track 'origin/vc_analytics'.
file already exist skip remaining steps....
************* Processing for branch: vc_bugfix_phase1 *************
branch 'vc_bugfix_phase1' set up to track 'origin/vc_bugfix_phase1'.
file already exist skip remaining steps....
************* Processing for branch: vc_ctrlr_integration *************
branch 'vc_ctrlr_integration' set up to track 'origin/vc_ctrlr_integration'.
file already exist skip remaining steps....
************* Processing for branch: vc_mobile_fixes *************
branch 'vc_mobile_fixes' set up to track 'origin/vc_mobile_fixes'.
file already exist skip remaining steps....
************* Processing for branch: vc_recording *************
branch 'vc_recording' set up to track 'origin/vc_recording'.
file already exist skip remaining steps....
************* Processing for branch: vcdev-phase2 *************
branch 'vcdev-phase2' set up to track 'origin/vcdev-phase2'.
file already exist skip remaining steps....
************* Processing for branch: vcfixes2 *************
branch 'vcfixes2' set up to track 'origin/vcfixes2'.
file already exist skip remaining steps....
************* Processing for branch: vchotfix *************
branch 'vchotfix' set up to track 'origin/vchotfix'.
file already exist skip remaining steps....
************* Processing for branch: vcrecordingbugfix *************
branch 'vcrecordingbugfix' set up to track 'origin/vcrecordingbugfix'.
file already exist skip remaining steps....
************* Processing for branch: vcwithcontroller *************
branch 'vcwithcontroller' set up to track 'origin/vcwithcontroller'.
file already exist skip remaining steps....
************* Processing for branch: vcwithwowza *************
branch 'vcwithwowza' set up to track 'origin/vcwithwowza'.
file already exist skip remaining steps....
************* Processing for branch: video-conf *************
branch 'video-conf' set up to track 'origin/video-conf'.
file already exist skip remaining steps....
************* Processing for branch: vidpage *************
branch 'vidpage' set up to track 'origin/vidpage'.
file already exist skip remaining steps....
************* Processing for branch: vinod_frontend *************
branch 'vinod_frontend' set up to track 'origin/vinod_frontend'.
file already exist skip remaining steps....
************* Processing for branch: vinod_new2 *************
branch 'vinod_new2' set up to track 'origin/vinod_new2'.
file already exist skip remaining steps....
************* Processing for branch: vinod_video_new *************
branch 'vinod_video_new' set up to track 'origin/vinod_video_new'.
file already exist skip remaining steps....
************* Processing for branch: vm_student_ui *************
branch 'vm_student_ui' set up to track 'origin/vm_student_ui'.
file already exist skip remaining steps....
************* Processing for branch: whiteboardv1 *************
branch 'whiteboardv1' set up to track 'origin/whiteboardv1'.
file already exist skip remaining steps....
Actioned perform on branch for repo fullmoon are:   
Cleanup completed... for fullmoon
******************************-----------******************************
working on repo b2c ........ 
************* Processing for branch: LandingPages *************
branch 'LandingPages' set up to track 'origin/LandingPages'.
file already exist skip remaining steps....
************* Processing for branch: ak/master *************
branch 'ak/master' set up to track 'origin/ak/master'.
file already exist skip remaining steps....
************* Processing for branch: bug-fixes/ak/pap-payment *************
branch 'bug-fixes/ak/pap-payment' set up to track 'origin/bug-fixes/ak/pap-payment'.
file already exist skip remaining steps....
************* Processing for branch: change/coupon-startDate *************
branch 'change/coupon-startDate' set up to track 'origin/change/coupon-startDate'.
file already exist skip remaining steps....
************* Processing for branch: changes-udit *************
branch 'changes-udit' set up to track 'origin/changes-udit'.
file already exist skip remaining steps....
************* Processing for branch: changes/activity-filter *************
branch 'changes/activity-filter' set up to track 'origin/changes/activity-filter'.
file already exist skip remaining steps....
************* Processing for branch: changes/offer-coupons *************
branch 'changes/offer-coupons' set up to track 'origin/changes/offer-coupons'.
file already exist skip remaining steps....
************* Processing for branch: changes/offer-letter *************
branch 'changes/offer-letter' set up to track 'origin/changes/offer-letter'.
file already exist skip remaining steps....
************* Processing for branch: demo/coupon-codes *************
branch 'demo/coupon-codes' set up to track 'origin/demo/coupon-codes'.
file already exist skip remaining steps....
************* Processing for branch: develop *************
branch 'develop' set up to track 'origin/develop'.
file already exist skip remaining steps....
************* Processing for branch: eventsAdditions *************
branch 'eventsAdditions' set up to track 'origin/eventsAdditions'.
file already exist skip remaining steps....
************* Processing for branch: feature/activity-table *************
branch 'feature/activity-table' set up to track 'origin/feature/activity-table'.
file already exist skip remaining steps....
************* Processing for branch: feature/ak/b2b-market-price-change *************
branch 'feature/ak/b2b-market-price-change' set up to track 'origin/feature/ak/b2b-market-price-change'.
file already exist skip remaining steps....
************* Processing for branch: feature/ak/bajaj-offer *************
branch 'feature/ak/bajaj-offer' set up to track 'origin/feature/ak/bajaj-offer'.
file already exist skip remaining steps....
************* Processing for branch: feature/ak/campus-ambassador *************
branch 'feature/ak/campus-ambassador' set up to track 'origin/feature/ak/campus-ambassador'.
file already exist skip remaining steps....
************* Processing for branch: feature/ak/cts-offer-letter *************
branch 'feature/ak/cts-offer-letter' set up to track 'origin/feature/ak/cts-offer-letter'.
file already exist skip remaining steps....
************* Processing for branch: feature/ak/faculty-ambassador *************
branch 'feature/ak/faculty-ambassador' set up to track 'origin/feature/ak/faculty-ambassador'.
file already exist skip remaining steps....
************* Processing for branch: feature/ak/feedback-form *************
branch 'feature/ak/feedback-form' set up to track 'origin/feature/ak/feedback-form'.
file already exist skip remaining steps....
************* Processing for branch: feature/ak/feedback-page-update *************
branch 'feature/ak/feedback-page-update' set up to track 'origin/feature/ak/feedback-page-update'.
file already exist skip remaining steps....
************* Processing for branch: feature/ak/fixes *************
branch 'feature/ak/fixes' set up to track 'origin/feature/ak/fixes'.
file already exist skip remaining steps....
************* Processing for branch: feature/ak/ggu-pp-offer-letters *************
branch 'feature/ak/ggu-pp-offer-letters' set up to track 'origin/feature/ak/ggu-pp-offer-letters'.
file already exist skip remaining steps....
************* Processing for branch: feature/ak/insurance-sales *************
branch 'feature/ak/insurance-sales' set up to track 'origin/feature/ak/insurance-sales'.
file already exist skip remaining steps....
************* Processing for branch: feature/ak/internship-plus *************
branch 'feature/ak/internship-plus' set up to track 'origin/feature/ak/internship-plus'.
file already exist skip remaining steps....
************* Processing for branch: feature/ak/loan-propelld *************
branch 'feature/ak/loan-propelld' set up to track 'origin/feature/ak/loan-propelld'.
file already exist skip remaining steps....
************* Processing for branch: feature/ak/mailer-grievances *************
branch 'feature/ak/mailer-grievances' set up to track 'origin/feature/ak/mailer-grievances'.
file already exist skip remaining steps....
************* Processing for branch: feature/ak/new-one-lsq *************
branch 'feature/ak/new-one-lsq' set up to track 'origin/feature/ak/new-one-lsq'.
file already exist skip remaining steps....
************* Processing for branch: feature/ak/odin-one-lsq *************
branch 'feature/ak/odin-one-lsq' set up to track 'origin/feature/ak/odin-one-lsq'.
file already exist skip remaining steps....
************* Processing for branch: feature/ak/paid-courses-falken *************
branch 'feature/ak/paid-courses-falken' set up to track 'origin/feature/ak/paid-courses-falken'.
file already exist skip remaining steps....
************* Processing for branch: feature/ak/payment-backend *************
branch 'feature/ak/payment-backend' set up to track 'origin/feature/ak/payment-backend'.
file already exist skip remaining steps....
************* Processing for branch: feature/b2b2c-buy-now *************
branch 'feature/b2b2c-buy-now' set up to track 'origin/feature/b2b2c-buy-now'.
file already exist skip remaining steps....
************* Processing for branch: feature/b2b2c-coupon *************
branch 'feature/b2b2c-coupon' set up to track 'origin/feature/b2b2c-coupon'.
file already exist skip remaining steps....
************* Processing for branch: feature/buy-now-flow *************
branch 'feature/buy-now-flow' set up to track 'origin/feature/buy-now-flow'.
file already exist skip remaining steps....
************* Processing for branch: feature/change-public-pay-flow *************
branch 'feature/change-public-pay-flow' set up to track 'origin/feature/change-public-pay-flow'.
file already exist skip remaining steps....
************* Processing for branch: feature/coupon-checkout *************
branch 'feature/coupon-checkout' set up to track 'origin/feature/coupon-checkout'.
file already exist skip remaining steps....
************* Processing for branch: feature/coupon-filter *************
branch 'feature/coupon-filter' set up to track 'origin/feature/coupon-filter'.
file already exist skip remaining steps....
************* Processing for branch: feature/coupon-offer-logs *************
branch 'feature/coupon-offer-logs' set up to track 'origin/feature/coupon-offer-logs'.
file already exist skip remaining steps....
************* Processing for branch: feature/disable-coupon *************
branch 'feature/disable-coupon' set up to track 'origin/feature/disable-coupon'.
file already exist skip remaining steps....
************* Processing for branch: feature/get-global-coupon-api *************
branch 'feature/get-global-coupon-api' set up to track 'origin/feature/get-global-coupon-api'.
file already exist skip remaining steps....
************* Processing for branch: feature/infinite-scroll *************
branch 'feature/infinite-scroll' set up to track 'origin/feature/infinite-scroll'.
file already exist skip remaining steps....
************* Processing for branch: feature/invoice-pdfs *************
branch 'feature/invoice-pdfs' set up to track 'origin/feature/invoice-pdfs'.
file already exist skip remaining steps....
************* Processing for branch: feature/lsq-buy-now *************
branch 'feature/lsq-buy-now' set up to track 'origin/feature/lsq-buy-now'.
file already exist skip remaining steps....
************* Processing for branch: feature/lsq-payment-changes *************
branch 'feature/lsq-payment-changes' set up to track 'origin/feature/lsq-payment-changes'.
file already exist skip remaining steps....
************* Processing for branch: feature/multiple-coupon-approvers *************
branch 'feature/multiple-coupon-approvers' set up to track 'origin/feature/multiple-coupon-approvers'.
file already exist skip remaining steps....
************* Processing for branch: feature/ofl-filters *************
branch 'feature/ofl-filters' set up to track 'origin/feature/ofl-filters'.
file already exist skip remaining steps....
************* Processing for branch: feature/pincode-api *************
branch 'feature/pincode-api' set up to track 'origin/feature/pincode-api'.
file already exist skip remaining steps....
************* Processing for branch: feature/placementplus-filter *************
branch 'feature/placementplus-filter' set up to track 'origin/feature/placementplus-filter'.
file already exist skip remaining steps....
************* Processing for branch: feature/razorpay-order *************
branch 'feature/razorpay-order' set up to track 'origin/feature/razorpay-order'.
file already exist skip remaining steps....
************* Processing for branch: feature/sa/eventsAdditions *************
branch 'feature/sa/eventsAdditions' set up to track 'origin/feature/sa/eventsAdditions'.
file already exist skip remaining steps....
************* Processing for branch: feature/sa/payment-failed-webhook *************
branch 'feature/sa/payment-failed-webhook' set up to track 'origin/feature/sa/payment-failed-webhook'.
file already exist skip remaining steps....
************* Processing for branch: feature/st/enrol-now-form-changes *************
branch 'feature/st/enrol-now-form-changes' set up to track 'origin/feature/st/enrol-now-form-changes'.
file already exist skip remaining steps....
************* Processing for branch: feature/st/link-redirection *************
branch 'feature/st/link-redirection' set up to track 'origin/feature/st/link-redirection'.
file already exist skip remaining steps....
************* Processing for branch: feature/st/new-field-enroll-now *************
branch 'feature/st/new-field-enroll-now' set up to track 'origin/feature/st/new-field-enroll-now'.
file already exist skip remaining steps....
************* Processing for branch: feature/st/new-offer-letter *************
branch 'feature/st/new-offer-letter' set up to track 'origin/feature/st/new-offer-letter'.
file already exist skip remaining steps....
************* Processing for branch: feature/st/payment-page-ui *************
branch 'feature/st/payment-page-ui' set up to track 'origin/feature/st/payment-page-ui'.
file already exist skip remaining steps....
************* Processing for branch: feature/st/payment-page-ui-changes *************
branch 'feature/st/payment-page-ui-changes' set up to track 'origin/feature/st/payment-page-ui-changes'.
file already exist skip remaining steps....
************* Processing for branch: feature/status-fee-structure *************
branch 'feature/status-fee-structure' set up to track 'origin/feature/status-fee-structure'.
file already exist skip remaining steps....
************* Processing for branch: feature/transaction-validation *************
branch 'feature/transaction-validation' set up to track 'origin/feature/transaction-validation'.
file already exist skip remaining steps....
************* Processing for branch: feature/update-fee-structure-status *************
branch 'feature/update-fee-structure-status' set up to track 'origin/feature/update-fee-structure-status'.
file already exist skip remaining steps....
************* Processing for branch: feature/update-fields-es *************
branch 'feature/update-fields-es' set up to track 'origin/feature/update-fields-es'.
file already exist skip remaining steps....
************* Processing for branch: feature/use-search_after-es *************
branch 'feature/use-search_after-es' set up to track 'origin/feature/use-search_after-es'.
file already exist skip remaining steps....
************* Processing for branch: feature/variable-payment *************
branch 'feature/variable-payment' set up to track 'origin/feature/variable-payment'.
file already exist skip remaining steps....
************* Processing for branch: features/ug/develop *************
branch 'features/ug/develop' set up to track 'origin/features/ug/develop'.
file already exist skip remaining steps....
************* Processing for branch: fix/QIBMPFT-244 *************
branch 'fix/QIBMPFT-244' set up to track 'origin/fix/QIBMPFT-244'.
file already exist skip remaining steps....
************* Processing for branch: fix/QIBMPFT-262 *************
branch 'fix/QIBMPFT-262' set up to track 'origin/fix/QIBMPFT-262'.
file already exist skip remaining steps....
************* Processing for branch: fix/QIBMPFT-263 *************
branch 'fix/QIBMPFT-263' set up to track 'origin/fix/QIBMPFT-263'.
file already exist skip remaining steps....
************* Processing for branch: fix/QIBMPFT-282 *************
branch 'fix/QIBMPFT-282' set up to track 'origin/fix/QIBMPFT-282'.
file already exist skip remaining steps....
************* Processing for branch: fix/QIBMPFT-87 *************
branch 'fix/QIBMPFT-87' set up to track 'origin/fix/QIBMPFT-87'.
file already exist skip remaining steps....
************* Processing for branch: fix/admission-date *************
branch 'fix/admission-date' set up to track 'origin/fix/admission-date'.
file already exist skip remaining steps....
************* Processing for branch: fix/ak/enrol-now-checkout *************
branch 'fix/ak/enrol-now-checkout' set up to track 'origin/fix/ak/enrol-now-checkout'.
file already exist skip remaining steps....
************* Processing for branch: fix/ak/feecode-coupon-mapping *************
branch 'fix/ak/feecode-coupon-mapping' set up to track 'origin/fix/ak/feecode-coupon-mapping'.
file already exist skip remaining steps....
************* Processing for branch: fix/ak/font-family-compliance *************
branch 'fix/ak/font-family-compliance' set up to track 'origin/fix/ak/font-family-compliance'.
file already exist skip remaining steps....
************* Processing for branch: fix/ak/master *************
branch 'fix/ak/master' set up to track 'origin/fix/ak/master'.
file already exist skip remaining steps....
************* Processing for branch: fix/ak/missing-payments *************
branch 'fix/ak/missing-payments' set up to track 'origin/fix/ak/missing-payments'.
file already exist skip remaining steps....
************* Processing for branch: fix/ak/offer-activity *************
branch 'fix/ak/offer-activity' set up to track 'origin/fix/ak/offer-activity'.
file already exist skip remaining steps....
************* Processing for branch: fix/ak/order-api-check *************
branch 'fix/ak/order-api-check' set up to track 'origin/fix/ak/order-api-check'.
file already exist skip remaining steps....
************* Processing for branch: fix/api-limit *************
branch 'fix/api-limit' set up to track 'origin/fix/api-limit'.
file already exist skip remaining steps....
************* Processing for branch: fix/b2b2c-coupon *************
branch 'fix/b2b2c-coupon' set up to track 'origin/fix/b2b2c-coupon'.
file already exist skip remaining steps....
************* Processing for branch: fix/bulk-mail *************
branch 'fix/bulk-mail' set up to track 'origin/fix/bulk-mail'.
file already exist skip remaining steps....
************* Processing for branch: fix/buy-now-css *************
branch 'fix/buy-now-css' set up to track 'origin/fix/buy-now-css'.
file already exist skip remaining steps....
************* Processing for branch: fix/buy-now-flow *************
branch 'fix/buy-now-flow' set up to track 'origin/fix/buy-now-flow'.
file already exist skip remaining steps....
************* Processing for branch: fix/comment-coupon *************
branch 'fix/comment-coupon' set up to track 'origin/fix/comment-coupon'.
file already exist skip remaining steps....
************* Processing for branch: fix/comment-coupon-feature *************
branch 'fix/comment-coupon-feature' set up to track 'origin/fix/comment-coupon-feature'.
file already exist skip remaining steps....
************* Processing for branch: fix/coup-dscnt *************
branch 'fix/coup-dscnt' set up to track 'origin/fix/coup-dscnt'.
file already exist skip remaining steps....
************* Processing for branch: fix/coupon-structure *************
branch 'fix/coupon-structure' set up to track 'origin/fix/coupon-structure'.
file already exist skip remaining steps....
************* Processing for branch: fix/coupons *************
branch 'fix/coupons' set up to track 'origin/fix/coupons'.
file already exist skip remaining steps....
************* Processing for branch: fix/data-transfer-service *************
branch 'fix/data-transfer-service' set up to track 'origin/fix/data-transfer-service'.
file already exist skip remaining steps....
************* Processing for branch: fix/dates *************
branch 'fix/dates' set up to track 'origin/fix/dates'.
file already exist skip remaining steps....
************* Processing for branch: fix/enroll-now-error *************
branch 'fix/enroll-now-error' set up to track 'origin/fix/enroll-now-error'.
file already exist skip remaining steps....
************* Processing for branch: fix/gst-calculation *************
branch 'fix/gst-calculation' set up to track 'origin/fix/gst-calculation'.
file already exist skip remaining steps....
************* Processing for branch: fix/master-bug *************
branch 'fix/master-bug' set up to track 'origin/fix/master-bug'.
file already exist skip remaining steps....
************* Processing for branch: fix/offer-letter *************
branch 'fix/offer-letter' set up to track 'origin/fix/offer-letter'.
file already exist skip remaining steps....
************* Processing for branch: fix/opportunity-source *************
branch 'fix/opportunity-source' set up to track 'origin/fix/opportunity-source'.
file already exist skip remaining steps....
************* Processing for branch: fix/payment-notes *************
branch 'fix/payment-notes' set up to track 'origin/fix/payment-notes'.
file already exist skip remaining steps....
************* Processing for branch: fix/prod-offer-page *************
branch 'fix/prod-offer-page' set up to track 'origin/fix/prod-offer-page'.
file already exist skip remaining steps....
************* Processing for branch: fix/razorpay-notes *************
branch 'fix/razorpay-notes' set up to track 'origin/fix/razorpay-notes'.
file already exist skip remaining steps....
************* Processing for branch: fix/remove-otp-feedback *************
branch 'fix/remove-otp-feedback' set up to track 'origin/fix/remove-otp-feedback'.
file already exist skip remaining steps....
************* Processing for branch: fix/snm *************
branch 'fix/snm' set up to track 'origin/fix/snm'.
file already exist skip remaining steps....
************* Processing for branch: fix/stable-b2c-v2 *************
branch 'fix/stable-b2c-v2' set up to track 'origin/fix/stable-b2c-v2'.
file already exist skip remaining steps....
************* Processing for branch: fix/stable-v2 *************
branch 'fix/stable-v2' set up to track 'origin/fix/stable-v2'.
file already exist skip remaining steps....
************* Processing for branch: fix/ug/sheets *************
branch 'fix/ug/sheets' set up to track 'origin/fix/ug/sheets'.
file already exist skip remaining steps....
************* Processing for branch: fix/update-order-validation *************
branch 'fix/update-order-validation' set up to track 'origin/fix/update-order-validation'.
file already exist skip remaining steps....
************* Processing for branch: fix/variable-amount-pmnt *************
branch 'fix/variable-amount-pmnt' set up to track 'origin/fix/variable-amount-pmnt'.
file already exist skip remaining steps....
************* Processing for branch: fixes/ak/buy-now-flow *************
branch 'fixes/ak/buy-now-flow' set up to track 'origin/fixes/ak/buy-now-flow'.
file already exist skip remaining steps....
************* Processing for branch: fixes/ak/develop *************
branch 'fixes/ak/develop' set up to track 'origin/fixes/ak/develop'.
file already exist skip remaining steps....
************* Processing for branch: fixes/ak/master *************
branch 'fixes/ak/master' set up to track 'origin/fixes/ak/master'.
file already exist skip remaining steps....
************* Processing for branch: fixes/sb/offer-letter *************
branch 'fixes/sb/offer-letter' set up to track 'origin/fixes/sb/offer-letter'.
file already exist skip remaining steps....
************* Processing for branch: fixes/stable *************
branch 'fixes/stable' set up to track 'origin/fixes/stable'.
file already exist skip remaining steps....
************* Processing for branch: fixex/ak/sent-offer-letters *************
branch 'fixex/ak/sent-offer-letters' set up to track 'origin/fixex/ak/sent-offer-letters'.
file already exist skip remaining steps....
************* Processing for branch: fsd-pap *************
branch 'fsd-pap' set up to track 'origin/fsd-pap'.
file already exist skip remaining steps....
************* Processing for branch: master-06022023 *************
branch 'master-06022023' set up to track 'origin/master-06022023'.
file already exist skip remaining steps....
************* Processing for branch: masterclass/ak/changes *************
branch 'masterclass/ak/changes' set up to track 'origin/masterclass/ak/changes'.
file already exist skip remaining steps....
************* Processing for branch: payment-checks *************
branch 'payment-checks' set up to track 'origin/payment-checks'.
file already exist skip remaining steps....
************* Processing for branch: payment-page-refactoring *************
branch 'payment-page-refactoring' set up to track 'origin/payment-page-refactoring'.
file already exist skip remaining steps....
************* Processing for branch: pending-tasks/ak/odin *************
branch 'pending-tasks/ak/odin' set up to track 'origin/pending-tasks/ak/odin'.
file already exist skip remaining steps....
************* Processing for branch: public-payment-page *************
branch 'public-payment-page' set up to track 'origin/public-payment-page'.
file already exist skip remaining steps....
************* Processing for branch: revert-pr-281 *************
branch 'revert-pr-281' set up to track 'origin/revert-pr-281'.
file already exist skip remaining steps....
************* Processing for branch: revert-pr-286 *************
branch 'revert-pr-286' set up to track 'origin/revert-pr-286'.
file already exist skip remaining steps....
************* Processing for branch: revert-pr-395 *************
branch 'revert-pr-395' set up to track 'origin/revert-pr-395'.
file already exist skip remaining steps....
************* Processing for branch: revert-pr-402 *************
branch 'revert-pr-402' set up to track 'origin/revert-pr-402'.
file already exist skip remaining steps....
************* Processing for branch: revert-pr-416 *************
branch 'revert-pr-416' set up to track 'origin/revert-pr-416'.
file already exist skip remaining steps....
************* Processing for branch: revert-pr-454 *************
branch 'revert-pr-454' set up to track 'origin/revert-pr-454'.
file already exist skip remaining steps....
************* Processing for branch: revert-pr-460 *************
branch 'revert-pr-460' set up to track 'origin/revert-pr-460'.
file already exist skip remaining steps....
************* Processing for branch: sarvesh-odin *************
branch 'sarvesh-odin' set up to track 'origin/sarvesh-odin'.
file already exist skip remaining steps....
************* Processing for branch: sb/update/offerletter *************
branch 'sb/update/offerletter' set up to track 'origin/sb/update/offerletter'.
file already exist skip remaining steps....
************* Processing for branch: stable/ak/master-04012023 *************
branch 'stable/ak/master-04012023' set up to track 'origin/stable/ak/master-04012023'.
file already exist skip remaining steps....
************* Processing for branch: stable/b2c-v2 *************
branch 'stable/b2c-v2' set up to track 'origin/stable/b2c-v2'.
file already exist skip remaining steps....
************* Processing for branch: sushant/changes/v2 *************
branch 'sushant/changes/v2' set up to track 'origin/sushant/changes/v2'.
file already exist skip remaining steps....
************* Processing for branch: update/ak/referral-coupon *************
branch 'update/ak/referral-coupon' set up to track 'origin/update/ak/referral-coupon'.
file already exist skip remaining steps....
************* Processing for branch: updates/ak/enrol-now *************
branch 'updates/ak/enrol-now' set up to track 'origin/updates/ak/enrol-now'.
file already exist skip remaining steps....
Actioned perform on branch for repo b2c are:   
Cleanup completed... for b2c
******************************-----------******************************
working on repo collegeugc ........ 
************* Processing for branch: AC/webUpdate/magazine *************
branch 'AC/webUpdate/magazine' set up to track 'origin/AC/webUpdate/magazine'.
file already exist skip remaining steps....
************* Processing for branch: HomePageUpdate/AC/CollegeAdded *************
branch 'HomePageUpdate/AC/CollegeAdded' set up to track 'origin/HomePageUpdate/AC/CollegeAdded'.
file already exist skip remaining steps....
************* Processing for branch: alignItem/gk/resources *************
branch 'alignItem/gk/resources' set up to track 'origin/alignItem/gk/resources'.
file already exist skip remaining steps....
************* Processing for branch: blogUpdates *************
branch 'blogUpdates' set up to track 'origin/blogUpdates'.
file already exist skip remaining steps....
************* Processing for branch: blogpost59 *************
branch 'blogpost59' set up to track 'origin/blogpost59'.
file already exist skip remaining steps....
************* Processing for branch: blogs/fixes/ur *************
branch 'blogs/fixes/ur' set up to track 'origin/blogs/fixes/ur'.
file already exist skip remaining steps....
************* Processing for branch: collegeUpdate/gk/newCollegeAdded *************
branch 'collegeUpdate/gk/newCollegeAdded' set up to track 'origin/collegeUpdate/gk/newCollegeAdded'.
file already exist skip remaining steps....
************* Processing for branch: correction/AC/contact *************
branch 'correction/AC/contact' set up to track 'origin/correction/AC/contact'.
file already exist skip remaining steps....
************* Processing for branch: feature/ak/magazine-iframe *************
branch 'feature/ak/magazine-iframe' set up to track 'origin/feature/ak/magazine-iframe'.
file already exist skip remaining steps....
************* Processing for branch: feature/ak/updated-list *************
branch 'feature/ak/updated-list' set up to track 'origin/feature/ak/updated-list'.
file already exist skip remaining steps....
************* Processing for branch: feature/faq/ur *************
branch 'feature/faq/ur' set up to track 'origin/feature/faq/ur'.
file already exist skip remaining steps....
************* Processing for branch: feature/pd/blogs8 *************
branch 'feature/pd/blogs8' set up to track 'origin/feature/pd/blogs8'.
file already exist skip remaining steps....
************* Processing for branch: feature/podcast/ur *************
branch 'feature/podcast/ur' set up to track 'origin/feature/podcast/ur'.
file already exist skip remaining steps....
************* Processing for branch: feature/updates *************
branch 'feature/updates' set up to track 'origin/feature/updates'.
file already exist skip remaining steps....
************* Processing for branch: feature/visualsPage/ur *************
branch 'feature/visualsPage/ur' set up to track 'origin/feature/visualsPage/ur'.
file already exist skip remaining steps....
************* Processing for branch: features/resource/ur *************
branch 'features/resource/ur' set up to track 'origin/features/resource/ur'.
file already exist skip remaining steps....
************* Processing for branch: finalUpdates *************
branch 'finalUpdates' set up to track 'origin/finalUpdates'.
file already exist skip remaining steps....
************* Processing for branch: fix/textual-changes *************
branch 'fix/textual-changes' set up to track 'origin/fix/textual-changes'.
file already exist skip remaining steps....
************* Processing for branch: fix/ujjwal/blogupdates *************
branch 'fix/ujjwal/blogupdates' set up to track 'origin/fix/ujjwal/blogupdates'.
file already exist skip remaining steps....
************* Processing for branch: fix/ujjwal/contactpopup *************
branch 'fix/ujjwal/contactpopup' set up to track 'origin/fix/ujjwal/contactpopup'.
file already exist skip remaining steps....
************* Processing for branch: fixes/college-updates/ur *************
branch 'fixes/college-updates/ur' set up to track 'origin/fixes/college-updates/ur'.
file already exist skip remaining steps....
************* Processing for branch: fixes/contactpopup/ur *************
branch 'fixes/contactpopup/ur' set up to track 'origin/fixes/contactpopup/ur'.
file already exist skip remaining steps....
************* Processing for branch: fixes/footer/ur *************
branch 'fixes/footer/ur' set up to track 'origin/fixes/footer/ur'.
file already exist skip remaining steps....
************* Processing for branch: fixes/general/ac *************
branch 'fixes/general/ac' set up to track 'origin/fixes/general/ac'.
file already exist skip remaining steps....
************* Processing for branch: fixes/general/ur *************
branch 'fixes/general/ur' set up to track 'origin/fixes/general/ur'.
file already exist skip remaining steps....
************* Processing for branch: fixes/homepage/ur *************
branch 'fixes/homepage/ur' set up to track 'origin/fixes/homepage/ur'.
file already exist skip remaining steps....
************* Processing for branch: fixes/jrcp/ur *************
branch 'fixes/jrcp/ur' set up to track 'origin/fixes/jrcp/ur'.
file already exist skip remaining steps....
************* Processing for branch: fixes/minorupdates/ur *************
branch 'fixes/minorupdates/ur' set up to track 'origin/fixes/minorupdates/ur'.
file already exist skip remaining steps....
************* Processing for branch: fixes/ur/faq *************
branch 'fixes/ur/faq' set up to track 'origin/fixes/ur/faq'.
file already exist skip remaining steps....
************* Processing for branch: fixes/ur/minorchanges *************
branch 'fixes/ur/minorchanges' set up to track 'origin/fixes/ur/minorchanges'.
file already exist skip remaining steps....
************* Processing for branch: fixes/whatsapp/ur *************
branch 'fixes/whatsapp/ur' set up to track 'origin/fixes/whatsapp/ur'.
file already exist skip remaining steps....
************* Processing for branch: infographic/AC/update *************
branch 'infographic/AC/update' set up to track 'origin/infographic/AC/update'.
file already exist skip remaining steps....
************* Processing for branch: newUpdates *************
branch 'newUpdates' set up to track 'origin/newUpdates'.
file already exist skip remaining steps....
Actioned perform on branch for repo collegeugc are:   
Cleanup completed... for collegeugc
******************************-----------******************************
working on repo vc-universe ........ 
************* Processing for branch: WB/connectionFInal/Rahul/Rauniyar *************
branch 'WB/connectionFInal/Rahul/Rauniyar' set up to track 'origin/WB/connectionFInal/Rahul/Rauniyar'.
file already exist skip remaining steps....
************* Processing for branch: demo/ak/feature-polishing *************
branch 'demo/ak/feature-polishing' set up to track 'origin/demo/ak/feature-polishing'.
file already exist skip remaining steps....
************* Processing for branch: develop *************
branch 'develop' set up to track 'origin/develop'.
file already exist skip remaining steps....
************* Processing for branch: enhancement *************
branch 'enhancement' set up to track 'origin/enhancement'.
file already exist skip remaining steps....
************* Processing for branch: feature/R-Rauniyar/connection/w-Board *************
branch 'feature/R-Rauniyar/connection/w-Board' set up to track 'origin/feature/R-Rauniyar/connection/w-Board'.
file already exist skip remaining steps....
************* Processing for branch: feature/RR/chat *************
branch 'feature/RR/chat' set up to track 'origin/feature/RR/chat'.
file already exist skip remaining steps....
************* Processing for branch: feature/RR/whiteboard-liveconnection *************
branch 'feature/RR/whiteboard-liveconnection' set up to track 'origin/feature/RR/whiteboard-liveconnection'.
file already exist skip remaining steps....
************* Processing for branch: feature/RR/whiteboard-remoteshapes *************
branch 'feature/RR/whiteboard-remoteshapes' set up to track 'origin/feature/RR/whiteboard-remoteshapes'.
file already exist skip remaining steps....
************* Processing for branch: feature/ak/alliance-upcoming-session *************
branch 'feature/ak/alliance-upcoming-session' set up to track 'origin/feature/ak/alliance-upcoming-session'.
file already exist skip remaining steps....
************* Processing for branch: feature/ak/authentication *************
branch 'feature/ak/authentication' set up to track 'origin/feature/ak/authentication'.
file already exist skip remaining steps....
************* Processing for branch: feature/ak/chat-video-integrations *************
branch 'feature/ak/chat-video-integrations' set up to track 'origin/feature/ak/chat-video-integrations'.
file already exist skip remaining steps....
************* Processing for branch: feature/ak/easy-navgation *************
branch 'feature/ak/easy-navgation' set up to track 'origin/feature/ak/easy-navgation'.
file already exist skip remaining steps....
************* Processing for branch: feature/ak/eraser-pencil *************
branch 'feature/ak/eraser-pencil' set up to track 'origin/feature/ak/eraser-pencil'.
file already exist skip remaining steps....
************* Processing for branch: feature/ak/on-hover-details *************
branch 'feature/ak/on-hover-details' set up to track 'origin/feature/ak/on-hover-details'.
file already exist skip remaining steps....
************* Processing for branch: feature/ak/pencil-marker-chatserver *************
branch 'feature/ak/pencil-marker-chatserver' set up to track 'origin/feature/ak/pencil-marker-chatserver'.
file already exist skip remaining steps....
************* Processing for branch: feature/ak/singleton-classes *************
branch 'feature/ak/singleton-classes' set up to track 'origin/feature/ak/singleton-classes'.
file already exist skip remaining steps....
************* Processing for branch: feature/ak/singleton-services *************
branch 'feature/ak/singleton-services' set up to track 'origin/feature/ak/singleton-services'.
file already exist skip remaining steps....
************* Processing for branch: feature/ak/vc-ws-events *************
branch 'feature/ak/vc-ws-events' set up to track 'origin/feature/ak/vc-ws-events'.
file already exist skip remaining steps....
************* Processing for branch: feature/ak/web-layout-correction *************
branch 'feature/ak/web-layout-correction' set up to track 'origin/feature/ak/web-layout-correction'.
file already exist skip remaining steps....
************* Processing for branch: feature/ak/whiteboard-connection *************
branch 'feature/ak/whiteboard-connection' set up to track 'origin/feature/ak/whiteboard-connection'.
file already exist skip remaining steps....
************* Processing for branch: feature/ak/ws-chat-wb-messaging *************
branch 'feature/ak/ws-chat-wb-messaging' set up to track 'origin/feature/ak/ws-chat-wb-messaging'.
file already exist skip remaining steps....
************* Processing for branch: feature/et/listern-only-audio *************
branch 'feature/et/listern-only-audio' set up to track 'origin/feature/et/listern-only-audio'.
file already exist skip remaining steps....
************* Processing for branch: feature/et/media-constraints *************
branch 'feature/et/media-constraints' set up to track 'origin/feature/et/media-constraints'.
file already exist skip remaining steps....
************* Processing for branch: feature/et/network-monitor *************
branch 'feature/et/network-monitor' set up to track 'origin/feature/et/network-monitor'.
file already exist skip remaining steps....
************* Processing for branch: feature/et/screenshare-audio *************
branch 'feature/et/screenshare-audio' set up to track 'origin/feature/et/screenshare-audio'.
file already exist skip remaining steps....
************* Processing for branch: feature/et/video-constraints *************
branch 'feature/et/video-constraints' set up to track 'origin/feature/et/video-constraints'.
file already exist skip remaining steps....
************* Processing for branch: feature/et/webrtc-handle-bad-network *************
branch 'feature/et/webrtc-handle-bad-network' set up to track 'origin/feature/et/webrtc-handle-bad-network'.
file already exist skip remaining steps....
************* Processing for branch: feature/et/webrtc-reconnection *************
branch 'feature/et/webrtc-reconnection' set up to track 'origin/feature/et/webrtc-reconnection'.
file already exist skip remaining steps....
************* Processing for branch: feature/fabric-whiteboard *************
branch 'feature/fabric-whiteboard' set up to track 'origin/feature/fabric-whiteboard'.
file already exist skip remaining steps....
************* Processing for branch: feature/rr/whiteboard-liveconnection *************
file already exist skip remaining steps....
************* Processing for branch: feature/st/custom-bgs *************
branch 'feature/st/custom-bgs' set up to track 'origin/feature/st/custom-bgs'.
file already exist skip remaining steps....
************* Processing for branch: feature/st/docker-file *************
branch 'feature/st/docker-file' set up to track 'origin/feature/st/docker-file'.
file already exist skip remaining steps....
************* Processing for branch: feature/st/janus-reconnection *************
branch 'feature/st/janus-reconnection' set up to track 'origin/feature/st/janus-reconnection'.
file already exist skip remaining steps....
************* Processing for branch: feature/st/screenShare *************
branch 'feature/st/screenShare' set up to track 'origin/feature/st/screenShare'.
file already exist skip remaining steps....
************* Processing for branch: feature/st/video-loader-animation *************
branch 'feature/st/video-loader-animation' set up to track 'origin/feature/st/video-loader-animation'.
file already exist skip remaining steps....
************* Processing for branch: feature/st/waiting-room *************
branch 'feature/st/waiting-room' set up to track 'origin/feature/st/waiting-room'.
file already exist skip remaining steps....
************* Processing for branch: feature/ug/admin-dashboard *************
branch 'feature/ug/admin-dashboard' set up to track 'origin/feature/ug/admin-dashboard'.
file already exist skip remaining steps....
************* Processing for branch: feature/ug/admin-dashboard-conf *************
branch 'feature/ug/admin-dashboard-conf' set up to track 'origin/feature/ug/admin-dashboard-conf'.
file already exist skip remaining steps....
************* Processing for branch: feature/ug/chat *************
branch 'feature/ug/chat' set up to track 'origin/feature/ug/chat'.
file already exist skip remaining steps....
************* Processing for branch: feature/ug/destop-chat-ui *************
branch 'feature/ug/destop-chat-ui' set up to track 'origin/feature/ug/destop-chat-ui'.
file already exist skip remaining steps....
************* Processing for branch: feature/ug/logging-and-loading *************
branch 'feature/ug/logging-and-loading' set up to track 'origin/feature/ug/logging-and-loading'.
file already exist skip remaining steps....
************* Processing for branch: feature/ug/mobile-view *************
branch 'feature/ug/mobile-view' set up to track 'origin/feature/ug/mobile-view'.
file already exist skip remaining steps....
************* Processing for branch: feature/ug/new-janus-admin *************
branch 'feature/ug/new-janus-admin' set up to track 'origin/feature/ug/new-janus-admin'.
file already exist skip remaining steps....
************* Processing for branch: feature/ug/reduxStore *************
branch 'feature/ug/reduxStore' set up to track 'origin/feature/ug/reduxStore'.
file already exist skip remaining steps....
************* Processing for branch: feature/ug/socket-io *************
branch 'feature/ug/socket-io' set up to track 'origin/feature/ug/socket-io'.
file already exist skip remaining steps....
************* Processing for branch: feature/ug/vcManager *************
branch 'feature/ug/vcManager' set up to track 'origin/feature/ug/vcManager'.
file already exist skip remaining steps....
************* Processing for branch: feature/ug/video-room-conf *************
branch 'feature/ug/video-room-conf' set up to track 'origin/feature/ug/video-room-conf'.
file already exist skip remaining steps....
************* Processing for branch: feature/ug/videoConf-redux *************
branch 'feature/ug/videoConf-redux' set up to track 'origin/feature/ug/videoConf-redux'.
file already exist skip remaining steps....
************* Processing for branch: feature/white-board-connection/RR/connections *************
branch 'feature/white-board-connection/RR/connections' set up to track 'origin/feature/white-board-connection/RR/connections'.
file already exist skip remaining steps....
************* Processing for branch: feature/whiteboard/Rauniyar/connection *************
branch 'feature/whiteboard/Rauniyar/connection' set up to track 'origin/feature/whiteboard/Rauniyar/connection'.
file already exist skip remaining steps....
************* Processing for branch: features/whiteboard *************
branch 'features/whiteboard' set up to track 'origin/features/whiteboard'.
file already exist skip remaining steps....
************* Processing for branch: fix/ak/admin-dashboard-css *************
branch 'fix/ak/admin-dashboard-css' set up to track 'origin/fix/ak/admin-dashboard-css'.
file already exist skip remaining steps....
************* Processing for branch: fix/ak/full-view *************
branch 'fix/ak/full-view' set up to track 'origin/fix/ak/full-view'.
file already exist skip remaining steps....
************* Processing for branch: fix/ak/video-grid-fixes *************
branch 'fix/ak/video-grid-fixes' set up to track 'origin/fix/ak/video-grid-fixes'.
file already exist skip remaining steps....
************* Processing for branch: fix/ak/view-switch *************
branch 'fix/ak/view-switch' set up to track 'origin/fix/ak/view-switch'.
file already exist skip remaining steps....
************* Processing for branch: fix/ak/whiteboard-p2p *************
branch 'fix/ak/whiteboard-p2p' set up to track 'origin/fix/ak/whiteboard-p2p'.
file already exist skip remaining steps....
************* Processing for branch: fixes/ak/pending-bugs-features *************
branch 'fixes/ak/pending-bugs-features' set up to track 'origin/fixes/ak/pending-bugs-features'.
file already exist skip remaining steps....
************* Processing for branch: old-develop *************
branch 'old-develop' set up to track 'origin/old-develop'.
file already exist skip remaining steps....
************* Processing for branch: develop/ChatUIs *************
file already exist skip remaining steps....
************* Processing for branch: refactor/et/videoroom *************
branch 'refactor/et/videoroom' set up to track 'origin/refactor/et/videoroom'.
file already exist skip remaining steps....
************* Processing for branch: rp/unit/testing *************
branch 'rp/unit/testing' set up to track 'origin/rp/unit/testing'.
file already exist skip remaining steps....
************* Processing for branch: ug/chat/enhancements *************
branch 'ug/chat/enhancements' set up to track 'origin/ug/chat/enhancements'.
file already exist skip remaining steps....
************* Processing for branch: ui/ug/network-monitoring *************
branch 'ui/ug/network-monitoring' set up to track 'origin/ui/ug/network-monitoring'.
file already exist skip remaining steps....
Actioned perform on branch for repo vc-universe are:   
Cleanup completed... for vc-universe
******************************-----------******************************
working on repo moodle_plugin ........ 
Actioned perform on branch for repo moodle_plugin are:   
Cleanup completed... for moodle_plugin
******************************-----------******************************
working on repo p2p_android ........ 
Actioned perform on branch for repo p2p_android are:   
Cleanup completed... for p2p_android
******************************-----------******************************
working on repo mail-templating-service ........ 
Actioned perform on branch for repo mail-templating-service are:   
Cleanup completed... for mail-templating-service
******************************-----------******************************
working on repo chromex47 ........ 
************* Processing for branch: manish *************
branch 'manish' set up to track 'origin/manish'.
file already exist skip remaining steps....
************* Processing for branch: vc-recording *************
branch 'vc-recording' set up to track 'origin/vc-recording'.
file already exist skip remaining steps....
Actioned perform on branch for repo chromex47 are:   
Cleanup completed... for chromex47
******************************-----------******************************
working on repo fullmoon-sw ........ 
************* Processing for branch: develop *************
branch 'develop' set up to track 'origin/develop'.
file already exist skip remaining steps....
Actioned perform on branch for repo fullmoon-sw are:   
Cleanup completed... for fullmoon-sw
******************************-----------******************************
working on repo bulkuploadservice ........ 
************* Processing for branch: develop *************
branch 'develop' set up to track 'origin/develop'.
file already exist skip remaining steps....
Actioned perform on branch for repo bulkuploadservice are:   
Cleanup completed... for bulkuploadservice
******************************-----------******************************
working on repo elasticsearch-vector-scoring-plugin ........ 
Actioned perform on branch for repo elasticsearch-vector-scoring-plugin are:   
Cleanup completed... for elasticsearch-vector-scoring-plugin
******************************-----------******************************
working on repo recservice_deployer ........ 
Actioned perform on branch for repo recservice_deployer are:   
Cleanup completed... for recservice_deployer
******************************-----------******************************
working on repo talkon ........ 
************* Processing for branch: develop *************
branch 'develop' set up to track 'origin/develop'.
file already exist skip remaining steps....
Actioned perform on branch for repo talkon are:   
Cleanup completed... for talkon
******************************-----------******************************
working on repo videoconfload ........ 
************* Processing for branch: vcController_load *************
branch 'vcController_load' set up to track 'origin/vcController_load'.
file already exist skip remaining steps....
************* Processing for branch: video_room_load *************
branch 'video_room_load' set up to track 'origin/video_room_load'.
file already exist skip remaining steps....
Actioned perform on branch for repo videoconfload are:   
Cleanup completed... for videoconfload
******************************-----------******************************
working on repo rtpforwardtowowza ........ 
Actioned perform on branch for repo rtpforwardtowowza are:   
Cleanup completed... for rtpforwardtowowza
******************************-----------******************************
working on repo vpn-diag-node ........ 
Actioned perform on branch for repo vpn-diag-node are:   
Cleanup completed... for vpn-diag-node
******************************-----------******************************
working on repo deep_learning ........ 
************* Processing for branch: ebin-dev *************
branch 'ebin-dev' set up to track 'origin/ebin-dev'.
file already exist skip remaining steps....
Actioned perform on branch for repo deep_learning are:   
Cleanup completed... for deep_learning
******************************-----------******************************
working on repo impartus3.0 ........ 
************* Processing for branch: alok_fixes *************
branch 'alok_fixes' set up to track 'origin/alok_fixes'.
file already exist skip remaining steps....
************* Processing for branch: develop *************
branch 'develop' set up to track 'origin/develop'.
file already exist skip remaining steps....
************* Processing for branch: manish *************
branch 'manish' set up to track 'origin/manish'.
file already exist skip remaining steps....
************* Processing for branch: satyamdev *************
branch 'satyamdev' set up to track 'origin/satyamdev'.
file already exist skip remaining steps....
************* Processing for branch: yarn *************
branch 'yarn' set up to track 'origin/yarn'.
file already exist skip remaining steps....
Actioned perform on branch for repo impartus3.0 are:   
Cleanup completed... for impartus3.0
******************************-----------******************************
working on repo devops-scripts ........ 
************* Processing for branch: develop *************
branch 'develop' set up to track 'origin/develop'.
file already exist skip remaining steps....
************* Processing for branch: gps_branch *************
branch 'gps_branch' set up to track 'origin/gps_branch'.
file already exist skip remaining steps....
************* Processing for branch: saransh_branch *************
branch 'saransh_branch' set up to track 'origin/saransh_branch'.
file already exist skip remaining steps....
Actioned perform on branch for repo devops-scripts are:   
Cleanup completed... for devops-scripts
******************************-----------******************************
working on repo elasticsearchindexer ........ 
Actioned perform on branch for repo elasticsearchindexer are:   
Cleanup completed... for elasticsearchindexer
******************************-----------******************************
working on repo cordova-plugin-iosrtc ........ 
Actioned perform on branch for repo cordova-plugin-iosrtc are:   
Cleanup completed... for cordova-plugin-iosrtc
******************************-----------******************************
working on repo irs ........ 
************* Processing for branch: base64_logo *************
branch 'base64_logo' set up to track 'origin/base64_logo'.
file already exist skip remaining steps....
************* Processing for branch: cuda_support *************
branch 'cuda_support' set up to track 'origin/cuda_support'.
file already exist skip remaining steps....
************* Processing for branch: develop *************
branch 'develop' set up to track 'origin/develop'.
file already exist skip remaining steps....
************* Processing for branch: ebin_dev *************
branch 'ebin_dev' set up to track 'origin/ebin_dev'.
file already exist skip remaining steps....
************* Processing for branch: gps_irs *************
branch 'gps_irs' set up to track 'origin/gps_irs'.
file already exist skip remaining steps....
************* Processing for branch: vc_processing *************
branch 'vc_processing' set up to track 'origin/vc_processing'.
file already exist skip remaining steps....
************* Processing for branch: version_details *************
branch 'version_details' set up to track 'origin/version_details'.
file already exist skip remaining steps....
Actioned perform on branch for repo irs are:   
Cleanup completed... for irs
******************************-----------******************************
working on repo vc-prot-test ........ 
Actioned perform on branch for repo vc-prot-test are:   
Cleanup completed... for vc-prot-test
******************************-----------******************************
working on repo flippedclassroom ........ 
************* Processing for branch: bugfix-file-system *************
branch 'bugfix-file-system' set up to track 'origin/bugfix-file-system'.
file already exist skip remaining steps....
************* Processing for branch: bugfix-upload *************
branch 'bugfix-upload' set up to track 'origin/bugfix-upload'.
file already exist skip remaining steps....
************* Processing for branch: develop *************
branch 'develop' set up to track 'origin/develop'.
file already exist skip remaining steps....
************* Processing for branch: feature-edit-video *************
branch 'feature-edit-video' set up to track 'origin/feature-edit-video'.
file already exist skip remaining steps....
************* Processing for branch: feature-flippedclassroom-multiCam *************
branch 'feature-flippedclassroom-multiCam' set up to track 'origin/feature-flippedclassroom-multiCam'.
file already exist skip remaining steps....
************* Processing for branch: feature-translations *************
branch 'feature-translations' set up to track 'origin/feature-translations'.
file already exist skip remaining steps....
************* Processing for branch: old-base64-implementation *************
branch 'old-base64-implementation' set up to track 'origin/old-base64-implementation'.
file already exist skip remaining steps....
************* Processing for branch: refactored-app *************
branch 'refactored-app' set up to track 'origin/refactored-app'.
file already exist skip remaining steps....
************* Processing for branch: vinod *************
branch 'vinod' set up to track 'origin/vinod'.
file already exist skip remaining steps....
Actioned perform on branch for repo flippedclassroom are:   
Cleanup completed... for flippedclassroom
******************************-----------******************************
working on repo utility-code ........ 
************* Processing for branch: echo_cancellation *************
branch 'echo_cancellation' set up to track 'origin/echo_cancellation'.
file already exist skip remaining steps....
************* Processing for branch: sai_util *************
branch 'sai_util' set up to track 'origin/sai_util'.
file already exist skip remaining steps....
Actioned perform on branch for repo utility-code are:   
Cleanup completed... for utility-code
******************************-----------******************************
working on repo lti ........ 
************* Processing for branch: develop *************
branch 'develop' set up to track 'origin/develop'.
file already exist skip remaining steps....
************* Processing for branch: gps_lti *************
branch 'gps_lti' set up to track 'origin/gps_lti'.
file already exist skip remaining steps....
Actioned perform on branch for repo lti are:   
Cleanup completed... for lti
******************************-----------******************************
working on repo corpsite ........ 
Actioned perform on branch for repo corpsite are:   
Cleanup completed... for corpsite
******************************-----------******************************
working on repo urlshortner ........ 
Actioned perform on branch for repo urlshortner are:   
Cleanup completed... for urlshortner
******************************-----------******************************
working on repo screencapture ........ 
************* Processing for branch: ab_sc_profmode *************
branch 'ab_sc_profmode' set up to track 'origin/ab_sc_profmode'.
file already exist skip remaining steps....
************* Processing for branch: develop *************
branch 'develop' set up to track 'origin/develop'.
file already exist skip remaining steps....
Actioned perform on branch for repo screencapture are:   
Cleanup completed... for screencapture
******************************-----------******************************
working on repo toddler ........ 
************* Processing for branch: develop *************
branch 'develop' set up to track 'origin/develop'.
file already exist skip remaining steps....
************* Processing for branch: toddler_3 *************
branch 'toddler_3' set up to track 'origin/toddler_3'.
file already exist skip remaining steps....
Actioned perform on branch for repo toddler are:   
Cleanup completed... for toddler
******************************-----------******************************
working on repo professoridentification ........ 
************* Processing for branch: develop *************
branch 'develop' set up to track 'origin/develop'.
file already exist skip remaining steps....
Actioned perform on branch for repo professoridentification are:   
Cleanup completed... for professoridentification
******************************-----------******************************
working on repo screencapture-serverside ........ 
************* Processing for branch: first_slide_issue *************
branch 'first_slide_issue' set up to track 'origin/first_slide_issue'.
file already exist skip remaining steps....
Actioned perform on branch for repo screencapture-serverside are:   
Cleanup completed... for screencapture-serverside
******************************-----------******************************
working on repo angularweb ........ 
************* Processing for branch: AB_InvalidateCache *************
Your branch is up to date with 'origin/AB_InvalidateCache'.
file already exist skip remaining steps....
************* Processing for branch: BugFixes *************
Your branch is up to date with 'origin/BugFixes'.
file already exist skip remaining steps....
************* Processing for branch: ManageUsers *************
Your branch is up to date with 'origin/ManageUsers'.
file already exist skip remaining steps....
************* Processing for branch: Prof_lecture_Access *************
Your branch is up to date with 'origin/Prof_lecture_Access'.
file already exist skip remaining steps....
************* Processing for branch: ab_avcon *************
Your branch is up to date with 'origin/ab_avcon'.
file already exist skip remaining steps....
************* Processing for branch: ab_heap *************
Your branch is up to date with 'origin/ab_heap'.
file already exist skip remaining steps....
************* Processing for branch: ab_livestream_urls *************
Your branch is up to date with 'origin/ab_livestream_urls'.
file already exist skip remaining steps....
************* Processing for branch: ab_sc_profmode *************
Your branch is up to date with 'origin/ab_sc_profmode'.
file already exist skip remaining steps....
************* Processing for branch: ab_screencapture_timezone *************
Your branch is up to date with 'origin/ab_screencapture_timezone'.
file already exist skip remaining steps....
************* Processing for branch: ab_screencapture_tz_fix *************
Your branch is up to date with 'origin/ab_screencapture_tz_fix'.
file already exist skip remaining steps....
************* Processing for branch: ab_upload_handler *************
Your branch is up to date with 'origin/ab_upload_handler'.
file already exist skip remaining steps....
************* Processing for branch: ab_webapp *************
Your branch is up to date with 'origin/ab_webapp'.
file already exist skip remaining steps....
************* Processing for branch: admindashboardfix *************
Your branch is up to date with 'origin/admindashboardfix'.
file already exist skip remaining steps....
************* Processing for branch: ak_android_ws2 *************
Your branch is up to date with 'origin/ak_android_ws2'.
file already exist skip remaining steps....
************* Processing for branch: ak_clientapps_ws *************
Your branch is up to date with 'origin/ak_clientapps_ws'.
file already exist skip remaining steps....
************* Processing for branch: ak_heatmap_ws *************
Your branch is up to date with 'origin/ak_heatmap_ws'.
file already exist skip remaining steps....
************* Processing for branch: ak_jwt *************
Your branch is up to date with 'origin/ak_jwt'.
file already exist skip remaining steps....
************* Processing for branch: ak_screencapture_webservices *************
Your branch is up to date with 'origin/ak_screencapture_webservices'.
file already exist skip remaining steps....
************* Processing for branch: ak_url_permissions *************
Your branch is up to date with 'origin/ak_url_permissions'.
file already exist skip remaining steps....
************* Processing for branch: ak_web_screencapture *************
Your branch is up to date with 'origin/ak_web_screencapture'.
file already exist skip remaining steps....
************* Processing for branch: ak_win_rev2 *************
Your branch is up to date with 'origin/ak_win_rev2'.
file already exist skip remaining steps....
************* Processing for branch: android-pesit *************
Your branch is up to date with 'origin/android-pesit'.
file already exist skip remaining steps....
************* Processing for branch: before_vermillion *************
Your branch is up to date with 'origin/before_vermillion'.
file already exist skip remaining steps....
************* Processing for branch: branch_WIP *************
Your branch is up to date with 'origin/branch_WIP'.
file already exist skip remaining steps....
************* Processing for branch: bug-fix-week *************
Your branch is up to date with 'origin/bug-fix-week'.
file already exist skip remaining steps....
************* Processing for branch: bugfix-alok *************
Your branch is up to date with 'origin/bugfix-alok'.
file already exist skip remaining steps....
************* Processing for branch: camera_processor_changes *************
Your branch is up to date with 'origin/camera_processor_changes'.
file already exist skip remaining steps....
************* Processing for branch: config_branch *************
Your branch is up to date with 'origin/config_branch'.
file already exist skip remaining steps....
************* Processing for branch: consolidated *************
Your branch is up to date with 'origin/consolidated'.
file already exist skip remaining steps....
************* Processing for branch: damage_control *************
Your branch is up to date with 'origin/damage_control'.
file already exist skip remaining steps....
************* Processing for branch: develop *************
Your branch is up to date with 'origin/develop'.
file already exist skip remaining steps....
************* Processing for branch: develop2 *************
Your branch is up to date with 'origin/develop2'.
file already exist skip remaining steps....
************* Processing for branch: gp_angular *************
Your branch is up to date with 'origin/gp_angular'.
file already exist skip remaining steps....
************* Processing for branch: gp_web2 *************
Your branch is up to date with 'origin/gp_web2'.
file already exist skip remaining steps....
************* Processing for branch: heatmap_wip *************
Your branch is up to date with 'origin/heatmap_wip'.
file already exist skip remaining steps....
************* Processing for branch: html_insti_logo *************
Your branch is up to date with 'origin/html_insti_logo'.
file already exist skip remaining steps....
************* Processing for branch: iimbcdn *************
Your branch is up to date with 'origin/iimbcdn'.
file already exist skip remaining steps....
************* Processing for branch: jaipuria *************
Your branch is up to date with 'origin/jaipuria'.
file already exist skip remaining steps....
************* Processing for branch: jaipuria_bugfix *************
Your branch is up to date with 'origin/jaipuria_bugfix'.
file already exist skip remaining steps....
************* Processing for branch: jan8_fix *************
Your branch is up to date with 'origin/jan8_fix'.
file already exist skip remaining steps....
************* Processing for branch: live-stream-changes *************
Your branch is up to date with 'origin/live-stream-changes'.
file already exist skip remaining steps....
************* Processing for branch: ltifixagain *************
Your branch is up to date with 'origin/ltifixagain'.
file already exist skip remaining steps....
************* Processing for branch: mk06july2016 *************
Your branch is up to date with 'origin/mk06july2016'.
file already exist skip remaining steps....
************* Processing for branch: mk07july2016 *************
Your branch is up to date with 'origin/mk07july2016'.
file already exist skip remaining steps....
************* Processing for branch: mk1stmarch *************
Your branch is up to date with 'origin/mk1stmarch'.
file already exist skip remaining steps....
************* Processing for branch: newui.nu293 *************
Your branch is up to date with 'origin/newui.nu293'.
file already exist skip remaining steps....
************* Processing for branch: only_prof_access *************
Your branch is up to date with 'origin/only_prof_access'.
file already exist skip remaining steps....
************* Processing for branch: p1-fixes *************
Your branch is ahead of 'origin/p1-fixes' by 1 commit.
  (use "git push" to publish your local commits)
file already exist skip remaining steps....
************* Processing for branch: pipeline *************
branch 'pipeline' set up to track 'origin/pipeline'.
[pipeline a6072c8e] DO-50 bitbucket-pipelines.yml added
 1 file changed, 53 insertions(+)
 create mode 100755 bitbucket-pipelines.yml
************* Processing for branch: remove-edited-slide *************
branch 'remove-edited-slide' set up to track 'origin/remove-edited-slide'.
[remove-edited-slide 8970f853] DO-50 bitbucket-pipelines.yml added
 1 file changed, 53 insertions(+)
 create mode 100755 bitbucket-pipelines.yml
************* Processing for branch: self-enroll *************
branch 'self-enroll' set up to track 'origin/self-enroll'.
[self-enroll 5edb4832] DO-50 bitbucket-pipelines.yml added
 1 file changed, 53 insertions(+)
 create mode 100755 bitbucket-pipelines.yml
************* Processing for branch: shrishti-bugfix *************
branch 'shrishti-bugfix' set up to track 'origin/shrishti-bugfix'.
[shrishti-bugfix 722ea3f6] DO-50 bitbucket-pipelines.yml added
 1 file changed, 53 insertions(+)
 create mode 100755 bitbucket-pipelines.yml
************* Processing for branch: sns_changes *************
branch 'sns_changes' set up to track 'origin/sns_changes'.
[sns_changes f4b598bf] DO-50 bitbucket-pipelines.yml added
 1 file changed, 53 insertions(+)
 create mode 100755 bitbucket-pipelines.yml
************* Processing for branch: surya-angularweb *************
branch 'surya-angularweb' set up to track 'origin/surya-angularweb'.
[surya-angularweb 3d1339dc] DO-50 bitbucket-pipelines.yml added
 1 file changed, 53 insertions(+)
 create mode 100755 bitbucket-pipelines.yml
************* Processing for branch: two_view_page *************
branch 'two_view_page' set up to track 'origin/two_view_page'.
[two_view_page 99e67567] DO-50 bitbucket-pipelines.yml added
 1 file changed, 53 insertions(+)
 create mode 100755 bitbucket-pipelines.yml
************* Processing for branch: uday_newuibugfix *************
branch 'uday_newuibugfix' set up to track 'origin/uday_newuibugfix'.
[uday_newuibugfix cedfb98c] DO-50 bitbucket-pipelines.yml added
 1 file changed, 53 insertions(+)
 create mode 100755 bitbucket-pipelines.yml
************* Processing for branch: uday_ui_fixes *************
branch 'uday_ui_fixes' set up to track 'origin/uday_ui_fixes'.
[uday_ui_fixes 8183d915] DO-50 bitbucket-pipelines.yml added
 1 file changed, 53 insertions(+)
 create mode 100755 bitbucket-pipelines.yml
************* Processing for branch: urgent_fix *************
branch 'urgent_fix' set up to track 'origin/urgent_fix'.
[urgent_fix 0e8ada9b] DO-50 bitbucket-pipelines.yml added
 1 file changed, 53 insertions(+)
 create mode 100755 bitbucket-pipelines.yml
************* Processing for branch: vid-player-error-fixes *************
branch 'vid-player-error-fixes' set up to track 'origin/vid-player-error-fixes'.
[vid-player-error-fixes 82e5d9b5] DO-50 bitbucket-pipelines.yml added
 1 file changed, 53 insertions(+)
 create mode 100755 bitbucket-pipelines.yml
************* Processing for branch: videoslides *************
branch 'videoslides' set up to track 'origin/videoslides'.
[videoslides 66350f07] DO-50 bitbucket-pipelines.yml added
 1 file changed, 53 insertions(+)
 create mode 100755 bitbucket-pipelines.yml
************* Processing for branch: win-changes *************
branch 'win-changes' set up to track 'origin/win-changes'.
[win-changes a677d98d] DO-50 bitbucket-pipelines.yml added
 1 file changed, 53 insertions(+)
 create mode 100755 bitbucket-pipelines.yml
************* Processing for branch: wip *************
branch 'wip' set up to track 'origin/wip'.
[wip 3e81ac34] DO-50 bitbucket-pipelines.yml added
 1 file changed, 53 insertions(+)
 create mode 100755 bitbucket-pipelines.yml
Actioned perform on branch for repo angularweb are: pipelineremove-edited-slideself-enrollshrishti-bugfixsns_changessurya-angularwebtwo_view_pageuday_newuibugfixuday_ui_fixesurgent_fixvid-player-error-fixesvideoslideswin-changeswip  
Cleanup completed... for angularweb
******************************-----------******************************
working on repo xcoderservice ........ 
Actioned perform on branch for repo xcoderservice are:   
Cleanup completed... for xcoderservice
******************************-----------******************************
working on repo webapp-playbook ........ 
Actioned perform on branch for repo webapp-playbook are:   
Cleanup completed... for webapp-playbook
******************************-----------******************************
working on repo db ........ 
Actioned perform on branch for repo db are:   
Cleanup completed... for db
******************************-----------******************************
working on repo ios ........ 
************* Processing for branch: MemoryLeakTest *************
branch 'MemoryLeakTest' set up to track 'origin/MemoryLeakTest'.
[MemoryLeakTest b877606] DO-50 bitbucket-pipelines.yml added
 1 file changed, 53 insertions(+)
 create mode 100755 bitbucket-pipelines.yml
************* Processing for branch: develop *************
branch 'develop' set up to track 'origin/develop'.
[develop 8e12174] DO-50 bitbucket-pipelines.yml added
 1 file changed, 53 insertions(+)
 create mode 100755 bitbucket-pipelines.yml
************* Processing for branch: develop-8-feb *************
branch 'develop-8-feb' set up to track 'origin/develop-8-feb'.
[develop-8-feb 6e062e4] DO-50 bitbucket-pipelines.yml added
 1 file changed, 53 insertions(+)
 create mode 100755 bitbucket-pipelines.yml
************* Processing for branch: gps_ios *************
branch 'gps_ios' set up to track 'origin/gps_ios'.
[gps_ios 933ec7c] DO-50 bitbucket-pipelines.yml added
 1 file changed, 53 insertions(+)
 create mode 100755 bitbucket-pipelines.yml
Actioned perform on branch for repo ios are: MemoryLeakTestdevelopdevelop-8-febgps_ios  
Cleanup completed... for ios
******************************-----------******************************
working on repo vidconf_scripts ........ 
************* Processing for branch: ebin-dev *************
branch 'ebin-dev' set up to track 'origin/ebin-dev'.
[ebin-dev 18bc07e] DO-50 bitbucket-pipelines.yml added
 1 file changed, 53 insertions(+)
 create mode 100755 bitbucket-pipelines.yml
Actioned perform on branch for repo vidconf_scripts are: ebin-dev  
Cleanup completed... for vidconf_scripts
******************************-----------******************************
working on repo screencapture-extension ........ 
************* Processing for branch: desktopOnly *************
branch 'desktopOnly' set up to track 'origin/desktopOnly'.
[desktopOnly 92e0a6a] DO-50 bitbucket-pipelines.yml added
 1 file changed, 53 insertions(+)
 create mode 100755 bitbucket-pipelines.yml
************* Processing for branch: screenCaptureOnly *************
branch 'screenCaptureOnly' set up to track 'origin/screenCaptureOnly'.
[screenCaptureOnly 76e6dbe] DO-50 bitbucket-pipelines.yml added
 1 file changed, 53 insertions(+)
 create mode 100755 bitbucket-pipelines.yml
Actioned perform on branch for repo screencapture-extension are: desktopOnlyscreenCaptureOnly  
Cleanup completed... for screencapture-extension
******************************-----------******************************
working on repo internal-dashboard ........ 
************* Processing for branch: develop *************
branch 'develop' set up to track 'origin/develop'.
[develop 9a348ef] DO-50 bitbucket-pipelines.yml added
 1 file changed, 53 insertions(+)
 create mode 100755 bitbucket-pipelines.yml
Actioned perform on branch for repo internal-dashboard are: develop  
Cleanup completed... for internal-dashboard
******************************-----------******************************
working on repo xerox-integ ........ 
************* Processing for branch: ak_bug_fixes *************
branch 'ak_bug_fixes' set up to track 'origin/ak_bug_fixes'.
[ak_bug_fixes 1ba65ca] DO-50 bitbucket-pipelines.yml added
 1 file changed, 53 insertions(+)
 create mode 100755 bitbucket-pipelines.yml
************* Processing for branch: ak_logs *************
branch 'ak_logs' set up to track 'origin/ak_logs'.
[ak_logs 5dd2d0a] DO-50 bitbucket-pipelines.yml added
 1 file changed, 53 insertions(+)
 create mode 100755 bitbucket-pipelines.yml
************* Processing for branch: ak_xerox_logs *************
branch 'ak_xerox_logs' set up to track 'origin/ak_xerox_logs'.
[ak_xerox_logs 9002de3] DO-50 bitbucket-pipelines.yml added
 1 file changed, 53 insertions(+)
 create mode 100755 bitbucket-pipelines.yml
************* Processing for branch: develop *************
branch 'develop' set up to track 'origin/develop'.
[develop 494b17a] DO-50 bitbucket-pipelines.yml added
 1 file changed, 53 insertions(+)
 create mode 100755 bitbucket-pipelines.yml
************* Processing for branch: integration *************
branch 'integration' set up to track 'origin/integration'.
[integration 7577803] DO-50 bitbucket-pipelines.yml added
 1 file changed, 53 insertions(+)
 create mode 100755 bitbucket-pipelines.yml
************* Processing for branch: satyam-dev *************
branch 'satyam-dev' set up to track 'origin/satyam-dev'.
[satyam-dev a93297e] DO-50 bitbucket-pipelines.yml added
 1 file changed, 53 insertions(+)
 create mode 100755 bitbucket-pipelines.yml
************* Processing for branch: saurabh_error_handling *************
branch 'saurabh_error_handling' set up to track 'origin/saurabh_error_handling'.
[saurabh_error_handling cb113a5] DO-50 bitbucket-pipelines.yml added
 1 file changed, 53 insertions(+)
 create mode 100755 bitbucket-pipelines.yml
************* Processing for branch: saurabh_xerox *************
branch 'saurabh_xerox' set up to track 'origin/saurabh_xerox'.
[saurabh_xerox 775fe63] DO-50 bitbucket-pipelines.yml added
 1 file changed, 53 insertions(+)
 create mode 100755 bitbucket-pipelines.yml
Actioned perform on branch for repo xerox-integ are: ak_bug_fixesak_logsak_xerox_logsdevelopintegrationsatyam-devsaurabh_error_handlingsaurabh_xerox  
Cleanup completed... for xerox-integ
******************************-----------******************************
working on repo mmtoc ........ 
************* Processing for branch: develop *************
branch 'develop' set up to track 'origin/develop'.
[develop 58399f0] DO-50 bitbucket-pipelines.yml added
 1 file changed, 53 insertions(+)
 create mode 100755 bitbucket-pipelines.yml
************* Processing for branch: kundanshrivastav/administrator1065139174-deleted-online-w-1467704529242 *************
branch 'kundanshrivastav/administrator1065139174-deleted-online-w-1467704529242' set up to track 'origin/kundanshrivastav/administrator1065139174-deleted-online-w-1467704529242'.
[kundanshrivastav/administrator1065139174-deleted-online-w-1467704529242 8f4a4cc] DO-50 bitbucket-pipelines.yml added
 1 file changed, 53 insertions(+)
 create mode 100755 bitbucket-pipelines.yml
Actioned perform on branch for repo mmtoc are: developkundanshrivastav/administrator1065139174-deleted-online-w-1467704529242  
Cleanup completed... for mmtoc
******************************-----------******************************
working on repo webapp-base ........ 
Actioned perform on branch for repo webapp-base are:   
Cleanup completed... for webapp-base
******************************-----------******************************
working on repo api-automation ........ 
Actioned perform on branch for repo api-automation are:   
Cleanup completed... for api-automation
******************************-----------******************************
working on repo android ........ 
************* Processing for branch: android_0.1 *************
branch 'android_0.1' set up to track 'origin/android_0.1'.
[android_0.1 9c39d8e] DO-50 bitbucket-pipelines.yml added
 1 file changed, 53 insertions(+)
 create mode 100755 bitbucket-pipelines.yml
************* Processing for branch: develop *************
branch 'develop' set up to track 'origin/develop'.
[develop 02c55f6] DO-50 bitbucket-pipelines.yml added
 1 file changed, 53 insertions(+)
 create mode 100755 bitbucket-pipelines.yml
************* Processing for branch: gps_android *************
branch 'gps_android' set up to track 'origin/gps_android'.
[gps_android 3726944] DO-50 bitbucket-pipelines.yml added
 1 file changed, 53 insertions(+)
 create mode 100755 bitbucket-pipelines.yml
************* Processing for branch: my_branch *************
branch 'my_branch' set up to track 'origin/my_branch'.
[my_branch c36fc3e] DO-50 bitbucket-pipelines.yml added
 1 file changed, 53 insertions(+)
 create mode 100755 bitbucket-pipelines.yml
************* Processing for branch: vivek_changes *************
branch 'vivek_changes' set up to track 'origin/vivek_changes'.
[vivek_changes cfc4328] DO-50 bitbucket-pipelines.yml added
 1 file changed, 53 insertions(+)
 create mode 100755 bitbucket-pipelines.yml
************* Processing for branch: vivek_hls_changes *************
branch 'vivek_hls_changes' set up to track 'origin/vivek_hls_changes'.
[vivek_hls_changes adfc9c9] DO-50 bitbucket-pipelines.yml added
 1 file changed, 53 insertions(+)
 create mode 100755 bitbucket-pipelines.yml
************* Processing for branch: vivek_hotfix_ip_switch *************
branch 'vivek_hotfix_ip_switch' set up to track 'origin/vivek_hotfix_ip_switch'.
[vivek_hotfix_ip_switch 85d6182] DO-50 bitbucket-pipelines.yml added
 1 file changed, 53 insertions(+)
 create mode 100755 bitbucket-pipelines.yml
Actioned perform on branch for repo android are: android_0.1developgps_androidmy_branchvivek_changesvivek_hls_changesvivek_hotfix_ip_switch  
Cleanup completed... for android
******************************-----------******************************
working on repo analytics-lan-proxy ........ 
Actioned perform on branch for repo analytics-lan-proxy are:   
Cleanup completed... for analytics-lan-proxy
******************************-----------******************************
working on repo thumbnails ........ 
************* Processing for branch: ebin_dev *************
branch 'ebin_dev' set up to track 'origin/ebin_dev'.
[ebin_dev e17449b] DO-50 bitbucket-pipelines.yml added
 1 file changed, 53 insertions(+)
 create mode 100755 bitbucket-pipelines.yml
************* Processing for branch: satyam-dev *************
branch 'satyam-dev' set up to track 'origin/satyam-dev'.
[satyam-dev 22ae013] DO-50 bitbucket-pipelines.yml added
 1 file changed, 53 insertions(+)
 create mode 100755 bitbucket-pipelines.yml
Actioned perform on branch for repo thumbnails are: ebin_devsatyam-dev  
Cleanup completed... for thumbnails
******************************-----------******************************
working on repo mediarouter ........ 
Actioned perform on branch for repo mediarouter are:   
Cleanup completed... for mediarouter
******************************-----------******************************
working on repo azure-copy ........ 
Actioned perform on branch for repo azure-copy are:   
Cleanup completed... for azure-copy
******************************-----------******************************
working on repo azure-storage-service ........ 
Actioned perform on branch for repo azure-storage-service are:   
Cleanup completed... for azure-storage-service
******************************-----------******************************
working on repo azure-utils ........ 
Actioned perform on branch for repo azure-utils are:   
Cleanup completed... for azure-utils
******************************-----------******************************
working on repo mic-tyson ........ 
************* Processing for branch: develop *************
branch 'develop' set up to track 'origin/develop'.
[develop 40b9864] DO-50 bitbucket-pipelines.yml added
 1 file changed, 53 insertions(+)
 create mode 100755 bitbucket-pipelines.yml
************* Processing for branch: gps_mic *************
branch 'gps_mic' set up to track 'origin/gps_mic'.
[gps_mic bc1d044] DO-50 bitbucket-pipelines.yml added
 1 file changed, 53 insertions(+)
 create mode 100755 bitbucket-pipelines.yml
Actioned perform on branch for repo mic-tyson are: developgps_mic  
Cleanup completed... for mic-tyson
******************************-----------******************************
working on repo nlp-imp ........ 
************* Processing for branch: develop *************
branch 'develop' set up to track 'origin/develop'.
[develop 826b4ba] DO-50 bitbucket-pipelines.yml added
 1 file changed, 53 insertions(+)
 create mode 100755 bitbucket-pipelines.yml
************* Processing for branch: gps_nlp *************
branch 'gps_nlp' set up to track 'origin/gps_nlp'.
[gps_nlp 7bd3723] DO-50 bitbucket-pipelines.yml added
 1 file changed, 53 insertions(+)
 create mode 100755 bitbucket-pipelines.yml
Actioned perform on branch for repo nlp-imp are: developgps_nlp  
Cleanup completed... for nlp-imp
******************************-----------******************************
working on repo imageprocessing ........ 
************* Processing for branch: develop *************
branch 'develop' set up to track 'origin/develop'.
[develop 5f5b5bc] DO-50 bitbucket-pipelines.yml added
 1 file changed, 53 insertions(+)
 create mode 100755 bitbucket-pipelines.yml
************* Processing for branch: gps_prof2 *************
branch 'gps_prof2' set up to track 'origin/gps_prof2'.
[gps_prof2 974c7b2] DO-50 bitbucket-pipelines.yml added
 1 file changed, 53 insertions(+)
 create mode 100755 bitbucket-pipelines.yml
************* Processing for branch: praveen_prof *************
branch 'praveen_prof' set up to track 'origin/praveen_prof'.
[praveen_prof 49813e5] DO-50 bitbucket-pipelines.yml added
 1 file changed, 53 insertions(+)
 create mode 100755 bitbucket-pipelines.yml
Actioned perform on branch for repo imageprocessing are: developgps_prof2praveen_prof  
Cleanup completed... for imageprocessing
******************************-----------******************************
working on repo speechtotext ........ 
Actioned perform on branch for repo speechtotext are:   
Cleanup completed... for speechtotext
******************************-----------******************************
working on repo natural-language-processing ........ 
Actioned perform on branch for repo natural-language-processing are:   
Cleanup completed... for natural-language-processing
******************************-----------******************************
working on repo localdiagnostics ........ 
Actioned perform on branch for repo localdiagnostics are:   
Cleanup completed... for localdiagnostics
******************************-----------******************************
working on repo windows-app ........ 
************* Processing for branch: develop *************
branch 'develop' set up to track 'origin/develop'.
[develop 0581931] DO-50 bitbucket-pipelines.yml added
 1 file changed, 53 insertions(+)
 create mode 100755 bitbucket-pipelines.yml
Actioned perform on branch for repo windows-app are: develop  
Cleanup completed... for windows-app
******************************-----------******************************
working on repo terraform ........ 
************* Processing for branch: adithya *************
branch 'adithya' set up to track 'origin/adithya'.
[adithya 76cb8ff] DO-50 bitbucket-pipelines.yml added
 1 file changed, 53 insertions(+)
 create mode 100755 bitbucket-pipelines.yml
Actioned perform on branch for repo terraform are: adithya  
Cleanup completed... for terraform
******************************-----------******************************
working on repo SJA ........ 
************* Processing for branch: develop *************
branch 'develop' set up to track 'origin/develop'.
[develop 96098d9] DO-50 bitbucket-pipelines.yml added
 1 file changed, 53 insertions(+)
 create mode 100755 bitbucket-pipelines.yml
************* Processing for branch: feature/et/mp4-creation *************
branch 'feature/et/mp4-creation' set up to track 'origin/feature/et/mp4-creation'.
[feature/et/mp4-creation 8ac0b25] DO-50 bitbucket-pipelines.yml added
 1 file changed, 53 insertions(+)
 create mode 100755 bitbucket-pipelines.yml
Actioned perform on branch for repo SJA are: developfeature/et/mp4-creation  
Cleanup completed... for SJA
******************************-----------******************************
working on repo Heimdall ........ 
************* Processing for branch: Feature-Ui-RR/subjects *************
branch 'Feature-Ui-RR/subjects' set up to track 'origin/Feature-Ui-RR/subjects'.
[Feature-Ui-RR/subjects b1f7301] DO-50 bitbucket-pipelines.yml added
 1 file changed, 53 insertions(+)
 create mode 100755 bitbucket-pipelines.yml
************* Processing for branch: UI-layout-ug *************
branch 'UI-layout-ug' set up to track 'origin/UI-layout-ug'.
[UI-layout-ug 58f3ce2] DO-50 bitbucket-pipelines.yml added
 1 file changed, 53 insertions(+)
 create mode 100755 bitbucket-pipelines.yml
************* Processing for branch: UI-profile-ug *************
branch 'UI-profile-ug' set up to track 'origin/UI-profile-ug'.
[UI-profile-ug 18a5a59] DO-50 bitbucket-pipelines.yml added
 1 file changed, 53 insertions(+)
 create mode 100755 bitbucket-pipelines.yml
************* Processing for branch: develop *************
branch 'develop' set up to track 'origin/develop'.
[develop bfa0c9e] DO-50 bitbucket-pipelines.yml added
 1 file changed, 53 insertions(+)
 create mode 100755 bitbucket-pipelines.yml
Actioned perform on branch for repo Heimdall are: Feature-Ui-RR/subjectsUI-layout-ugUI-profile-ugdevelop  
Cleanup completed... for Heimdall
******************************-----------******************************
working on repo dl-service ........ 
Actioned perform on branch for repo dl-service are:   
Cleanup completed... for dl-service
******************************-----------******************************
working on repo vc-load-test ........ 
************* Processing for branch: TestNG *************
branch 'TestNG' set up to track 'origin/TestNG'.
[TestNG f03fbfe] DO-50 bitbucket-pipelines.yml added
 1 file changed, 53 insertions(+)
 create mode 100755 bitbucket-pipelines.yml
************* Processing for branch: load-test *************
branch 'load-test' set up to track 'origin/load-test'.
[load-test 97b06cb] DO-50 bitbucket-pipelines.yml added
 1 file changed, 53 insertions(+)
 create mode 100755 bitbucket-pipelines.yml
Actioned perform on branch for repo vc-load-test are: TestNGload-test  
Cleanup completed... for vc-load-test
******************************-----------******************************
working on repo bluebook-lti ........ 
Actioned perform on branch for repo bluebook-lti are:   
Cleanup completed... for bluebook-lti
******************************-----------******************************
working on repo vc-processing-trigger ........ 
Actioned perform on branch for repo vc-processing-trigger are:   
Cleanup completed... for vc-processing-trigger
Actioned perform on : idharudharimpartus-libwebrtcbi-jobvc_instance_launcheradmin-webappugcampus-content-platform-apiugcampus-content-platform-authugcampus-content-platform-staticugcampus-delivery-platform-apiugcampus-delivery-platform-authugcampus-delivery-platform-staticugcampus-delivery-platform-webappugcampus-main-mongodbugcampus-main-gatewayugcampus-content-platform-webappasgardfalkenwebappug2ugcjanushtdfullmoon-lambdasfetchvideojsvc_cpu_req_modifiervc_participants_estimatorltisync_snufilepreviewimpartus_vc_billingvpndiagnosticsdblessrecordingserviceugcservices-batch-jobltisync_dockerugcgreivancefeedelectron-packagefalken-bc-video-pullfalken_iosfalkenrepositoryassessmentsupgradchat-popupvc-event-handlerltibatchandroidvcgatewaysdknativedigitalclassroomiossdkandroid-integration-samplefalken_androiddocker-flipped-processingrecommendationmysql_connections_managervc-recordice_clientautomationugc-ssolsqdatatransferfullmoonb2ccollegeugcvc-universemoodle_pluginp2p_androidmail-templating-servicechromex47fullmoon-swbulkuploadserviceelasticsearch-vector-scoring-pluginrecservice_deployertalkonvideoconfloadrtpforwardtowowzavpn-diag-nodedeep_learningimpartus3.0devops-scriptselasticsearchindexercordova-plugin-iosrtcirsvc-prot-testflippedclassroomutility-codelticorpsiteurlshortnerscreencapturetoddlerprofessoridentificationscreencapture-serversideangularwebxcoderservicewebapp-playbookdbiosvidconf_scriptsscreencapture-extensioninternal-dashboardxerox-integmmtocwebapp-baseapi-automationandroidanalytics-lan-proxythumbnailsmediarouterazure-copyazure-storage-serviceazure-utilsmic-tysonnlp-impimageprocessingspeechtotextnatural-language-processinglocaldiagnosticswindows-appterraformSJAHeimdalldl-servicevc-load-testbluebook-ltivc-processing-trigger
